open_time,open,high,low,close,volume,close_time,quote_volume,count,taker_buy_volume,taker_buy_quote_volume,ignore
2026-04-30 23:00:00+00:00,58605.4,58720.0,58270.0,58548.7,5536.729,2026-04-30 23:59:59.999000+00:00,323655246.8,145946,2341.332,136904796.9,0
2026-05-01 00:00:00+00:00,58548.7,58991.6,57758.6,58741.7,28902.834,2026-05-01 00:59:59.999000+00:00,1687021205.0,560918,13262.39,775057828.7,0
2026-05-01 01:00:00+00:00,58741.8,59152.0,58632.4,59063.3,12017.6,2026-05-01 01:59:59.999000+00:00,708571651.2,222776,6833.58,402998821.6,0
2026-05-01 02:00:00+00:00,59063.3,59298.4,58823.9,59169.6,9833.129,2026-05-01 02:59:59.999000+00:00,580473815.8,187134,5353.504,316062495.8,0
2026-05-01 03:00:00+00:00,59169.7,59444.5,59030.9,59311.2,5966.189,2026-05-01 03:59:59.999000+00:00,353507953.3,158185,3070.098,181944640.5,0
2026-05-01 04:00:00+00:00,59311.1,59350.0,59085.0,59122.4,4463.091,2026-05-01 04:59:59.999000+00:00,264181564.3,106304,1644.253,97335689.7,0
2026-05-01 05:00:00+00:00,59122.3,59130.0,58500.1,58726.8,13792.727,2026-05-01 05:59:59.999000+00:00,810155689.0,220754,7335.504,430769695.0,0
2026-05-01 06:00:00+00:00,58726.7,58797.6,58567.2,58744.4,4204.786,2026-05-01 06:59:59.999000+00:00,246780596.3,124416,2012.794,118118506.8,0
2026-05-01 07:00:00+00:00,58744.4,58965.0,58450.7,58950.8,6346.255,2026-05-01 07:59:59.999000+00:00,372495687.6,166407,3483.921,204574606.5,0
2026-05-01 08:00:00+00:00,58950.8,59069.7,58792.8,58921.4,5253.469,2026-05-01 08:59:59.999000+00:00,309512820.0,124437,2748.313,161926376.9,0
2026-05-01 09:00:00+00:00,58921.4,58923.3,58590.9,58631.6,3734.411,2026-05-01 09:59:59.999000+00:00,219249096.2,96733,1608.758,94448841.11,0
2026-05-01 10:00:00+00:00,58631.6,58733.5,58524.2,58592.9,3608.449,2026-05-01 10:59:59.999000+00:00,211595362.6,111524,1910.476,112037155.3,0
2026-05-01 11:00:00+00:00,58592.8,58655.6,58294.1,58495.6,8651.069,2026-05-01 11:59:59.999000+00:00,505572737.1,213955,4363.106,254994845.2,0
2026-05-01 12:00:00+00:00,58495.6,59486.7,58495.5,59463.1,22483.032,2026-05-01 12:59:59.999000+00:00,1326316174.0,490560,11876.872,700594720.3,0
2026-05-01 13:00:00+00:00,59463.0,60067.9,59239.9,59523.8,29537.612,2026-05-01 13:59:59.999000+00:00,1763963133.0,540126,14859.006,887261206.9,0
2026-05-01 14:00:00+00:00,59523.7,60520.0,59496.9,60118.5,22422.372,2026-05-01 14:59:59.999000+00:00,1348687393.0,419294,12244.642,736479719.8,0
2026-05-01 15:00:00+00:00,60118.6,60244.0,59836.1,59902.8,7712.896,2026-05-01 15:59:59.999000+00:00,463053845.0,164335,3273.679,196582777.5,0
2026-05-01 16:00:00+00:00,59902.9,60218.2,59762.6,60166.5,6967.927,2026-05-01 16:59:59.999000+00:00,418302990.6,161802,3710.054,222740497.6,0
2026-05-01 17:00:00+00:00,60166.5,60278.9,59992.7,60141.5,4929.144,2026-05-01 17:59:59.999000+00:00,296427279.7,127873,2622.292,157726548.9,0
2026-05-01 18:00:00+00:00,60141.5,60332.8,59952.3,60000.0,5201.063,2026-05-01 18:59:59.999000+00:00,312753825.7,123830,2401.837,144454669.8,0
2026-05-01 19:00:00+00:00,60000.0,60170.3,59844.5,60100.3,4206.586,2026-05-01 19:59:59.999000+00:00,252272420.3,98990,2171.894,130257560.5,0
2026-05-01 20:00:00+00:00,60100.3,60827.8,60092.7,60799.9,16099.76,2026-05-01 20:59:59.999000+00:00,975263958.7,207973,10388.332,629267865.4,0
2026-05-01 21:00:00+00:00,60799.9,61322.0,60319.3,60446.3,23792.275,2026-05-01 21:59:59.999000+00:00,1447868343.0,305049,12880.811,783911836.8,0
2026-05-01 22:00:00+00:00,60446.3,60446.3,59949.2,59999.6,8275.076,2026-05-01 22:59:59.999000+00:00,497749852.3,167059,3972.394,238936239.4,0
2026-05-01 23:00:00+00:00,59999.6,60005.7,59555.0,59719.7,11009.328,2026-05-01 23:59:59.999000+00:00,658001064.4,198236,5543.616,331349719.7,0
2026-05-02 00:00:00+00:00,59719.7,60298.0,59688.9,60150.0,8878.647,2026-05-02 00:59:59.999000+00:00,532737185.8,185981,4873.4,292354510.1,0
2026-05-02 01:00:00+00:00,60150.0,60467.2,59978.3,60392.5,5419.48,2026-05-02 01:59:59.999000+00:00,326567136.3,141744,2690.732,162150522.3,0
2026-05-02 02:00:00+00:00,60392.4,61102.5,60259.1,61032.9,12526.353,2026-05-02 02:59:59.999000+00:00,760511415.0,232061,7121.36,432458798.8,0
2026-05-02 03:00:00+00:00,61032.9,61033.0,60703.1,60757.7,7263.034,2026-05-02 03:59:59.999000+00:00,441819390.0,138824,2791.261,169813845.8,0
2026-05-02 04:00:00+00:00,60757.7,60852.9,60450.0,60479.9,9042.359,2026-05-02 04:59:59.999000+00:00,548290467.8,163105,3846.067,233231151.0,0
2026-05-02 05:00:00+00:00,60480.0,60623.5,60232.6,60247.6,8467.548,2026-05-02 05:59:59.999000+00:00,511606790.4,144166,3651.611,220670118.8,0
2026-05-02 06:00:00+00:00,60247.6,60288.0,60080.9,60125.8,9344.837,2026-05-02 06:59:59.999000+00:00,562182911.4,140649,4321.92,260007110.7,0
2026-05-02 07:00:00+00:00,60125.8,60542.2,60113.5,60486.8,6198.207,2026-05-02 07:59:59.999000+00:00,374069600.1,134288,3666.823,221304025.9,0
2026-05-02 08:00:00+00:00,60486.7,61447.0,60342.5,61159.6,25607.036,2026-05-02 08:59:59.999000+00:00,1562063829.0,412522,14587.916,889951627.1,0
2026-05-02 09:00:00+00:00,61159.6,61330.0,61019.8,61238.5,9252.747,2026-05-02 09:59:59.999000+00:00,566150277.9,228665,4019.327,245885287.7,0
2026-05-02 10:00:00+00:00,61238.4,61367.3,61100.0,61329.1,12681.094,2026-05-02 10:59:59.999000+00:00,776849330.3,222937,5781.462,354157883.4,0
2026-05-02 11:00:00+00:00,61329.1,61591.1,61109.9,61507.4,18071.778,2026-05-02 11:59:59.999000+00:00,1108969610.0,354504,9126.245,560176762.5,0
2026-05-02 12:00:00+00:00,61507.3,62077.3,61472.0,61913.5,25674.18,2026-05-02 12:59:59.999000+00:00,1586755234.0,463512,13870.115,857326971.7,0
2026-05-02 13:00:00+00:00,61913.6,62180.0,61368.8,61669.8,18344.228,2026-05-02 13:59:59.999000+00:00,1132654908.0,458562,9049.473,558899149.9,0
2026-05-02 14:00:00+00:00,61669.7,61844.4,61400.0,61584.0,7696.828,2026-05-02 14:59:59.999000+00:00,474289330.6,249568,3775.389,232662150.0,0
2026-05-02 15:00:00+00:00,61584.0,61754.9,61113.8,61646.8,13879.115,2026-05-02 15:59:59.999000+00:00,852140451.7,259302,6435.153,395265123.5,0
2026-05-02 16:00:00+00:00,61646.8,61900.0,61592.8,61643.0,6139.152,2026-05-02 16:59:59.999000+00:00,379117330.8,157383,3472.865,214506014.4,0
2026-05-02 17:00:00+00:00,61643.0,61847.2,61633.7,61733.5,3075.802,2026-05-02 17:59:59.999000+00:00,189968975.6,100170,1579.753,97571761.13,0
2026-05-02 18:00:00+00:00,61733.5,61739.7,61388.1,61452.5,5108.61,2026-05-02 18:59:59.999000+00:00,314387104.8,128260,2249.807,138476096.9,0
2026-05-02 19:00:00+00:00,61452.4,61576.8,61308.3,61555.4,4121.371,2026-05-02 19:59:59.999000+00:00,253116105.6,91643,2214.592,136040567.0,0
2026-05-02 20:00:00+00:00,61555.3,61634.3,61500.0,61570.6,1957.081,2026-05-02 20:59:59.999000+00:00,120424802.0,43088,917.164,56437612.68,0
2026-05-02 21:00:00+00:00,61570.5,61570.6,61388.0,61445.0,3574.01,2026-05-02 21:59:59.999000+00:00,219797847.2,45314,931.132,57264242.94,0
2026-05-02 22:00:00+00:00,61444.9,61588.2,61333.0,61540.6,2617.247,2026-05-02 22:59:59.999000+00:00,160853077.8,71439,1463.332,89954789.98,0
2026-05-02 23:00:00+00:00,61540.5,61558.8,61229.0,61283.9,3597.556,2026-05-02 23:59:59.999000+00:00,220727922.6,114901,1773.623,108833336.0,0
2026-05-03 00:00:00+00:00,61283.9,61727.2,61261.0,61566.5,4451.238,2026-05-03 00:59:59.999000+00:00,274064180.8,155945,2358.112,145185491.8,0
2026-05-03 01:00:00+00:00,61566.6,61647.0,61271.0,61411.8,3999.381,2026-05-03 01:59:59.999000+00:00,245706947.6,110627,2075.143,127487127.4,0
2026-05-03 02:00:00+00:00,61411.9,61558.0,61300.0,61407.6,3005.736,2026-05-03 02:59:59.999000+00:00,184602791.1,80913,1583.192,97226131.23,0
2026-05-03 03:00:00+00:00,61407.5,61504.6,61300.4,61420.5,2696.433,2026-05-03 03:59:59.999000+00:00,165581031.3,71031,1469.233,90225625.13,0
2026-05-03 04:00:00+00:00,61420.5,61788.0,61403.1,61674.8,4765.665,2026-05-03 04:59:59.999000+00:00,293700503.9,111589,2474.722,152524928.5,0
2026-05-03 05:00:00+00:00,61674.7,61825.1,61584.0,61680.5,3450.463,2026-05-03 05:59:59.999000+00:00,212944668.9,84400,1732.935,106966754.8,0
2026-05-03 06:00:00+00:00,61680.6,61849.7,61634.1,61733.6,3348.266,2026-05-03 06:59:59.999000+00:00,206759579.9,75979,1532.016,94605247.19,0
2026-05-03 07:00:00+00:00,61733.7,61875.3,61525.9,61553.5,4222.917,2026-05-03 07:59:59.999000+00:00,260601375.6,105208,1968.61,121518794.9,0
2026-05-03 08:00:00+00:00,61553.6,61760.7,61480.7,61686.8,3311.924,2026-05-03 08:59:59.999000+00:00,204095123.9,95641,1770.734,109128354.7,0
2026-05-03 09:00:00+00:00,61686.9,62017.7,61640.2,61886.6,5642.212,2026-05-03 09:59:59.999000+00:00,349050556.8,121306,3264.838,201996989.6,0
2026-05-03 10:00:00+00:00,61886.5,62078.6,61808.1,61992.8,5889.006,2026-05-03 10:59:59.999000+00:00,364869322.6,124920,3101.796,192185865.3,0
2026-05-03 11:00:00+00:00,61992.8,62149.3,61841.0,61952.5,8242.179,2026-05-03 11:59:59.999000+00:00,511313621.9,147376,4628.977,287198820.4,0
2026-05-03 12:00:00+00:00,61952.6,62271.9,61910.5,62083.8,5936.24,2026-05-03 12:59:59.999000+00:00,368500717.4,140188,3053.051,189577720.8,0
2026-05-03 13:00:00+00:00,62083.9,62257.0,61653.0,62142.9,8788.007,2026-05-03 13:59:59.999000+00:00,544277616.1,203558,4262.362,264042353.2,0
2026-05-03 14:00:00+00:00,62142.9,62386.7,61778.1,61895.2,13581.616,2026-05-03 14:59:59.999000+00:00,843009662.2,223112,6667.154,413973456.9,0
2026-05-03 15:00:00+00:00,61895.2,62103.5,61877.6,62081.9,4059.255,2026-05-03 15:59:59.999000+00:00,251692659.8,93398,2417.71,149929889.2,0
2026-05-03 16:00:00+00:00,62081.9,62266.8,62036.0,62171.5,4094.585,2026-05-03 16:59:59.999000+00:00,254612278.9,90069,2023.744,125842515.9,0
2026-05-03 17:00:00+00:00,62171.5,62223.7,62087.4,62180.2,2583.154,2026-05-03 17:59:59.999000+00:00,160562887.3,65054,1267.192,78764677.72,0
2026-05-03 18:00:00+00:00,62180.3,62292.4,62120.1,62178.4,3755.875,2026-05-03 18:59:59.999000+00:00,233603970.3,83533,1894.723,117846632.0,0
2026-05-03 19:00:00+00:00,62178.4,62898.0,62151.2,62759.3,21132.14,2026-05-03 19:59:59.999000+00:00,1322688358.0,265270,12218.122,764792956.1,0
2026-05-03 20:00:00+00:00,62759.3,62957.2,62488.8,62706.8,7035.75,2026-05-03 20:59:59.999000+00:00,441158315.7,139027,3605.397,226083010.7,0
2026-05-03 21:00:00+00:00,62706.9,62726.0,62513.0,62549.3,2682.334,2026-05-03 21:59:59.999000+00:00,167924101.4,71080,1181.594,73968485.77,0
2026-05-03 22:00:00+00:00,62549.3,62688.0,62507.1,62565.5,2226.562,2026-05-03 22:59:59.999000+00:00,139377148.8,60226,1212.37,75893067.94,0
2026-05-03 23:00:00+00:00,62565.5,62925.7,62560.5,62735.1,5338.885,2026-05-03 23:59:59.999000+00:00,335145679.7,115369,3110.38,195238528.6,0
2026-05-04 00:00:00+00:00,62735.0,62735.1,62381.6,62450.0,5177.732,2026-05-04 00:59:59.999000+00:00,323590820.0,122303,2165.762,135347394.1,0
2026-05-04 01:00:00+00:00,62450.0,62556.5,62404.0,62514.0,1900.751,2026-05-04 01:59:59.999000+00:00,118765547.8,57113,980.494,61271247.05,0
2026-05-04 02:00:00+00:00,62514.1,62734.7,62460.0,62609.6,2757.48,2026-05-04 02:59:59.999000+00:00,172644328.7,71420,1518.467,95070433.46,0
2026-05-04 03:00:00+00:00,62609.6,62735.2,62568.8,62661.5,1944.821,2026-05-04 03:59:59.999000+00:00,121833329.4,58393,1029.315,64487568.92,0
2026-05-04 04:00:00+00:00,62661.6,62661.6,62395.7,62445.6,2620.858,2026-05-04 04:59:59.999000+00:00,163788811.7,61424,865.127,54072545.94,0
2026-05-04 05:00:00+00:00,62445.7,62538.6,62302.6,62473.2,2993.905,2026-05-04 05:59:59.999000+00:00,186875966.5,68203,1400.737,87440251.15,0
2026-05-04 06:00:00+00:00,62473.1,62612.6,62441.8,62549.0,2131.436,2026-05-04 06:59:59.999000+00:00,133254817.2,54945,1233.89,77141633.19,0
2026-05-04 07:00:00+00:00,62549.1,62654.1,62485.1,62528.0,2712.962,2026-05-04 07:59:59.999000+00:00,169741008.6,57937,1367.097,85548958.89,0
2026-05-04 08:00:00+00:00,62527.9,62559.3,62386.1,62466.0,1929.56,2026-05-04 08:59:59.999000+00:00,120519504.7,53756,904.154,56473879.31,0
2026-05-04 09:00:00+00:00,62466.0,62518.8,62418.3,62483.9,1203.457,2026-05-04 09:59:59.999000+00:00,75170934.79,36031,520.332,32502400.77,0
2026-05-04 10:00:00+00:00,62483.8,62545.4,62430.1,62458.7,1559.204,2026-05-04 10:59:59.999000+00:00,97416289.02,40909,823.494,51455811.09,0
2026-05-04 11:00:00+00:00,62458.6,62671.5,62458.6,62634.1,1790.061,2026-05-04 11:59:59.999000+00:00,112015259.7,49349,1077.268,67416511.31,0
2026-05-04 12:00:00+00:00,62634.0,62755.5,62509.4,62563.0,2399.918,2026-05-04 12:59:59.999000+00:00,150265410.3,63642,1187.166,74351132.33,0
2026-05-04 13:00:00+00:00,62562.9,62719.3,62562.4,62671.9,1875.0,2026-05-04 13:59:59.999000+00:00,117453868.8,59254,1045.462,65489723.01,0
2026-05-04 14:00:00+00:00,62671.8,63069.6,62666.7,62908.8,9460.185,2026-05-04 14:59:59.999000+00:00,594917648.7,199887,5827.528,366533867.8,0
2026-05-04 15:00:00+00:00,62908.7,62943.0,62752.9,62895.2,2956.899,2026-05-04 15:59:59.999000+00:00,185852974.3,86981,1481.369,93112197.5,0
2026-05-04 16:00:00+00:00,62895.2,63420.0,62769.8,63245.6,10022.122,2026-05-04 16:59:59.999000+00:00,633071910.9,182615,5913.221,373581038.3,0
2026-05-04 17:00:00+00:00,63245.5,63324.8,63070.0,63137.5,3957.615,2026-05-04 17:59:59.999000+00:00,250040159.1,94640,1761.413,111281208.6,0
2026-05-04 18:00:00+00:00,63137.5,63450.0,63090.0,63268.1,4202.383,2026-05-04 18:59:59.999000+00:00,265980535.6,84022,2196.874,139042479.1,0
2026-05-04 19:00:00+00:00,63268.0,63367.0,63128.4,63208.9,2485.99,2026-05-04 19:59:59.999000+00:00,157195895.3,69442,1173.956,74231907.78,0
2026-05-04 20:00:00+00:00,63208.8,63430.0,63172.8,63274.7,2460.986,2026-05-04 20:59:59.999000+00:00,155850929.3,54897,1268.731,80340075.2,0
2026-05-04 21:00:00+00:00,63274.6,63286.4,63129.4,63167.7,1955.701,2026-05-04 21:59:59.999000+00:00,123590428.4,50208,1007.683,63683576.17,0
2026-05-04 22:00:00+00:00,63167.7,63215.8,62902.7,63114.8,3811.613,2026-05-04 22:59:59.999000+00:00,240381259.5,92370,1690.687,106632241.8,0
2026-05-04 23:00:00+00:00,63114.9,63114.9,62824.4,62962.5,3551.601,2026-05-04 23:59:59.999000+00:00,223703701.2,86000,1358.617,85591610.08,0
2026-05-05 00:00:00+00:00,62962.6,63022.6,62762.3,62859.8,4010.604,2026-05-05 00:59:59.999000+00:00,252127298.6,91351,1789.251,112500675.5,0
2026-05-05 01:00:00+00:00,62859.8,62902.6,62549.6,62673.8,4562.372,2026-05-05 01:59:59.999000+00:00,285997874.7,106284,1974.856,123807237.3,0
2026-05-05 02:00:00+00:00,62673.7,62766.0,62626.5,62739.1,2361.782,2026-05-05 02:59:59.999000+00:00,148107735.4,61232,1200.339,75274875.81,0
2026-05-05 03:00:00+00:00,62739.1,62928.0,62680.0,62787.3,2921.002,2026-05-05 03:59:59.999000+00:00,183518861.5,68468,1708.176,107321999.7,0
2026-05-05 04:00:00+00:00,62787.0,62788.4,62628.0,62716.4,2140.339,2026-05-05 04:59:59.999000+00:00,134240102.5,56762,963.955,60460350.19,0
2026-05-05 05:00:00+00:00,62716.4,62800.0,62644.3,62749.9,1389.733,2026-05-05 05:59:59.999000+00:00,87182640.93,46408,778.868,48860335.02,0
2026-05-05 06:00:00+00:00,62749.8,63039.3,62690.5,62995.1,3714.195,2026-05-05 06:59:59.999000+00:00,233523261.4,75833,2262.315,142254266.2,0
2026-05-05 07:00:00+00:00,62995.1,63084.0,62868.0,62893.3,2742.219,2026-05-05 07:59:59.999000+00:00,172646257.2,66859,1245.456,78418499.7,0
2026-05-05 08:00:00+00:00,62893.4,62908.7,62410.1,62600.3,6542.351,2026-05-05 08:59:59.999000+00:00,409652399.9,124097,2700.665,169104710.6,0
2026-05-05 09:00:00+00:00,62600.2,62737.9,62507.2,62737.6,2252.572,2026-05-05 09:59:59.999000+00:00,141136751.7,59584,1252.596,78487185.45,0
2026-05-05 10:00:00+00:00,62737.6,62799.9,62582.3,62630.0,1774.562,2026-05-05 10:59:59.999000+00:00,111205963.9,52176,819.558,51363122.68,0
2026-05-05 11:00:00+00:00,62630.0,62752.0,62534.3,62718.2,2260.963,2026-05-05 11:59:59.999000+00:00,141665783.8,62195,1191.57,74669401.31,0
2026-05-05 12:00:00+00:00,62718.3,62797.9,62617.5,62769.9,2043.696,2026-05-05 12:59:59.999000+00:00,128191476.9,56876,964.358,60488884.43,0
2026-05-05 13:00:00+00:00,62769.9,62793.6,62621.5,62785.3,1709.374,2026-05-05 13:59:59.999000+00:00,107188033.2,55691,832.268,52191633.24,0
2026-05-05 14:00:00+00:00,62785.2,62923.7,62646.9,62711.9,4065.907,2026-05-05 14:59:59.999000+00:00,255308628.9,95570,2110.198,132519863.0,0
2026-05-05 15:00:00+00:00,62711.9,62745.6,62570.0,62612.0,3034.915,2026-05-05 15:59:59.999000+00:00,190085305.6,65643,1420.886,88992314.11,0
2026-05-05 16:00:00+00:00,62612.0,62800.0,62564.4,62601.3,2087.571,2026-05-05 16:59:59.999000+00:00,130827894.9,63801,1100.824,68997627.09,0
2026-05-05 17:00:00+00:00,62601.4,62865.0,62587.8,62787.6,1904.702,2026-05-05 17:59:59.999000+00:00,119453656.6,57549,1109.12,69565026.03,0
2026-05-05 18:00:00+00:00,62787.6,62848.5,62691.2,62744.0,1276.56,2026-05-05 18:59:59.999000+00:00,80139535.19,48966,605.902,38038344.29,0
2026-05-05 19:00:00+00:00,62744.1,62815.1,62667.5,62704.7,862.24,2026-05-05 19:59:59.999000+00:00,54095548.25,32512,355.919,22327265.61,0
2026-05-05 20:00:00+00:00,62704.8,63224.7,62580.0,63070.4,6287.574,2026-05-05 20:59:59.999000+00:00,395928282.3,123997,3637.224,229030773.2,0
2026-05-05 21:00:00+00:00,63070.4,63979.3,62976.3,63717.1,20592.411,2026-05-05 21:59:59.999000+00:00,1308712448.0,342582,12339.736,784443724.4,0
2026-05-05 22:00:00+00:00,63717.1,63990.7,63542.8,63617.1,8537.899,2026-05-05 22:59:59.999000+00:00,544300233.8,188882,4448.626,283635133.7,0
2026-05-05 23:00:00+00:00,63617.2,63760.0,63308.3,63728.4,7726.289,2026-05-05 23:59:59.999000+00:00,491020031.2,191174,4316.451,274358326.9,0
2026-05-06 00:00:00+00:00,63728.3,63900.0,63520.0,63544.2,4911.735,2026-05-06 00:59:59.999000+00:00,312965088.9,159718,2450.331,156136823.4,0
2026-05-06 01:00:00+00:00,63544.1,63644.1,63340.4,63425.1,5031.491,2026-05-06 01:59:59.999000+00:00,319315683.4,140396,2456.862,155945000.6,0
2026-05-06 02:00:00+00:00,63425.1,63478.4,63101.2,63273.0,6110.788,2026-05-06 02:59:59.999000+00:00,386406163.3,156466,2744.517,173548242.1,0
2026-05-06 03:00:00+00:00,63272.9,63368.3,63154.6,63242.9,2765.979,2026-05-06 03:59:59.999000+00:00,175003052.3,90195,1421.713,89957238.77,0
2026-05-06 04:00:00+00:00,63242.8,63242.8,62912.6,63086.0,6116.52,2026-05-06 04:59:59.999000+00:00,385759100.5,140812,2761.459,174140407.7,0
2026-05-06 05:00:00+00:00,63086.0,63125.6,62940.0,62962.6,3366.096,2026-05-06 05:59:59.999000+00:00,212131976.1,82442,1668.312,105142564.6,0
2026-05-06 06:00:00+00:00,62962.6,63102.7,62858.4,63064.5,4208.151,2026-05-06 06:59:59.999000+00:00,264962620.3,91400,2247.983,141545698.5,0
2026-05-06 07:00:00+00:00,63064.5,63226.4,62807.1,62876.1,5227.929,2026-05-06 07:59:59.999000+00:00,329402110.5,109875,2718.157,171311675.2,0
2026-05-06 08:00:00+00:00,62876.0,62893.9,62610.0,62646.6,5981.406,2026-05-06 08:59:59.999000+00:00,375110626.3,110927,2540.908,159333961.1,0
2026-05-06 09:00:00+00:00,62646.5,63019.3,62641.5,62797.6,5488.25,2026-05-06 09:59:59.999000+00:00,344911349.6,105009,3004.691,188831909.1,0
2026-05-06 10:00:00+00:00,62797.7,62979.4,62461.4,62461.4,10912.522,2026-05-06 10:59:59.999000+00:00,683990982.0,127433,2827.563,177417850.5,0
2026-05-06 11:00:00+00:00,62461.2,62467.2,61652.0,61733.6,34860.28,2026-05-06 11:59:59.999000+00:00,2161266046.0,548944,16735.405,1037492136.0,0
2026-05-06 12:00:00+00:00,61733.6,62023.8,61297.0,61751.7,25787.251,2026-05-06 12:59:59.999000+00:00,1589662998.0,499330,13398.545,826170537.5,0
2026-05-06 13:00:00+00:00,61751.7,62397.3,61679.4,62019.7,16281.511,2026-05-06 13:59:59.999000+00:00,1009860186.0,402981,8339.674,517268107.9,0
2026-05-06 14:00:00+00:00,62019.7,63531.1,62019.7,63523.1,28807.014,2026-05-06 14:59:59.999000+00:00,1809888334.0,564604,15436.88,970334199.9,0
2026-05-06 15:00:00+00:00,63523.0,63850.0,63356.8,63710.4,21207.184,2026-05-06 15:59:59.999000+00:00,1349061558.0,431627,10546.166,670949218.2,0
2026-05-06 16:00:00+00:00,63710.4,63977.9,63539.9,63565.2,11369.867,2026-05-06 16:59:59.999000+00:00,725021978.5,231027,5892.247,375849822.2,0
2026-05-06 17:00:00+00:00,63565.2,63867.5,63532.8,63675.7,4653.007,2026-05-06 17:59:59.999000+00:00,296441980.7,136575,2478.126,157886488.8,0
2026-05-06 18:00:00+00:00,63675.8,63874.4,63628.0,63709.8,3459.098,2026-05-06 18:59:59.999000+00:00,220566437.2,112476,1754.495,111876991.9,0
2026-05-06 19:00:00+00:00,63709.9,63868.0,63560.0,63798.0,3993.392,2026-05-06 19:59:59.999000+00:00,254362361.5,100388,1844.794,117482311.9,0
2026-05-06 20:00:00+00:00,63798.1,64691.9,63781.7,64475.9,17905.498,2026-05-06 20:59:59.999000+00:00,1152141686.0,336209,10849.251,698148003.0,0
2026-05-06 21:00:00+00:00,64475.9,64488.8,64129.4,64227.2,3777.611,2026-05-06 21:59:59.999000+00:00,242805455.6,115237,1788.639,114959553.9,0
2026-05-06 22:00:00+00:00,64227.2,64330.5,64002.0,64023.6,2844.93,2026-05-06 22:59:59.999000+00:00,182448483.8,88692,1164.086,74664284.55,0
2026-05-06 23:00:00+00:00,64023.5,64298.1,63981.6,64175.2,4516.091,2026-05-06 23:59:59.999000+00:00,289529261.1,139745,2450.576,157117797.2,0
2026-05-07 00:00:00+00:00,64175.1,64175.2,63738.9,63815.0,6656.918,2026-05-07 00:59:59.999000+00:00,425438387.9,181002,2753.475,175992926.8,0
2026-05-07 01:00:00+00:00,63815.0,63884.1,63257.0,63298.2,12011.75,2026-05-07 01:59:59.999000+00:00,763170312.4,197119,4765.581,302776305.9,0
2026-05-07 02:00:00+00:00,63298.2,63412.8,63122.0,63165.0,6438.175,2026-05-07 02:59:59.999000+00:00,407309308.1,148767,2897.478,183336677.3,0
2026-05-07 03:00:00+00:00,63164.9,63266.7,63030.7,63069.0,5517.363,2026-05-07 03:59:59.999000+00:00,348441400.6,112650,2509.763,158529884.8,0
2026-05-07 04:00:00+00:00,63069.0,63232.7,62745.6,63092.5,10146.888,2026-05-07 04:59:59.999000+00:00,639216097.1,155468,5178.295,326252853.9,0
2026-05-07 05:00:00+00:00,63092.4,63373.3,62954.4,63310.0,6420.153,2026-05-07 05:59:59.999000+00:00,405689105.2,119404,3584.363,226514102.0,0
2026-05-07 06:00:00+00:00,63309.9,63424.2,63050.0,63062.6,5308.971,2026-05-07 06:59:59.999000+00:00,335612324.7,108853,2290.709,144812751.8,0
2026-05-07 07:00:00+00:00,63062.7,63165.7,62958.4,63074.0,3246.141,2026-05-07 07:59:59.999000+00:00,204722673.3,81924,1528.325,96390877.87,0
2026-05-07 08:00:00+00:00,63074.0,63317.4,63030.0,63226.9,3984.997,2026-05-07 08:59:59.999000+00:00,251819958.5,81077,2134.973,134913866.8,0
2026-05-07 09:00:00+00:00,63227.0,63432.8,63185.4,63258.6,4429.345,2026-05-07 09:59:59.999000+00:00,280462896.0,96822,2211.897,140078805.4,0
2026-05-07 10:00:00+00:00,63258.6,63427.8,63080.0,63377.7,4669.388,2026-05-07 10:59:59.999000+00:00,295311351.4,107499,2259.954,142927354.9,0
2026-05-07 11:00:00+00:00,63377.8,63868.0,63365.7,63451.9,11307.971,2026-05-07 11:59:59.999000+00:00,719467423.5,211740,5789.854,368357490.2,0
2026-05-07 12:00:00+00:00,63451.8,63455.4,62960.3,63033.2,13510.125,2026-05-07 12:59:59.999000+00:00,853384197.2,354575,6379.695,403008464.6,0
2026-05-07 13:00:00+00:00,63033.3,63617.8,62638.0,63536.5,19586.851,2026-05-07 13:59:59.999000+00:00,1235250052.0,510609,9872.115,622935933.9,0
2026-05-07 14:00:00+00:00,63536.5,64096.0,63349.4,63910.0,15827.862,2026-05-07 14:59:59.999000+00:00,1009166069.0,380472,7952.303,507172568.5,0
2026-05-07 15:00:00+00:00,63910.0,64234.1,63780.3,63962.4,8485.483,2026-05-07 15:59:59.999000+00:00,542886254.2,229715,4300.035,275152347.1,0
2026-05-07 16:00:00+00:00,63962.4,64211.0,63868.2,64164.7,4437.323,2026-05-07 16:59:59.999000+00:00,284225091.3,139199,2065.063,132295352.7,0
2026-05-07 17:00:00+00:00,64164.6,64168.8,63646.5,63653.8,6767.564,2026-05-07 17:59:59.999000+00:00,432398766.3,160547,2744.406,175322764.9,0
2026-05-07 18:00:00+00:00,63653.6,63873.2,63351.4,63794.9,8996.679,2026-05-07 18:59:59.999000+00:00,572293562.3,209837,5051.668,321353628.2,0
2026-05-07 19:00:00+00:00,63794.9,63874.6,63588.5,63668.3,2860.895,2026-05-07 19:59:59.999000+00:00,182297647.4,78815,1300.019,82846053.58,0
2026-05-07 20:00:00+00:00,63668.4,63839.9,63264.0,63399.5,5782.613,2026-05-07 20:59:59.999000+00:00,367002836.8,121571,2727.828,173128457.0,0
2026-05-07 21:00:00+00:00,63399.5,63635.4,63177.0,63514.9,3966.559,2026-05-07 21:59:59.999000+00:00,251550232.6,109643,1999.268,126836161.6,0
2026-05-07 22:00:00+00:00,63514.9,63679.5,63288.0,63335.4,2329.733,2026-05-07 22:59:59.999000+00:00,147936052.4,59649,1126.945,71572735.29,0
2026-05-07 23:00:00+00:00,63335.4,63740.2,63274.1,63585.9,3564.601,2026-05-07 23:59:59.999000+00:00,226464864.9,104433,1872.817,118973885.0,0
2026-05-08 00:00:00+00:00,63585.9,63624.0,62883.6,63003.7,8120.007,2026-05-08 00:59:59.999000+00:00,512605074.9,187652,3304.949,208638943.0,0
2026-05-08 01:00:00+00:00,63003.7,63037.1,62466.9,62951.3,13015.007,2026-05-08 01:59:59.999000+00:00,817228551.0,253115,6144.78,385962635.9,0
2026-05-08 02:00:00+00:00,62951.4,63067.9,62666.0,62741.0,4155.352,2026-05-08 02:59:59.999000+00:00,261351609.1,113157,1878.392,118160211.6,0
2026-05-08 03:00:00+00:00,62741.0,62873.3,62643.6,62767.3,3191.098,2026-05-08 03:59:59.999000+00:00,200286116.9,101574,1629.474,102278079.3,0
2026-05-08 04:00:00+00:00,62766.9,62851.2,62520.4,62613.8,4053.867,2026-05-08 04:59:59.999000+00:00,254079122.2,105031,1856.559,116367092.3,0
2026-05-08 05:00:00+00:00,62613.8,62718.2,62434.9,62628.5,5098.065,2026-05-08 05:59:59.999000+00:00,318983985.0,137700,2515.365,157406158.5,0
2026-05-08 06:00:00+00:00,62628.5,62867.7,62519.3,62854.1,5614.701,2026-05-08 06:59:59.999000+00:00,352244755.6,121550,3221.175,202090136.3,0
2026-05-08 07:00:00+00:00,62854.1,62921.8,61821.0,61989.8,24133.055,2026-05-08 07:59:59.999000+00:00,1500821368.0,461548,11450.246,711869028.9,0
2026-05-08 08:00:00+00:00,61989.8,62142.9,61708.2,62031.7,11392.528,2026-05-08 08:59:59.999000+00:00,705627445.0,229528,5597.421,346731762.6,0
2026-05-08 09:00:00+00:00,62031.8,62164.7,61876.0,62149.8,5056.481,2026-05-08 09:59:59.999000+00:00,313681188.9,106505,2658.427,164936144.7,0
2026-05-08 10:00:00+00:00,62149.9,62366.0,62025.2,62270.0,5367.666,2026-05-08 10:59:59.999000+00:00,333907930.2,127866,2762.036,171838070.5,0
2026-05-08 11:00:00+00:00,62270.0,62394.1,61933.0,61933.9,5991.213,2026-05-08 11:59:59.999000+00:00,372465889.4,129510,2597.105,161489790.0,0
2026-05-08 12:00:00+00:00,61933.9,62073.6,61615.0,61923.0,12545.108,2026-05-08 12:59:59.999000+00:00,775902020.2,285917,6147.518,380268470.4,0
2026-05-08 13:00:00+00:00,61922.9,62151.9,61686.7,61865.5,10860.112,2026-05-08 13:59:59.999000+00:00,672644807.3,317922,5675.72,351615108.7,0
2026-05-08 14:00:00+00:00,61865.6,61900.5,61520.0,61674.5,9713.099,2026-05-08 14:59:59.999000+00:00,598816315.8,226207,4601.061,283697040.7,0
2026-05-08 15:00:00+00:00,61674.6,62129.8,61666.0,62086.4,7113.853,2026-05-08 15:59:59.999000+00:00,440344735.3,181362,3915.875,242409142.5,0
2026-05-08 16:00:00+00:00,62086.3,62372.7,62005.2,62086.5,6899.963,2026-05-08 16:59:59.999000+00:00,429203915.9,143503,3781.376,235227681.5,0
2026-05-08 17:00:00+00:00,62086.4,62331.0,62014.1,62158.8,3724.733,2026-05-08 17:59:59.999000+00:00,231590779.8,122641,1905.597,118491288.0,0
2026-05-08 18:00:00+00:00,62158.9,62270.4,62043.0,62251.9,2519.071,2026-05-08 18:59:59.999000+00:00,156607497.9,100097,1229.108,76415054.75,0
2026-05-08 19:00:00+00:00,62251.9,62287.1,62051.2,62076.2,2354.879,2026-05-08 19:59:59.999000+00:00,146393782.7,73568,998.299,62060008.29,0
2026-05-08 20:00:00+00:00,62076.2,62226.4,61926.9,62162.4,4462.192,2026-05-08 20:59:59.999000+00:00,276952429.8,105446,2065.152,128191674.8,0
2026-05-08 21:00:00+00:00,62162.4,62331.8,62144.4,62303.5,2226.252,2026-05-08 21:59:59.999000+00:00,138570556.4,69257,1175.735,73190150.53,0
2026-05-08 22:00:00+00:00,62303.5,62320.6,62139.3,62255.3,1922.822,2026-05-08 22:59:59.999000+00:00,119665700.7,62133,917.592,57114073.44,0
2026-05-08 23:00:00+00:00,62255.1,62284.4,62025.4,62101.8,3023.797,2026-05-08 23:59:59.999000+00:00,187920578.4,101766,1431.198,88943322.48,0
2026-05-09 00:00:00+00:00,62101.8,62620.2,61796.1,61882.2,10363.949,2026-05-09 00:59:59.999000+00:00,645081589.1,241238,4932.865,307248841.4,0
2026-05-09 01:00:00+00:00,61882.2,62098.0,61666.0,61753.7,4989.881,2026-05-09 01:59:59.999000+00:00,308759332.2,151301,2336.858,144631468.7,0
2026-05-09 02:00:00+00:00,61753.8,62042.7,61693.1,61943.1,3408.734,2026-05-09 02:59:59.999000+00:00,210865907.9,115467,1758.335,108768298.4,0
2026-05-09 03:00:00+00:00,61943.2,62427.7,61929.0,62420.4,5177.524,2026-05-09 03:59:59.999000+00:00,322055438.4,117845,2954.037,183802789.4,0
2026-05-09 04:00:00+00:00,62420.3,62599.6,62204.9,62565.8,7762.964,2026-05-09 04:59:59.999000+00:00,484493501.5,154693,3872.845,241750340.9,0
2026-05-09 05:00:00+00:00,62565.8,62958.0,62452.1,62934.0,10744.759,2026-05-09 05:59:59.999000+00:00,673988106.3,182495,6165.693,386825137.7,0
2026-05-09 06:00:00+00:00,62933.9,63286.5,62774.5,62973.7,11947.227,2026-05-09 06:59:59.999000+00:00,752426558.8,219021,6081.965,383137007.0,0
2026-05-09 07:00:00+00:00,62973.6,63083.9,62822.8,62872.6,4400.093,2026-05-09 07:59:59.999000+00:00,276998939.8,105011,2044.305,128712908.9,0
2026-05-09 08:00:00+00:00,62872.6,62980.4,62753.1,62925.0,3618.009,2026-05-09 08:59:59.999000+00:00,227413729.9,100176,1781.957,112025776.1,0
2026-05-09 09:00:00+00:00,62925.0,63030.5,62653.8,62757.2,3716.851,2026-05-09 09:59:59.999000+00:00,233524278.4,97693,1707.865,107325383.4,0
2026-05-09 10:00:00+00:00,62757.2,62804.8,62583.4,62756.0,5140.324,2026-05-09 10:59:59.999000+00:00,322173815.9,113918,2401.65,150542405.3,0
2026-05-09 11:00:00+00:00,62755.9,62934.3,62428.5,62583.3,19486.3,2026-05-09 11:59:59.999000+00:00,1221803946.0,281228,9944.542,623615678.2,0
2026-05-09 12:00:00+00:00,62583.3,63215.0,62490.2,62999.9,9489.196,2026-05-09 12:59:59.999000+00:00,596259370.0,300061,5478.984,344309292.0,0
2026-05-09 13:00:00+00:00,63000.0,63117.9,62620.1,62982.5,7113.788,2026-05-09 13:59:59.999000+00:00,447038874.4,274898,3399.535,213670272.5,0
2026-05-09 14:00:00+00:00,62982.4,63233.0,62782.5,62835.4,6941.238,2026-05-09 14:59:59.999000+00:00,437431388.4,208781,3505.689,220966273.5,0
2026-05-09 15:00:00+00:00,62835.4,62969.3,62525.2,62670.7,5324.178,2026-05-09 15:59:59.999000+00:00,333897601.3,151512,2702.442,169506760.1,0
2026-05-09 16:00:00+00:00,62670.7,63146.0,62640.2,63114.7,5492.868,2026-05-09 16:59:59.999000+00:00,345716597.5,135962,2772.293,174463941.6,0
2026-05-09 17:00:00+00:00,63114.8,63484.9,63041.9,63199.8,10034.92,2026-05-09 17:59:59.999000+00:00,635329710.1,194308,5542.98,350967882.3,0
2026-05-09 18:00:00+00:00,63199.9,63365.0,63130.0,63222.9,2981.368,2026-05-09 18:59:59.999000+00:00,188521301.6,101712,1701.668,107601637.1,0
2026-05-09 19:00:00+00:00,63222.9,63300.0,63148.1,63288.7,1854.485,2026-05-09 19:59:59.999000+00:00,117259595.8,62210,801.058,50652067.9,0
2026-05-09 20:00:00+00:00,63288.8,63371.7,63162.7,63248.9,1886.986,2026-05-09 20:59:59.999000+00:00,119390605.7,52460,888.323,56206401.81,0
2026-05-09 21:00:00+00:00,63249.0,63395.9,63180.9,63186.1,2732.059,2026-05-09 21:59:59.999000+00:00,172896915.1,69908,1448.615,91685711.4,0
2026-05-09 22:00:00+00:00,63186.2,63299.9,63032.2,63197.0,3222.795,2026-05-09 22:59:59.999000+00:00,203614815.9,89534,1513.061,95605324.39,0
2026-05-09 23:00:00+00:00,63197.1,63239.2,62897.0,63085.3,4961.377,2026-05-09 23:59:59.999000+00:00,312823677.6,130844,2309.422,145645737.0,0
2026-05-10 00:00:00+00:00,63085.3,63938.8,62931.7,63726.6,11961.053,2026-05-10 00:59:59.999000+00:00,760820261.8,231383,7274.574,462621383.7,0
2026-05-10 01:00:00+00:00,63726.7,64022.0,63662.6,63935.0,7618.357,2026-05-10 01:59:59.999000+00:00,486486852.3,168582,4079.943,260581960.0,0
2026-05-10 02:00:00+00:00,63935.0,64019.7,63789.0,63917.2,4041.922,2026-05-10 02:59:59.999000+00:00,258238714.9,94066,2011.753,128533171.4,0
2026-05-10 03:00:00+00:00,63917.3,64168.0,63826.4,64019.3,6097.263,2026-05-10 03:59:59.999000+00:00,390358608.3,120316,3280.043,210013500.4,0
2026-05-10 04:00:00+00:00,64019.2,64185.0,63915.0,64090.0,4203.902,2026-05-10 04:59:59.999000+00:00,269248396.3,89245,2256.919,144549288.4,0
2026-05-10 05:00:00+00:00,64089.9,64138.7,63804.4,63832.8,4672.326,2026-05-10 05:59:59.999000+00:00,298626688.3,82733,1848.848,118181357.2,0
2026-05-10 06:00:00+00:00,63832.8,63980.0,63765.5,63956.1,4743.281,2026-05-10 06:59:59.999000+00:00,303053043.6,75427,2621.44,167494943.7,0
2026-05-10 07:00:00+00:00,63956.1,64387.9,63949.1,64211.4,12036.605,2026-05-10 07:59:59.999000+00:00,772820289.2,181580,7116.418,456883819.7,0
2026-05-10 08:00:00+00:00,64211.5,64459.9,64065.7,64360.4,8387.949,2026-05-10 08:59:59.999000+00:00,539460910.1,153254,5144.873,330821239.3,0
2026-05-10 09:00:00+00:00,64360.4,64478.3,64244.6,64374.0,4417.956,2026-05-10 09:59:59.999000+00:00,284371260.2,99046,2212.711,142442831.3,0
2026-05-10 10:00:00+00:00,64374.0,64450.3,64309.0,64394.2,2719.427,2026-05-10 10:59:59.999000+00:00,175089413.5,76012,1304.701,84006902.97,0
2026-05-10 11:00:00+00:00,64394.2,64587.9,64236.3,64258.9,6480.494,2026-05-10 11:59:59.999000+00:00,417506094.8,129285,3630.886,233976075.8,0
2026-05-10 12:00:00+00:00,64258.9,64680.0,64127.0,64453.7,9691.781,2026-05-10 12:59:59.999000+00:00,623987622.0,219930,5453.845,351224100.2,0
2026-05-10 13:00:00+00:00,64453.6,64491.8,63768.0,63897.9,13660.447,2026-05-10 13:59:59.999000+00:00,875129819.9,329383,6832.191,437725412.8,0
2026-05-10 14:00:00+00:00,63897.9,64196.1,63875.5,64018.7,5262.22,2026-05-10 14:59:59.999000+00:00,336862734.7,159705,2928.894,187482900.8,0
2026-05-10 15:00:00+00:00,64018.7,64208.1,63802.4,64118.9,4431.076,2026-05-10 15:59:59.999000+00:00,283584579.0,134138,2210.977,141529164.5,0
2026-05-10 16:00:00+00:00,64118.9,64139.6,63803.6,63804.0,2988.902,2026-05-10 16:59:59.999000+00:00,191056389.2,90040,1436.016,91788320.02,0
2026-05-10 17:00:00+00:00,63804.1,63990.0,63718.1,63792.0,2758.665,2026-05-10 17:59:59.999000+00:00,176127376.0,80542,1380.189,88126646.02,0
2026-05-10 18:00:00+00:00,63792.0,64029.9,63755.8,63900.4,3498.343,2026-05-10 18:59:59.999000+00:00,223598396.8,86721,1796.478,114819442.5,0
2026-05-10 19:00:00+00:00,63900.4,63909.2,63619.9,63820.0,6698.936,2026-05-10 19:59:59.999000+00:00,427242417.6,93726,2604.457,166098046.1,0
2026-05-10 20:00:00+00:00,63820.1,64086.4,63813.6,63987.6,2417.892,2026-05-10 20:59:59.999000+00:00,154641875.3,52368,1315.259,84114002.05,0
2026-05-10 21:00:00+00:00,63987.7,64142.7,63953.9,64089.9,2814.802,2026-05-10 21:59:59.999000+00:00,180374091.3,45468,1070.821,68612229.3,0
2026-05-10 22:00:00+00:00,64089.8,64176.9,63989.2,64129.5,2223.081,2026-05-10 22:59:59.999000+00:00,142491977.6,49565,1136.4,72844961.92,0
2026-05-10 23:00:00+00:00,64129.5,64137.1,64000.0,64090.1,1731.884,2026-05-10 23:59:59.999000+00:00,110968286.3,44277,655.386,41990992.58,0
2026-05-11 00:00:00+00:00,64090.1,64288.7,63969.9,63979.2,2766.132,2026-05-11 00:59:59.999000+00:00,177363200.3,72963,1362.867,87408680.32,0
2026-05-11 01:00:00+00:00,63979.1,64137.8,63950.1,64130.5,1433.009,2026-05-11 01:59:59.999000+00:00,91762429.3,44381,727.196,46568250.5,0
2026-05-11 02:00:00+00:00,64130.5,64169.1,64037.4,64117.2,1351.12,2026-05-11 02:59:59.999000+00:00,86634518.22,40841,662.936,42507477.47,0
2026-05-11 03:00:00+00:00,64117.2,64182.0,64047.2,64123.4,1026.864,2026-05-11 03:59:59.999000+00:00,65835720.61,33472,461.796,29607904.56,0
2026-05-11 04:00:00+00:00,64123.4,64198.8,64085.2,64141.6,1652.038,2026-05-11 04:59:59.999000+00:00,105971607.5,44398,862.148,55301249.96,0
2026-05-11 05:00:00+00:00,64141.6,64250.0,64091.6,64186.7,1422.943,2026-05-11 05:59:59.999000+00:00,91342885.01,37441,748.921,48075613.04,0
2026-05-11 06:00:00+00:00,64186.7,64224.0,64120.6,64132.6,1227.267,2026-05-11 06:59:59.999000+00:00,78753415.2,30300,502.727,32258527.11,0
2026-05-11 07:00:00+00:00,64132.6,64280.0,64123.0,64239.6,1627.259,2026-05-11 07:59:59.999000+00:00,104488434.3,40813,1000.052,64211309.6,0
2026-05-11 08:00:00+00:00,64239.6,64272.7,64129.0,64143.0,1347.449,2026-05-11 08:59:59.999000+00:00,86499767.42,34118,648.823,41655221.27,0
2026-05-11 09:00:00+00:00,64143.1,64185.0,64110.2,64163.9,1266.216,2026-05-11 09:59:59.999000+00:00,81218547.45,30566,563.734,36160238.33,0
2026-05-11 10:00:00+00:00,64163.9,64192.8,64146.3,64176.0,761.804,2026-05-11 10:59:59.999000+00:00,48882727.94,22086,413.416,26527941.99,0
2026-05-11 11:00:00+00:00,64176.1,64207.0,64112.0,64168.4,1196.286,2026-05-11 11:59:59.999000+00:00,76746959.42,30861,573.558,36797056.49,0
2026-05-11 12:00:00+00:00,64168.5,64245.4,64144.4,64213.9,1495.498,2026-05-11 12:59:59.999000+00:00,96003858.63,36465,779.223,50022590.73,0
2026-05-11 13:00:00+00:00,64213.9,64497.4,64213.9,64321.0,4280.166,2026-05-11 13:59:59.999000+00:00,275498049.6,82656,2527.908,162704432.0,0
2026-05-11 14:00:00+00:00,64321.0,64461.4,63668.8,64139.0,11703.971,2026-05-11 14:59:59.999000+00:00,750286690.9,182438,4501.178,288721079.7,0
2026-05-11 15:00:00+00:00,64139.1,64245.3,64050.4,64148.2,2521.736,2026-05-11 15:59:59.999000+00:00,161731089.5,83349,1276.027,81845415.84,0
2026-05-11 16:00:00+00:00,64148.1,64375.8,64133.4,64289.8,2299.591,2026-05-11 16:59:59.999000+00:00,147829268.7,59293,1283.002,82468024.51,0
2026-05-11 17:00:00+00:00,64289.8,64368.6,64258.1,64299.7,1059.229,2026-05-11 17:59:59.999000+00:00,68112883.63,39170,515.208,33131020.95,0
2026-05-11 18:00:00+00:00,64299.7,64313.1,64205.7,64262.0,899.66,2026-05-11 18:59:59.999000+00:00,57804375.02,29994,383.838,24663148.68,0
2026-05-11 19:00:00+00:00,64261.9,64438.9,64261.9,64353.2,1218.353,2026-05-11 19:59:59.999000+00:00,78405765.25,32607,764.833,49221136.36,0
2026-05-11 20:00:00+00:00,64353.3,64404.7,64310.0,64325.5,906.265,2026-05-11 20:59:59.999000+00:00,58312769.46,23391,375.283,24149197.69,0
2026-05-11 21:00:00+00:00,64325.5,64405.2,64110.5,64169.1,2214.267,2026-05-11 21:59:59.999000+00:00,142241953.5,61457,962.766,61852757.67,0
2026-05-11 22:00:00+00:00,64169.1,64223.2,63776.0,63783.0,6265.888,2026-05-11 22:59:59.999000+00:00,400480391.9,139678,2721.142,173929971.6,0
2026-05-11 23:00:00+00:00,63783.1,63884.9,63657.4,63802.9,4816.995,2026-05-11 23:59:59.999000+00:00,307231271.8,127261,2522.698,160918256.3,0
2026-05-12 00:00:00+00:00,63802.9,64146.2,63783.0,64106.0,3478.097,2026-05-12 00:59:59.999000+00:00,222602612.3,87701,1903.507,121824011.0,0
2026-05-12 01:00:00+00:00,64106.0,64112.7,64002.0,64049.2,1748.455,2026-05-12 01:59:59.999000+00:00,112007115.8,48954,711.352,45568911.98,0
2026-05-12 02:00:00+00:00,64049.2,64217.8,64002.9,64201.8,2142.993,2026-05-12 02:59:59.999000+00:00,137442545.3,59739,1293.321,82956595.58,0
2026-05-12 03:00:00+00:00,64201.9,64238.0,63912.5,63974.3,2506.065,2026-05-12 03:59:59.999000+00:00,160522748.5,68824,1123.819,71995579.22,0
2026-05-12 04:00:00+00:00,63974.2,63998.6,63867.0,63938.0,1922.293,2026-05-12 04:59:59.999000+00:00,122883759.2,40326,834.438,53345142.06,0
2026-05-12 05:00:00+00:00,63938.0,63938.0,63602.8,63728.7,5247.13,2026-05-12 05:59:59.999000+00:00,334410136.4,100898,2546.681,162294861.0,0
2026-05-12 06:00:00+00:00,63728.6,63879.0,63708.2,63856.4,1638.415,2026-05-12 06:59:59.999000+00:00,104553242.8,40994,969.429,61860997.57,0
2026-05-12 07:00:00+00:00,63856.4,64083.7,63854.1,63951.6,2612.699,2026-05-12 07:59:59.999000+00:00,167142047.9,60126,1284.712,82181863.21,0
2026-05-12 08:00:00+00:00,63951.6,64024.4,63730.7,63930.0,3030.6,2026-05-12 08:59:59.999000+00:00,193596003.9,68466,1460.428,93276973.54,0
2026-05-12 09:00:00+00:00,63930.1,63930.1,63807.3,63838.9,1174.004,2026-05-12 09:59:59.999000+00:00,74975885.08,38815,519.159,33153418.58,0
2026-05-12 10:00:00+00:00,63838.9,64012.8,63796.3,63993.8,1872.65,2026-05-12 10:59:59.999000+00:00,119736203.8,49093,1097.642,70185231.81,0
2026-05-12 11:00:00+00:00,63993.8,64118.5,63946.0,63998.4,2403.082,2026-05-12 11:59:59.999000+00:00,153881206.6,56241,1448.586,92768850.69,0
2026-05-12 12:00:00+00:00,63998.5,64073.4,63959.3,63997.3,1262.062,2026-05-12 12:59:59.999000+00:00,80791254.06,39432,614.28,39325053.15,0
2026-05-12 13:00:00+00:00,63997.3,64271.9,63928.0,64175.0,2804.565,2026-05-12 13:59:59.999000+00:00,179791750.5,72058,1625.038,104201238.4,0
2026-05-12 14:00:00+00:00,64175.0,64238.9,64091.5,64149.9,2903.188,2026-05-12 14:59:59.999000+00:00,186253969.4,71549,1313.69,84283112.79,0
2026-05-12 15:00:00+00:00,64150.0,64184.8,64013.0,64146.8,2987.458,2026-05-12 15:59:59.999000+00:00,191480542.6,70455,1281.309,82127214.59,0
2026-05-12 16:00:00+00:00,64146.7,64146.8,63983.1,64050.3,1096.969,2026-05-12 16:59:59.999000+00:00,70299105.12,42845,496.647,31830040.22,0
2026-05-12 17:00:00+00:00,64050.2,64126.6,63985.1,64124.6,1249.778,2026-05-12 17:59:59.999000+00:00,80045202.49,44965,563.396,36086039.85,0
2026-05-12 18:00:00+00:00,64124.7,64248.0,64114.9,64201.9,1298.912,2026-05-12 18:59:59.999000+00:00,83354119.68,40078,749.587,48103485.56,0
2026-05-12 19:00:00+00:00,64202.0,64227.4,64141.6,64168.5,878.789,2026-05-12 19:59:59.999000+00:00,56396545.49,33539,345.928,22199858.34,0
2026-05-12 20:00:00+00:00,64168.5,64207.4,63856.3,63889.6,2630.665,2026-05-12 20:59:59.999000+00:00,168357621.3,68804,1127.242,72147809.09,0
2026-05-12 21:00:00+00:00,63889.5,63895.8,63634.1,63855.0,6060.141,2026-05-12 21:59:59.999000+00:00,386356987.7,139036,2842.311,181217227.2,0
2026-05-12 22:00:00+00:00,63855.0,63883.6,63693.0,63750.0,2325.941,2026-05-12 22:59:59.999000+00:00,148325196.8,78845,1187.937,75756171.5,0
2026-05-12 23:00:00+00:00,63749.9,64411.8,63538.0,64041.8,16536.408,2026-05-12 23:59:59.999000+00:00,1057582458.0,356490,8064.614,515963091.7,0
2026-05-13 00:00:00+00:00,64041.8,64044.0,63366.0,63382.1,12315.44,2026-05-13 00:59:59.999000+00:00,783999328.8,264513,5519.01,351423559.4,0
2026-05-13 01:00:00+00:00,63382.1,63527.6,63204.0,63344.8,7882.245,2026-05-13 01:59:59.999000+00:00,499532315.2,216482,4102.061,259996244.3,0
2026-05-13 02:00:00+00:00,63344.9,63362.4,62705.0,62780.2,15709.528,2026-05-13 02:59:59.999000+00:00,988765953.7,292773,6832.73,430039575.5,0
2026-05-13 03:00:00+00:00,62780.1,62884.8,62592.1,62649.8,6758.166,2026-05-13 03:59:59.999000+00:00,423971882.5,141401,3399.097,213277483.1,0
2026-05-13 04:00:00+00:00,62649.7,62880.0,62434.9,62764.1,8371.052,2026-05-13 04:59:59.999000+00:00,524555305.1,168359,3988.282,250017778.6,0
2026-05-13 05:00:00+00:00,62764.1,62848.2,62675.0,62766.6,2684.94,2026-05-13 05:59:59.999000+00:00,168535013.1,77469,1516.223,95176582.98,0
2026-05-13 06:00:00+00:00,62766.6,63030.0,62719.4,62952.7,6413.166,2026-05-13 06:59:59.999000+00:00,403514850.3,112056,3598.088,226379155.9,0
2026-05-13 07:00:00+00:00,62952.8,63260.0,62902.5,63174.9,5653.085,2026-05-13 07:59:59.999000+00:00,356580411.1,111608,2975.79,187710744.7,0
2026-05-13 08:00:00+00:00,63174.9,63179.3,63064.4,63074.0,3292.544,2026-05-13 08:59:59.999000+00:00,207732683.2,52064,1153.111,72752241.49,0
2026-05-13 09:00:00+00:00,63074.0,63130.9,62834.4,62844.6,9350.106,2026-05-13 09:59:59.999000+00:00,589112851.5,81279,2968.688,186994289.7,0
2026-05-13 10:00:00+00:00,62844.7,63116.1,62844.7,62881.3,4701.727,2026-05-13 10:59:59.999000+00:00,296170007.2,79063,2440.473,153713268.0,0
2026-05-13 11:00:00+00:00,62881.4,62970.7,62531.0,62597.9,8803.456,2026-05-13 11:59:59.999000+00:00,552036473.0,155106,4089.709,256417138.3,0
2026-05-13 12:00:00+00:00,62597.9,62752.4,62141.2,62300.1,18486.59,2026-05-13 12:59:59.999000+00:00,1153858864.0,348592,9111.742,568680673.1,0
2026-05-13 13:00:00+00:00,62300.1,62777.0,62061.3,62770.3,15429.637,2026-05-13 13:59:59.999000+00:00,963818370.0,347528,7688.131,480390908.7,0
2026-05-13 14:00:00+00:00,62770.2,62965.0,62543.5,62596.6,9348.486,2026-05-13 14:59:59.999000+00:00,586469053.3,182083,4521.343,283649143.3,0
2026-05-13 15:00:00+00:00,62596.7,62614.5,62183.9,62258.0,8644.969,2026-05-13 15:59:59.999000+00:00,539028982.1,181290,4035.481,251574391.4,0
2026-05-13 16:00:00+00:00,62258.0,62347.2,61877.0,61877.0,8894.99,2026-05-13 16:59:59.999000+00:00,552117880.7,179606,3837.259,238274945.5,0
2026-05-13 17:00:00+00:00,61877.1,62077.6,61806.0,61997.3,7281.929,2026-05-13 17:59:59.999000+00:00,451024636.9,152020,4009.499,248358063.1,0
2026-05-13 18:00:00+00:00,61997.4,62267.0,61962.5,62258.0,4034.752,2026-05-13 18:59:59.999000+00:00,250609787.1,93564,2180.354,135463518.2,0
2026-05-13 19:00:00+00:00,62257.9,62299.0,62020.0,62179.3,3539.601,2026-05-13 19:59:59.999000+00:00,220050511.4,75810,1594.707,99140489.36,0
2026-05-13 20:00:00+00:00,62179.3,62192.1,61868.0,62034.1,3364.102,2026-05-13 20:59:59.999000+00:00,208591787.2,73141,1323.663,82082882.32,0
2026-05-13 21:00:00+00:00,62034.0,62199.0,61883.1,61897.9,3177.324,2026-05-13 21:59:59.999000+00:00,197203723.2,82324,1517.555,94183403.99,0
2026-05-13 22:00:00+00:00,61897.9,62333.4,61854.5,62307.0,5107.98,2026-05-13 22:59:59.999000+00:00,317374167.5,104335,3171.142,197043220.2,0
2026-05-13 23:00:00+00:00,62307.0,62639.3,62240.9,62520.7,5906.236,2026-05-13 23:59:59.999000+00:00,368615976.3,154084,3368.62,210254840.5,0
2026-05-14 00:00:00+00:00,62520.7,62614.2,62427.0,62505.2,3019.814,2026-05-14 00:59:59.999000+00:00,188745944.5,101278,1519.943,95003269.2,0
2026-05-14 01:00:00+00:00,62505.2,62610.0,62286.9,62516.8,3512.258,2026-05-14 01:59:59.999000+00:00,219376182.3,89788,1679.425,104914521.3,0
2026-05-14 02:00:00+00:00,62516.8,62576.2,62279.0,62538.2,3341.315,2026-05-14 02:59:59.999000+00:00,208572397.4,86891,1500.97,93695293.9,0
2026-05-14 03:00:00+00:00,62538.3,62744.4,62511.0,62713.6,3346.574,2026-05-14 03:59:59.999000+00:00,209652575.5,83216,1884.532,118065848.1,0
2026-05-14 04:00:00+00:00,62713.6,62848.0,62669.4,62699.9,3751.791,2026-05-14 04:59:59.999000+00:00,235465697.4,88374,1780.549,111754340.1,0
2026-05-14 05:00:00+00:00,62699.9,62752.0,62537.0,62600.1,3174.255,2026-05-14 05:59:59.999000+00:00,198858941.8,73581,1432.394,89738372.97,0
2026-05-14 06:00:00+00:00,62600.1,62633.0,62489.7,62529.7,2683.89,2026-05-14 06:59:59.999000+00:00,167918604.1,71118,1289.515,80679401.13,0
2026-05-14 07:00:00+00:00,62529.7,62780.0,62458.3,62680.1,3017.401,2026-05-14 07:59:59.999000+00:00,189000321.8,72931,1631.157,102176293.3,0
2026-05-14 08:00:00+00:00,62680.1,62721.2,62502.3,62604.2,2286.405,2026-05-14 08:59:59.999000+00:00,143146597.9,60934,1082.051,67743112.88,0
2026-05-14 09:00:00+00:00,62604.2,62880.0,62577.5,62767.5,3460.434,2026-05-14 09:59:59.999000+00:00,217136531.4,87171,1891.624,118700302.0,0
2026-05-14 10:00:00+00:00,62767.6,62896.0,62680.7,62810.3,3168.243,2026-05-14 10:59:59.999000+00:00,198987453.3,80404,1519.115,95421742.51,0
2026-05-14 11:00:00+00:00,62810.3,63956.0,62756.5,63935.2,42323.953,2026-05-14 11:59:59.999000+00:00,2685557078.0,558669,22853.25,1449979903.0,0
2026-05-14 12:00:00+00:00,63935.2,64162.2,63666.0,63802.8,18520.356,2026-05-14 12:59:59.999000+00:00,1182805067.0,363130,8693.74,555290776.5,0
2026-05-14 13:00:00+00:00,63802.8,64310.0,63550.0,64277.3,13029.805,2026-05-14 13:59:59.999000+00:00,832908899.9,272531,7407.468,473866695.6,0
2026-05-14 14:00:00+00:00,64277.2,64950.0,64163.6,64727.5,25734.552,2026-05-14 14:59:59.999000+00:00,1661929575.0,445814,14687.296,948579951.1,0
2026-05-14 15:00:00+00:00,64727.4,64879.0,64589.3,64703.9,8467.888,2026-05-14 15:59:59.999000+00:00,548441031.1,193003,4023.843,260624944.1,0
2026-05-14 16:00:00+00:00,64704.0,64704.0,64200.0,64597.5,14211.303,2026-05-14 16:59:59.999000+00:00,915873323.0,198713,6059.606,390839936.4,0
2026-05-14 17:00:00+00:00,64597.5,64631.6,64448.7,64544.0,2451.479,2026-05-14 17:59:59.999000+00:00,158209535.0,83948,1236.316,79788995.09,0
2026-05-14 18:00:00+00:00,64544.0,64687.9,64456.3,64543.0,2680.106,2026-05-14 18:59:59.999000+00:00,173037262.0,84185,1397.463,90231501.51,0
2026-05-14 19:00:00+00:00,64543.1,64576.4,64390.4,64538.6,2370.521,2026-05-14 19:59:59.999000+00:00,152802398.0,64746,1213.805,78242458.82,0
2026-05-14 20:00:00+00:00,64538.6,64877.7,64496.2,64650.0,3377.629,2026-05-14 20:59:59.999000+00:00,218457132.3,78410,1927.215,124652134.3,0
2026-05-14 21:00:00+00:00,64649.9,65130.0,64485.4,64837.1,12393.571,2026-05-14 21:59:59.999000+00:00,804101693.9,182664,7478.915,485333616.6,0
2026-05-14 22:00:00+00:00,64837.2,65040.3,64750.0,65014.7,4645.404,2026-05-14 22:59:59.999000+00:00,301641741.3,92929,2355.963,152988845.0,0
2026-05-14 23:00:00+00:00,65014.6,65043.3,64743.6,64798.1,4489.662,2026-05-14 23:59:59.999000+00:00,291260853.8,96217,2118.907,137478247.8,0
2026-05-15 00:00:00+00:00,64798.1,64830.2,64618.8,64643.7,3480.114,2026-05-15 00:59:59.999000+00:00,225192393.8,83872,1492.926,96616479.74,0
2026-05-15 01:00:00+00:00,64643.7,64732.6,64456.7,64473.0,3174.884,2026-05-15 01:59:59.999000+00:00,204927664.3,70222,1458.739,94159893.27,0
2026-05-15 02:00:00+00:00,64473.1,64820.1,64473.0,64760.8,2866.928,2026-05-15 02:59:59.999000+00:00,185373608.8,75931,1700.558,109945463.5,0
2026-05-15 03:00:00+00:00,64760.9,64868.0,64686.6,64723.5,2176.426,2026-05-15 03:59:59.999000+00:00,140985278.9,63775,1003.921,65035065.71,0
2026-05-15 04:00:00+00:00,64723.6,64941.7,64580.0,64920.5,2716.995,2026-05-15 04:59:59.999000+00:00,175883868.9,71409,1430.718,92627101.61,0
2026-05-15 05:00:00+00:00,64920.5,65260.0,64784.7,64784.7,8661.145,2026-05-15 05:59:59.999000+00:00,563221809.4,181660,4626.126,300924817.8,0
2026-05-15 06:00:00+00:00,64784.8,64850.0,64450.9,64528.0,6827.282,2026-05-15 06:59:59.999000+00:00,441139628.6,135661,3337.084,215641292.8,0
2026-05-15 07:00:00+00:00,64528.0,64785.8,64528.0,64745.0,3889.073,2026-05-15 07:59:59.999000+00:00,251427366.9,81995,2153.353,139223159.8,0
2026-05-15 08:00:00+00:00,64744.9,64899.9,64626.2,64644.6,3146.199,2026-05-15 08:59:59.999000+00:00,203786245.7,80808,1511.218,97888869.75,0
2026-05-15 09:00:00+00:00,64644.6,64826.8,64582.7,64633.0,2611.385,2026-05-15 09:59:59.999000+00:00,168912790.9,67304,1353.136,87526431.95,0
2026-05-15 10:00:00+00:00,64633.0,64728.7,64585.6,64707.5,1873.463,2026-05-15 10:59:59.999000+00:00,121146338.2,56183,953.588,61665827.66,0
2026-05-15 11:00:00+00:00,64707.4,65241.3,64568.8,65133.7,12263.474,2026-05-15 11:59:59.999000+00:00,795838971.2,248408,6825.088,442985460.4,0
2026-05-15 12:00:00+00:00,65133.7,65550.5,64852.5,65090.2,18067.99,2026-05-15 12:59:59.999000+00:00,1179423648.0,431527,9557.476,623942501.4,0
2026-05-15 13:00:00+00:00,65090.2,65497.0,65033.5,65364.8,10429.982,2026-05-15 13:59:59.999000+00:00,680937671.0,302870,5744.15,375020144.9,0
2026-05-15 14:00:00+00:00,65364.8,65589.7,65230.0,65391.6,7683.692,2026-05-15 14:59:59.999000+00:00,502612907.0,190184,4207.588,275293444.8,0
2026-05-15 15:00:00+00:00,65391.5,65438.0,64752.0,65089.5,14894.086,2026-05-15 15:59:59.999000+00:00,968547770.9,237060,8286.692,538950803.7,0
2026-05-15 16:00:00+00:00,65089.6,65148.2,64939.5,65023.1,8953.781,2026-05-15 16:59:59.999000+00:00,582313076.9,132124,4624.581,300771012.4,0
2026-05-15 17:00:00+00:00,65023.1,65130.0,64817.1,64837.4,3429.166,2026-05-15 17:59:59.999000+00:00,222862978.0,91602,1571.068,102123230.0,0
2026-05-15 18:00:00+00:00,64837.4,64967.9,64708.0,64942.0,2826.502,2026-05-15 18:59:59.999000+00:00,183299698.9,85368,1426.406,92509367.26,0
2026-05-15 19:00:00+00:00,64942.1,65030.5,64869.8,64939.9,1207.369,2026-05-15 19:59:59.999000+00:00,78429427.92,46417,630.464,40955932.48,0
2026-05-15 20:00:00+00:00,64939.9,64985.9,64756.7,64800.0,1958.445,2026-05-15 20:59:59.999000+00:00,126975118.9,49468,805.475,52216600.42,0
2026-05-15 21:00:00+00:00,64800.0,64949.7,64739.0,64831.5,2140.517,2026-05-15 21:59:59.999000+00:00,138800750.3,60796,1199.493,77783381.19,0
2026-05-15 22:00:00+00:00,64831.6,64912.5,64660.0,64721.4,2455.054,2026-05-15 22:59:59.999000+00:00,158978086.1,60833,998.646,64682454.48,0
2026-05-15 23:00:00+00:00,64721.4,64814.7,64464.0,64554.3,4878.987,2026-05-15 23:59:59.999000+00:00,315157208.2,110574,2326.767,150303092.4,0
2026-05-16 00:00:00+00:00,64554.3,64807.9,64362.2,64698.6,4747.944,2026-05-16 00:59:59.999000+00:00,306634209.5,113320,2422.077,156453278.8,0
2026-05-16 01:00:00+00:00,64698.6,64705.0,64550.0,64616.1,1791.299,2026-05-16 01:59:59.999000+00:00,115754759.6,64261,1010.366,65289285.27,0
2026-05-16 02:00:00+00:00,64616.1,64723.3,64521.0,64593.0,2045.084,2026-05-16 02:59:59.999000+00:00,132157551.1,64485,1080.163,69804398.55,0
2026-05-16 03:00:00+00:00,64593.0,64667.0,64512.0,64610.9,2014.066,2026-05-16 03:59:59.999000+00:00,130085264.7,51166,1118.076,72214239.47,0
2026-05-16 04:00:00+00:00,64610.9,64974.5,64573.4,64897.9,6259.94,2026-05-16 04:59:59.999000+00:00,405906910.0,107738,3339.857,216564074.6,0
2026-05-16 05:00:00+00:00,64898.0,64951.2,64603.4,64750.0,3438.699,2026-05-16 05:59:59.999000+00:00,222741119.7,84361,1542.864,99941409.74,0
2026-05-16 06:00:00+00:00,64749.9,64750.0,64005.6,64200.0,12271.054,2026-05-16 06:59:59.999000+00:00,789026941.8,176437,5517.224,354735624.4,0
2026-05-16 07:00:00+00:00,64200.1,64340.0,63843.1,64096.7,14623.947,2026-05-16 07:59:59.999000+00:00,937055354.3,233618,6893.168,441749894.7,0
2026-05-16 08:00:00+00:00,64096.6,64155.9,63985.1,64063.8,3330.267,2026-05-16 08:59:59.999000+00:00,213379678.0,83738,1656.258,106126044.2,0
2026-05-16 09:00:00+00:00,64063.9,64241.3,64047.7,64186.9,2653.349,2026-05-16 09:59:59.999000+00:00,170222226.1,61532,1490.699,95631554.59,0
2026-05-16 10:00:00+00:00,64187.0,64245.6,64057.2,64226.6,2957.306,2026-05-16 10:59:59.999000+00:00,189736292.9,76099,1473.843,94572309.49,0
2026-05-16 11:00:00+00:00,64226.6,64226.6,63833.0,63938.1,6794.898,2026-05-16 11:59:59.999000+00:00,434759892.8,135149,2837.183,181538031.6,0
2026-05-16 12:00:00+00:00,63938.2,64458.7,63930.1,64354.4,11289.067,2026-05-16 12:59:59.999000+00:00,725055819.2,235866,5922.375,380296286.8,0
2026-05-16 13:00:00+00:00,64354.3,64844.3,64300.1,64510.0,12450.661,2026-05-16 13:59:59.999000+00:00,804104784.8,310496,6234.993,402712161.5,0
2026-05-16 14:00:00+00:00,64510.0,64874.7,64281.6,64677.7,8163.41,2026-05-16 14:59:59.999000+00:00,527551973.0,230375,4303.816,278156505.4,0
2026-05-16 15:00:00+00:00,64677.7,64687.6,64299.4,64448.4,5409.449,2026-05-16 15:59:59.999000+00:00,348817104.7,173237,2430.33,156724782.3,0
2026-05-16 16:00:00+00:00,64448.4,64453.1,63958.0,64045.6,7575.592,2026-05-16 16:59:59.999000+00:00,486045854.9,178607,2910.296,186707332.1,0
2026-05-16 17:00:00+00:00,64045.5,64306.8,64022.3,64217.1,3448.519,2026-05-16 17:59:59.999000+00:00,221286532.9,102408,1723.193,110585904.6,0
2026-05-16 18:00:00+00:00,64217.0,64277.7,64120.2,64241.6,1749.703,2026-05-16 18:59:59.999000+00:00,112349050.3,69456,950.777,61048903.8,0
2026-05-16 19:00:00+00:00,64241.7,64249.9,64075.1,64090.1,1258.646,2026-05-16 19:59:59.999000+00:00,80744581.73,41672,660.827,42393453.81,0
2026-05-16 20:00:00+00:00,64090.1,64217.6,64077.3,64135.9,1257.933,2026-05-16 20:59:59.999000+00:00,80706642.9,36521,652.889,41886417.64,0
2026-05-16 21:00:00+00:00,64136.0,64221.3,63922.6,63939.5,3705.96,2026-05-16 21:59:59.999000+00:00,237423536.7,88576,1974.817,126544293.9,0
2026-05-16 22:00:00+00:00,63939.6,63978.6,63712.6,63801.0,6353.682,2026-05-16 22:59:59.999000+00:00,405474448.3,122329,2629.235,167766826.9,0
2026-05-16 23:00:00+00:00,63801.1,63890.4,63580.0,63862.9,6331.479,2026-05-16 23:59:59.999000+00:00,403524813.1,145474,2760.626,175971996.4,0
2026-05-17 00:00:00+00:00,63862.9,64041.6,63435.6,63510.8,8486.817,2026-05-17 00:59:59.999000+00:00,540732103.6,192708,4068.679,259295346.7,0
2026-05-17 01:00:00+00:00,63510.7,63628.0,63358.0,63457.5,5328.647,2026-05-17 01:59:59.999000+00:00,338222611.7,144528,2331.92,148050538.7,0
2026-05-17 02:00:00+00:00,63457.5,63693.2,63450.1,63538.1,3554.461,2026-05-17 02:59:59.999000+00:00,226038472.6,102058,1966.531,125063869.9,0
2026-05-17 03:00:00+00:00,63538.0,63560.0,63281.0,63460.0,5069.199,2026-05-17 03:59:59.999000+00:00,321416091.2,114974,2719.55,172466156.3,0
2026-05-17 04:00:00+00:00,63460.1,63460.1,62754.6,62807.3,15626.008,2026-05-17 04:59:59.999000+00:00,984325575.8,206248,6704.611,422162718.2,0
2026-05-17 05:00:00+00:00,62807.4,62961.7,62655.0,62915.4,10696.868,2026-05-17 05:59:59.999000+00:00,671809081.2,164704,5677.159,356593694.9,0
2026-05-17 06:00:00+00:00,62915.5,62947.1,62761.3,62792.9,4831.261,2026-05-17 06:59:59.999000+00:00,303761733.1,98840,2507.655,157667973.8,0
2026-05-17 07:00:00+00:00,62792.8,62905.0,62611.0,62857.5,6784.932,2026-05-17 07:59:59.999000+00:00,425929015.8,124340,3678.098,230934657.1,0
2026-05-17 08:00:00+00:00,62857.4,63039.8,62831.8,62962.2,4213.74,2026-05-17 08:59:59.999000+00:00,265241841.9,77587,2212.762,139279302.4,0
2026-05-17 09:00:00+00:00,62962.3,63165.9,62962.2,63146.9,4237.483,2026-05-17 09:59:59.999000+00:00,267322456.1,84515,2497.939,157577923.8,0
2026-05-17 10:00:00+00:00,63146.9,63337.4,63031.3,63273.2,5404.24,2026-05-17 10:59:59.999000+00:00,341540256.4,89702,2693.117,170193178.0,0
2026-05-17 11:00:00+00:00,63273.1,63320.0,63037.0,63073.9,5253.453,2026-05-17 11:59:59.999000+00:00,331840950.3,99018,1912.394,120780513.4,0
2026-05-17 12:00:00+00:00,63073.9,63155.8,62505.1,63128.6,16457.338,2026-05-17 12:59:59.999000+00:00,1033408357.0,353972,8088.86,507996115.0,0
2026-05-17 13:00:00+00:00,63128.7,63496.0,63051.4,63142.5,11255.645,2026-05-17 13:59:59.999000+00:00,712100425.1,330106,5293.42,334946417.0,0
2026-05-17 14:00:00+00:00,63142.5,63432.5,62817.0,63432.4,9297.664,2026-05-17 14:59:59.999000+00:00,586767887.0,239910,4764.705,300763232.0,0
2026-05-17 15:00:00+00:00,63432.4,63681.3,63272.4,63553.7,9059.142,2026-05-17 15:59:59.999000+00:00,574944467.8,198120,4357.919,276630401.1,0
2026-05-17 16:00:00+00:00,63553.7,64194.6,63553.7,64011.8,12832.426,2026-05-17 16:59:59.999000+00:00,820846042.4,264475,6961.381,445223146.3,0
2026-05-17 17:00:00+00:00,64011.8,64356.7,63855.8,64220.1,8585.457,2026-05-17 17:59:59.999000+00:00,550273257.5,184466,4101.471,262921532.2,0
2026-05-17 18:00:00+00:00,64220.1,64226.1,63943.5,64121.4,4380.552,2026-05-17 18:59:59.999000+00:00,280718313.8,117729,2078.339,133194786.2,0
2026-05-17 19:00:00+00:00,64121.4,64165.7,63928.9,64086.1,3417.904,2026-05-17 19:59:59.999000+00:00,218806236.8,82632,1551.534,99331284.46,0
2026-05-17 20:00:00+00:00,64086.2,64188.2,64031.6,64070.6,1550.761,2026-05-17 20:59:59.999000+00:00,99411951.65,40198,699.268,44826924.89,0
2026-05-17 21:00:00+00:00,64070.6,64117.5,63891.6,63952.8,1753.78,2026-05-17 21:59:59.999000+00:00,112188727.9,43196,749.235,47922577.49,0
2026-05-17 22:00:00+00:00,63952.7,63985.0,63860.0,63909.9,1443.556,2026-05-17 22:59:59.999000+00:00,92276182.8,37321,622.062,39764668.48,0
2026-05-17 23:00:00+00:00,63909.9,63991.0,63859.6,63881.6,1490.455,2026-05-17 23:59:59.999000+00:00,95257685.39,39519,698.325,44636580.49,0
2026-05-18 00:00:00+00:00,63881.6,63980.0,63862.0,63929.2,1280.563,2026-05-18 00:59:59.999000+00:00,81850156.79,31135,693.733,44342186.72,0
2026-05-18 01:00:00+00:00,63929.2,64014.9,63900.0,63931.5,1347.221,2026-05-18 01:59:59.999000+00:00,86160023.38,33679,707.917,45275117.2,0
2026-05-18 02:00:00+00:00,63931.6,63995.8,63900.0,63989.5,1220.595,2026-05-18 02:59:59.999000+00:00,78039738.2,29685,741.22,47389016.11,0
2026-05-18 03:00:00+00:00,63989.5,63992.8,63915.0,63946.3,780.402,2026-05-18 03:59:59.999000+00:00,49903960.34,23085,436.903,27937883.08,0
2026-05-18 04:00:00+00:00,63946.3,63973.3,63894.3,63936.3,1075.625,2026-05-18 04:59:59.999000+00:00,68767849.37,25139,445.336,28470942.51,0
2026-05-18 05:00:00+00:00,63936.3,63979.0,63914.1,63954.1,888.648,2026-05-18 05:59:59.999000+00:00,56827064.4,18024,501.886,32095529.25,0
2026-05-18 06:00:00+00:00,63954.2,64000.0,63952.8,63980.1,1583.413,2026-05-18 06:59:59.999000+00:00,101306902.5,24667,826.29,52864682.24,0
2026-05-18 07:00:00+00:00,63980.0,63997.8,63930.4,63977.2,1367.761,2026-05-18 07:59:59.999000+00:00,87492214.53,26699,787.47,50372926.66,0
2026-05-18 08:00:00+00:00,63977.2,63985.0,63912.0,63961.2,1041.152,2026-05-18 08:59:59.999000+00:00,66572704.31,19602,463.889,29662182.94,0
2026-05-18 09:00:00+00:00,63961.1,63990.0,63957.3,63981.2,581.795,2026-05-18 09:59:59.999000+00:00,37219753.24,13736,295.851,18926363.45,0
2026-05-18 10:00:00+00:00,63981.2,64073.2,63981.2,64033.3,1101.39,2026-05-18 10:59:59.999000+00:00,70498219.38,19697,695.123,44494255.76,0
2026-05-18 11:00:00+00:00,64033.2,64237.7,64019.4,64181.4,3668.169,2026-05-18 11:59:59.999000+00:00,235219984.3,73382,2138.965,137166725.0,0
2026-05-18 12:00:00+00:00,64181.5,64185.4,63925.2,64081.3,3187.123,2026-05-18 12:59:59.999000+00:00,204088230.6,72621,1400.137,89654885.37,0
2026-05-18 13:00:00+00:00,64081.2,64167.2,64065.8,64099.0,1539.936,2026-05-18 13:59:59.999000+00:00,98741343.73,42699,734.289,47083289.02,0
2026-05-18 14:00:00+00:00,64099.0,64135.6,64000.0,64090.0,1415.443,2026-05-18 14:59:59.999000+00:00,90689816.0,37565,724.592,46426231.46,0
2026-05-18 15:00:00+00:00,64090.0,64298.6,64054.5,64278.2,3832.348,2026-05-18 15:59:59.999000+00:00,246045612.4,58305,2524.049,162053486.1,0
2026-05-18 16:00:00+00:00,64278.3,64466.0,64250.3,64450.0,5266.335,2026-05-18 16:59:59.999000+00:00,338882191.5,96230,3149.436,202680975.1,0
2026-05-18 17:00:00+00:00,64450.0,64666.0,64424.5,64477.3,4442.025,2026-05-18 17:59:59.999000+00:00,286518605.6,95328,2546.574,164280183.2,0
2026-05-18 18:00:00+00:00,64477.4,64566.0,64445.5,64526.3,1721.549,2026-05-18 18:59:59.999000+00:00,111050409.4,44657,835.426,53891213.41,0
2026-05-18 19:00:00+00:00,64526.4,64738.2,64467.2,64665.5,3210.202,2026-05-18 19:59:59.999000+00:00,207409774.3,72013,1624.331,104966782.1,0
2026-05-18 20:00:00+00:00,64665.5,64819.2,64584.2,64697.6,3096.293,2026-05-18 20:59:59.999000+00:00,200373308.9,74860,1533.765,99266821.99,0
2026-05-18 21:00:00+00:00,64697.5,64837.4,64680.6,64774.4,2034.289,2026-05-18 21:59:59.999000+00:00,131734754.0,57848,1017.139,65868233.45,0
2026-05-18 22:00:00+00:00,64774.3,64818.1,64677.7,64806.7,2054.006,2026-05-18 22:59:59.999000+00:00,133036735.9,47897,928.83,60157985.71,0
2026-05-18 23:00:00+00:00,64806.7,64878.8,64750.0,64756.5,2842.165,2026-05-18 23:59:59.999000+00:00,184116482.7,46747,1107.5,71759604.57,0
2026-05-19 00:00:00+00:00,64756.5,64771.8,64750.0,64750.0,2790.617,2026-05-19 00:59:59.999000+00:00,180697000.7,30917,763.917,49465270.9,0
2026-05-19 01:00:00+00:00,64750.0,64948.8,64672.4,64795.4,5032.332,2026-05-19 01:59:59.999000+00:00,326235058.8,81521,2661.327,172588218.5,0
2026-05-19 02:00:00+00:00,64795.5,64815.8,64594.6,64686.8,2849.995,2026-05-19 02:59:59.999000+00:00,184296523.1,55083,1299.89,84052212.59,0
2026-05-19 03:00:00+00:00,64686.8,64775.2,64580.4,64692.2,1668.466,2026-05-19 03:59:59.999000+00:00,107897249.9,40071,755.563,48867649.78,0
2026-05-19 04:00:00+00:00,64692.2,64789.8,64643.4,64695.1,1325.774,2026-05-19 04:59:59.999000+00:00,85795734.71,33954,678.629,43919383.14,0
2026-05-19 05:00:00+00:00,64695.0,64737.7,64670.0,64682.3,934.088,2026-05-19 05:59:59.999000+00:00,60433100.71,27115,456.562,29538421.86,0
2026-05-19 06:00:00+00:00,64682.2,64759.3,64643.4,64692.2,1918.387,2026-05-19 06:59:59.999000+00:00,124107509.0,36616,914.829,59183738.48,0
2026-05-19 07:00:00+00:00,64692.1,64723.5,64600.0,64678.1,2064.203,2026-05-19 07:59:59.999000+00:00,133459115.0,41491,1082.126,69964396.59,0
2026-05-19 08:00:00+00:00,64678.2,64694.0,64467.2,64495.2,3177.976,2026-05-19 08:59:59.999000+00:00,205094739.8,55141,1227.562,79228924.16,0
2026-05-19 09:00:00+00:00,64495.1,64677.7,64454.6,64561.4,2700.58,2026-05-19 09:59:59.999000+00:00,174382893.7,57818,1378.243,88996150.14,0
2026-05-19 10:00:00+00:00,64561.4,64610.0,64415.0,64445.7,2748.941,2026-05-19 10:59:59.999000+00:00,177324323.1,60236,1243.429,80209799.29,0
2026-05-19 11:00:00+00:00,64445.7,64445.7,64259.5,64417.5,4959.504,2026-05-19 11:59:59.999000+00:00,319194467.7,96660,2345.591,150963596.0,0
2026-05-19 12:00:00+00:00,64417.4,64497.9,64273.4,64453.0,2219.753,2026-05-19 12:59:59.999000+00:00,142933780.8,61152,1232.977,79397116.57,0
2026-05-19 13:00:00+00:00,64453.0,64633.0,64389.0,64561.1,2455.842,2026-05-19 13:59:59.999000+00:00,158430946.6,67025,1341.404,86547500.26,0
2026-05-19 14:00:00+00:00,64561.0,64594.7,64466.6,64545.2,1616.379,2026-05-19 14:59:59.999000+00:00,104298044.6,46624,724.987,46781792.15,0
2026-05-19 15:00:00+00:00,64545.3,64624.8,64474.2,64510.7,1470.209,2026-05-19 15:59:59.999000+00:00,94891864.91,49489,677.955,43757166.14,0
2026-05-19 16:00:00+00:00,64510.7,64733.0,64365.7,64520.0,3957.134,2026-05-19 16:59:59.999000+00:00,255576465.7,95172,1973.961,127505850.3,0
2026-05-19 17:00:00+00:00,64520.0,64529.1,64262.9,64399.8,3442.309,2026-05-19 17:59:59.999000+00:00,221677128.4,89361,1708.332,110017011.1,0
2026-05-19 18:00:00+00:00,64399.8,64442.2,64319.5,64438.1,1085.17,2026-05-19 18:59:59.999000+00:00,69879619.45,36611,594.631,38291214.4,0
2026-05-19 19:00:00+00:00,64438.1,64534.3,64438.0,64515.9,1059.316,2026-05-19 19:59:59.999000+00:00,68304099.55,35398,553.75,35706750.28,0
2026-05-19 20:00:00+00:00,64516.0,64539.0,64305.0,64393.7,1677.019,2026-05-19 20:59:59.999000+00:00,107991858.4,45087,738.075,47529848.63,0
2026-05-19 21:00:00+00:00,64393.6,64874.9,64319.3,64642.7,6743.994,2026-05-19 21:59:59.999000+00:00,436050763.1,175314,3471.519,224450320.1,0
2026-05-19 22:00:00+00:00,64642.8,64748.1,64534.9,64694.7,2054.877,2026-05-19 22:59:59.999000+00:00,132822790.8,86154,1009.118,65226068.77,0
2026-05-19 23:00:00+00:00,64694.8,65084.6,64380.0,64526.0,9897.467,2026-05-19 23:59:59.999000+00:00,641470035.8,223175,5382.383,348965499.9,0
2026-05-20 00:00:00+00:00,64526.0,65011.0,64470.0,64594.7,5478.733,2026-05-20 00:59:59.999000+00:00,354724319.5,178862,2817.319,182395271.2,0
2026-05-20 01:00:00+00:00,64594.7,64940.0,64551.6,64800.1,4762.318,2026-05-20 01:59:59.999000+00:00,308503462.8,151590,2350.844,152259322.5,0
2026-05-20 02:00:00+00:00,64800.1,64887.0,64610.2,64839.4,2578.628,2026-05-20 02:59:59.999000+00:00,166993139.6,96634,1317.184,85291596.76,0
2026-05-20 03:00:00+00:00,64839.3,64843.4,64503.0,64511.3,3108.675,2026-05-20 03:59:59.999000+00:00,200986572.8,89622,1477.126,95488756.19,0
2026-05-20 04:00:00+00:00,64511.4,64536.1,64046.0,64101.7,9123.542,2026-05-20 04:59:59.999000+00:00,585858676.0,226279,4223.251,271151889.6,0
2026-05-20 05:00:00+00:00,64101.8,64198.3,63736.1,63890.0,10191.102,2026-05-20 05:59:59.999000+00:00,651336175.6,221965,5127.977,327727722.7,0
2026-05-20 06:00:00+00:00,63890.0,64285.5,63865.0,64250.0,5480.1,2026-05-20 06:59:59.999000+00:00,351211432.4,131086,3202.98,205274459.7,0
2026-05-20 07:00:00+00:00,64250.0,64337.0,63858.1,64031.4,8326.137,2026-05-20 07:59:59.999000+00:00,533813090.1,138284,3448.867,221124171.0,0
2026-05-20 08:00:00+00:00,64031.4,64260.0,63984.5,64176.6,3055.595,2026-05-20 08:59:59.999000+00:00,196014162.9,74323,1738.027,111487456.1,0
2026-05-20 09:00:00+00:00,64176.6,64393.2,64137.0,64280.5,3345.929,2026-05-20 09:59:59.999000+00:00,215077150.9,79013,1634.251,105052610.2,0
2026-05-20 10:00:00+00:00,64280.5,65048.3,64237.1,64970.8,13005.77,2026-05-20 10:59:59.999000+00:00,841991041.9,244789,7296.084,472268552.8,0
2026-05-20 11:00:00+00:00,64970.8,64982.0,64571.0,64627.2,10164.095,2026-05-20 11:59:59.999000+00:00,658017463.3,188525,4661.329,301781927.9,0
2026-05-20 12:00:00+00:00,64627.1,64737.5,64174.5,64315.0,9833.494,2026-05-20 12:59:59.999000+00:00,634443045.7,266408,4936.221,318547350.3,0
2026-05-20 13:00:00+00:00,64315.0,64550.0,64034.3,64393.0,7606.114,2026-05-20 13:59:59.999000+00:00,489199870.0,279972,3876.312,249381261.3,0
2026-05-20 14:00:00+00:00,64393.0,65688.0,64386.8,65570.1,26658.588,2026-05-20 14:59:59.999000+00:00,1737761572.0,444276,15819.096,1031524529.0,0
2026-05-20 15:00:00+00:00,65570.1,65615.5,65301.8,65478.6,10648.534,2026-05-20 15:59:59.999000+00:00,697029440.6,206675,4874.108,319071839.0,0
2026-05-20 16:00:00+00:00,65478.6,65642.0,65313.9,65560.0,6542.949,2026-05-20 16:59:59.999000+00:00,428502528.8,132859,3768.815,246869232.3,0
2026-05-20 17:00:00+00:00,65560.0,65788.0,65168.0,65215.8,11084.442,2026-05-20 17:59:59.999000+00:00,725946859.0,209170,6059.348,397012282.0,0
2026-05-20 18:00:00+00:00,65215.7,65256.1,65011.4,65119.3,7696.738,2026-05-20 18:59:59.999000+00:00,501177275.7,150300,4303.194,280199184.2,0
2026-05-20 19:00:00+00:00,65119.3,65435.3,65030.2,65344.7,4390.078,2026-05-20 19:59:59.999000+00:00,286507335.5,90200,2665.777,173975788.9,0
2026-05-20 20:00:00+00:00,65344.8,65416.4,65241.6,65258.5,1872.846,2026-05-20 20:59:59.999000+00:00,122330421.9,51074,804.916,52574859.07,0
2026-05-20 21:00:00+00:00,65258.4,65258.5,65061.2,65118.7,2625.107,2026-05-20 21:59:59.999000+00:00,171014043.4,66994,1199.272,78119800.17,0
2026-05-20 22:00:00+00:00,65118.8,65244.9,65098.8,65224.8,2029.166,2026-05-20 22:59:59.999000+00:00,132272598.5,56484,1031.811,67259725.25,0
2026-05-20 23:00:00+00:00,65224.7,65561.0,65115.3,65538.9,4344.322,2026-05-20 23:59:59.999000+00:00,283961578.9,125682,2565.937,167721907.6,0
2026-05-21 00:00:00+00:00,65538.8,65634.4,65202.1,65205.1,4372.902,2026-05-21 00:59:59.999000+00:00,286045453.5,107043,1882.1,123103806.2,0
2026-05-21 01:00:00+00:00,65205.1,65479.5,65145.1,65386.4,3325.329,2026-05-21 01:59:59.999000+00:00,217103935.6,100415,1889.066,123330333.2,0
2026-05-21 02:00:00+00:00,65386.4,65572.2,65380.0,65539.5,3014.818,2026-05-21 02:59:59.999000+00:00,197370476.3,93846,1629.192,106659211.7,0
2026-05-21 03:00:00+00:00,65539.5,65723.0,65453.5,65494.2,4594.005,2026-05-21 03:59:59.999000+00:00,301298282.1,95682,2517.286,165114450.7,0
2026-05-21 04:00:00+00:00,65494.2,65927.9,65460.1,65724.9,6383.305,2026-05-21 04:59:59.999000+00:00,419440590.7,124595,3490.98,229431643.9,0
2026-05-21 05:00:00+00:00,65724.8,65970.0,65604.8,65892.4,5914.487,2026-05-21 05:59:59.999000+00:00,389339800.1,126174,3054.847,201090945.2,0
2026-05-21 06:00:00+00:00,65892.5,66240.0,65828.2,66166.9,10295.944,2026-05-21 06:59:59.999000+00:00,680272711.7,172524,6447.137,426046800.0,0
2026-05-21 07:00:00+00:00,66166.8,66337.8,66103.4,66200.0,9095.828,2026-05-21 07:59:59.999000+00:00,602429161.3,166810,4471.792,296207551.1,0
2026-05-21 08:00:00+00:00,66199.9,66320.4,66110.0,66261.2,3769.983,2026-05-21 08:59:59.999000+00:00,249670436.3,84430,1703.82,112842674.2,0
2026-05-21 09:00:00+00:00,66261.3,66390.0,66145.5,66161.1,6340.189,2026-05-21 09:59:59.999000+00:00,420311000.2,106319,3175.194,210535243.4,0
2026-05-21 10:00:00+00:00,66161.0,66333.0,66117.1,66317.9,3759.054,2026-05-21 10:59:59.999000+00:00,248910248.2,76923,1868.234,123715345.0,0
2026-05-21 11:00:00+00:00,66317.9,66618.0,66236.0,66527.7,7956.073,2026-05-21 11:59:59.999000+00:00,528785605.1,151695,4791.766,318466522.8,0
2026-05-21 12:00:00+00:00,66527.7,66777.0,66290.4,66748.8,11900.874,2026-05-21 12:59:59.999000+00:00,791808991.8,244549,6629.367,441152953.0,0
2026-05-21 13:00:00+00:00,66748.7,66924.1,66609.0,66804.3,13494.794,2026-05-21 13:59:59.999000+00:00,901347451.6,263544,7121.208,475679911.4,0
2026-05-21 14:00:00+00:00,66804.3,66804.4,66487.9,66648.5,6212.963,2026-05-21 14:59:59.999000+00:00,413988663.5,156504,2933.692,195485349.0,0
2026-05-21 15:00:00+00:00,66648.5,66736.7,66428.5,66507.1,4088.719,2026-05-21 15:59:59.999000+00:00,272148764.2,110008,1821.619,121258250.8,0
2026-05-21 16:00:00+00:00,66507.1,66537.1,65939.0,66181.1,12541.97,2026-05-21 16:59:59.999000+00:00,830806667.2,179102,4635.048,307239593.0,0
2026-05-21 17:00:00+00:00,66181.1,66333.0,66071.2,66287.5,4476.6,2026-05-21 17:59:59.999000+00:00,296388678.6,123163,2404.8,159221271.0,0
2026-05-21 18:00:00+00:00,66287.6,66467.4,66230.0,66409.5,3604.885,2026-05-21 18:59:59.999000+00:00,239271890.8,83529,1808.751,120056356.8,0
2026-05-21 19:00:00+00:00,66409.5,66465.6,66326.3,66373.8,1670.198,2026-05-21 19:59:59.999000+00:00,110887449.8,50304,814.587,54083749.94,0
2026-05-21 20:00:00+00:00,66373.8,66380.8,66261.7,66352.4,2220.28,2026-05-21 20:59:59.999000+00:00,147245633.5,52266,1050.988,69699903.91,0
2026-05-21 21:00:00+00:00,66352.4,66352.6,66172.0,66271.2,2432.153,2026-05-21 21:59:59.999000+00:00,161172736.6,62342,1191.191,78935315.03,0
2026-05-21 22:00:00+00:00,66271.3,66544.8,66200.0,66522.4,3085.24,2026-05-21 22:59:59.999000+00:00,204856385.1,68656,1968.181,130704577.7,0
2026-05-21 23:00:00+00:00,66522.3,66711.0,66503.9,66591.7,4924.6,2026-05-21 23:59:59.999000+00:00,328064862.0,117686,2651.986,176663938.5,0
2026-05-22 00:00:00+00:00,66591.8,66629.3,66253.0,66399.9,3861.949,2026-05-22 00:59:59.999000+00:00,256484296.9,99489,1876.413,124611629.7,0
2026-05-22 01:00:00+00:00,66399.9,66513.8,66264.9,66283.2,2039.117,2026-05-22 01:59:59.999000+00:00,135323474.3,71734,995.314,66059705.75,0
2026-05-22 02:00:00+00:00,66283.2,66343.4,66141.7,66176.7,2975.392,2026-05-22 02:59:59.999000+00:00,197060623.2,78331,1291.843,85564625.47,0
2026-05-22 03:00:00+00:00,66176.6,66399.0,66161.4,66349.3,1913.639,2026-05-22 03:59:59.999000+00:00,126918063.8,60066,1105.943,73347565.91,0
2026-05-22 04:00:00+00:00,66349.2,66349.3,65909.1,65954.5,7960.255,2026-05-22 04:59:59.999000+00:00,525621065.2,130035,3234.239,213573733.7,0
2026-05-22 05:00:00+00:00,65954.4,66000.0,65800.1,65906.8,6026.171,2026-05-22 05:59:59.999000+00:00,397086743.9,121113,3131.468,206352004.8,0
2026-05-22 06:00:00+00:00,65906.7,65941.5,65668.6,65813.4,6294.319,2026-05-22 06:59:59.999000+00:00,414136342.3,108397,2937.704,193307830.9,0
2026-05-22 07:00:00+00:00,65813.4,66140.5,65813.4,65953.5,5831.709,2026-05-22 07:59:59.999000+00:00,384821873.4,101423,3306.677,218193833.7,0
2026-05-22 08:00:00+00:00,65953.4,66053.2,65816.4,65896.4,3223.673,2026-05-22 08:59:59.999000+00:00,212513260.6,64556,1621.64,106899914.7,0
2026-05-22 09:00:00+00:00,65896.3,66077.3,65861.4,66016.2,7121.677,2026-05-22 09:59:59.999000+00:00,469851710.0,69290,5032.603,332000533.9,0
2026-05-22 10:00:00+00:00,66016.2,66057.9,65872.1,65981.4,3175.036,2026-05-22 10:59:59.999000+00:00,209471081.6,69021,1483.462,97868164.56,0
2026-05-22 11:00:00+00:00,65981.3,65986.0,65505.0,65604.2,7832.203,2026-05-22 11:59:59.999000+00:00,514657652.6,127193,3087.084,202841469.3,0
2026-05-22 12:00:00+00:00,65604.1,65956.0,65531.7,65924.9,8594.386,2026-05-22 12:59:59.999000+00:00,564867126.4,184142,4684.209,307878761.7,0
2026-05-22 13:00:00+00:00,65924.9,66190.4,65556.3,65770.2,10598.179,2026-05-22 13:59:59.999000+00:00,697701890.9,242005,5236.526,344754566.0,0
2026-05-22 14:00:00+00:00,65770.2,66100.0,65770.0,66014.8,6873.918,2026-05-22 14:59:59.999000+00:00,453450996.1,179395,3724.202,245684250.5,0
2026-05-22 15:00:00+00:00,66014.8,66363.6,65877.0,66199.7,7769.463,2026-05-22 15:59:59.999000+00:00,513997770.0,173133,4430.519,293164449.3,0
2026-05-22 16:00:00+00:00,66199.8,66249.3,65912.6,65997.5,3809.016,2026-05-22 16:59:59.999000+00:00,251698709.1,110440,1787.59,118107969.5,0
2026-05-22 17:00:00+00:00,65997.5,66052.8,65701.2,65860.5,4340.972,2026-05-22 17:59:59.999000+00:00,285807348.8,114098,2055.747,135344701.4,0
2026-05-22 18:00:00+00:00,65860.6,65924.0,65650.2,65891.1,3197.039,2026-05-22 18:59:59.999000+00:00,210441141.4,82628,1565.615,103062438.6,0
2026-05-22 19:00:00+00:00,65891.2,65954.3,65753.0,65887.8,2320.046,2026-05-22 19:59:59.999000+00:00,152844725.5,74486,1142.782,75293837.42,0
2026-05-22 20:00:00+00:00,65887.8,66103.1,65853.2,66034.5,2201.826,2026-05-22 20:59:59.999000+00:00,145305195.3,51113,1219.037,80451741.2,0
2026-05-22 21:00:00+00:00,66034.5,66046.0,65891.8,66013.8,1660.556,2026-05-22 21:59:59.999000+00:00,109540605.2,52506,792.701,52288088.24,0
2026-05-22 22:00:00+00:00,66013.9,66116.5,65808.5,66082.0,2265.474,2026-05-22 22:59:59.999000+00:00,149457958.8,66428,1062.961,70135659.06,0
2026-05-22 23:00:00+00:00,66082.0,66284.1,66020.0,66023.8,4469.351,2026-05-22 23:59:59.999000+00:00,295647816.0,107820,1972.328,130479287.7,0
2026-05-23 00:00:00+00:00,66023.8,66180.0,65715.9,65793.8,5399.416,2026-05-23 00:59:59.999000+00:00,355764632.4,120655,2394.519,157741291.1,0
2026-05-23 01:00:00+00:00,65793.7,65808.9,65616.3,65777.4,3027.886,2026-05-23 01:59:59.999000+00:00,199030272.7,88008,1592.657,104697555.5,0
2026-05-23 02:00:00+00:00,65777.4,65788.2,65548.0,65626.8,3847.55,2026-05-23 02:59:59.999000+00:00,252477129.9,84421,1578.698,103605134.1,0
2026-05-23 03:00:00+00:00,65626.7,65710.0,65558.0,65585.3,2534.037,2026-05-23 03:59:59.999000+00:00,166290464.0,60757,1152.875,75661030.14,0
2026-05-23 04:00:00+00:00,65585.4,65764.8,65543.1,65663.9,2512.364,2026-05-23 04:59:59.999000+00:00,164953213.4,56525,1243.317,81638711.57,0
2026-05-23 05:00:00+00:00,65663.9,65793.7,65593.9,65763.2,2021.415,2026-05-23 05:59:59.999000+00:00,132811575.1,48497,1114.005,73199146.13,0
2026-05-23 06:00:00+00:00,65763.3,65763.3,65313.7,65405.3,8530.657,2026-05-23 06:59:59.999000+00:00,558101216.8,144263,3712.77,242884132.3,0
2026-05-23 07:00:00+00:00,65405.3,65637.2,65383.6,65605.9,3577.763,2026-05-23 07:59:59.999000+00:00,234463494.1,79218,1920.818,125869671.6,0
2026-05-23 08:00:00+00:00,65605.8,65732.3,65573.8,65607.9,3031.028,2026-05-23 08:59:59.999000+00:00,199034516.2,71614,1353.995,88913541.02,0
2026-05-23 09:00:00+00:00,65607.9,65756.6,65555.1,65704.2,2837.969,2026-05-23 09:59:59.999000+00:00,186413354.6,63908,1403.688,92208079.41,0
2026-05-23 10:00:00+00:00,65704.1,65709.4,65511.0,65525.4,2374.826,2026-05-23 10:59:59.999000+00:00,155768101.1,57482,1071.998,70311941.68,0
2026-05-23 11:00:00+00:00,65525.4,65557.8,64927.3,65138.0,15552.526,2026-05-23 11:59:59.999000+00:00,1014187388.0,218069,6626.268,432117954.0,0
2026-05-23 12:00:00+00:00,65138.0,65215.3,64839.1,64858.6,14102.63,2026-05-23 12:59:59.999000+00:00,916841167.0,280225,7505.153,488011408.2,0
2026-05-23 13:00:00+00:00,64858.7,65197.0,64801.0,64884.6,11702.687,2026-05-23 13:59:59.999000+00:00,760417258.4,209544,5366.514,348720118.8,0
2026-05-23 14:00:00+00:00,64884.7,65003.6,64696.2,64940.4,10141.344,2026-05-23 14:59:59.999000+00:00,657544206.9,200605,5118.152,331903726.3,0
2026-05-23 15:00:00+00:00,64940.4,64940.5,64688.0,64731.4,4677.967,2026-05-23 15:59:59.999000+00:00,303026532.1,109880,2098.38,135931859.7,0
2026-05-23 16:00:00+00:00,64731.5,64877.6,64636.0,64654.4,4543.014,2026-05-23 16:59:59.999000+00:00,294196001.3,106098,2167.124,140362159.5,0
2026-05-23 17:00:00+00:00,64654.4,64924.9,64654.3,64842.5,3309.665,2026-05-23 17:59:59.999000+00:00,214409738.4,83115,1802.404,116760577.9,0
2026-05-23 18:00:00+00:00,64842.5,64908.1,64670.0,64820.7,3454.039,2026-05-23 18:59:59.999000+00:00,223767563.1,89823,1850.71,119889220.0,0
2026-05-23 19:00:00+00:00,64820.7,65176.0,64809.7,65117.7,5482.38,2026-05-23 19:59:59.999000+00:00,356613631.2,94719,3409.949,221797849.9,0
2026-05-23 20:00:00+00:00,65117.6,65183.1,64979.9,65137.4,2461.061,2026-05-23 20:59:59.999000+00:00,160167142.8,60320,1204.278,78385606.74,0
2026-05-23 21:00:00+00:00,65137.4,65193.5,64976.7,65158.2,3003.047,2026-05-23 21:59:59.999000+00:00,195514941.3,67824,1466.892,95519031.98,0
2026-05-23 22:00:00+00:00,65158.2,65189.5,65018.8,65069.6,2173.156,2026-05-23 22:59:59.999000+00:00,141534448.8,53727,1045.916,68122877.62,0
2026-05-23 23:00:00+00:00,65069.6,65084.0,64733.2,64953.1,4831.001,2026-05-23 23:59:59.999000+00:00,313509849.7,110130,2211.566,143531504.2,0
2026-05-24 00:00:00+00:00,64953.0,65146.4,64912.4,65053.2,3089.748,2026-05-24 00:59:59.999000+00:00,200967988.2,86521,1651.956,107457606.9,0
2026-05-24 01:00:00+00:00,65053.2,65164.8,64890.5,65091.8,3231.376,2026-05-24 01:59:59.999000+00:00,210138991.9,81820,1638.295,106549872.8,0
2026-05-24 02:00:00+00:00,65091.8,65436.8,65045.0,65425.4,7118.962,2026-05-24 02:59:59.999000+00:00,464900206.8,122715,4104.472,268055130.5,0
2026-05-24 03:00:00+00:00,65425.5,65440.0,65235.4,65281.9,3917.507,2026-05-24 03:59:59.999000+00:00,256022060.8,71693,1542.472,100802578.6,0
2026-05-24 04:00:00+00:00,65282.0,65365.9,65213.0,65282.3,1810.83,2026-05-24 04:59:59.999000+00:00,118219787.2,47353,859.881,56141059.92,0
2026-05-24 05:00:00+00:00,65282.4,65490.0,65245.6,65441.6,3572.79,2026-05-24 05:59:59.999000+00:00,233691552.7,70071,2153.757,140877575.1,0
2026-05-24 06:00:00+00:00,65441.6,65780.0,65338.0,65470.0,12855.234,2026-05-24 06:59:59.999000+00:00,842702141.0,161995,6347.016,416073588.2,0
2026-05-24 07:00:00+00:00,65470.1,65477.2,65274.5,65274.6,3662.526,2026-05-24 07:59:59.999000+00:00,239467092.6,63934,1599.104,104555525.0,0
2026-05-24 08:00:00+00:00,65274.6,65290.7,64919.7,65088.1,7663.998,2026-05-24 08:59:59.999000+00:00,498565639.2,127765,3702.473,240820853.6,0
2026-05-24 09:00:00+00:00,65088.2,65132.2,64878.0,64927.8,3324.749,2026-05-24 09:59:59.999000+00:00,216065897.4,70739,1680.064,109190465.1,0
2026-05-24 10:00:00+00:00,64927.7,65073.6,64821.9,65045.7,4034.095,2026-05-24 10:59:59.999000+00:00,262044320.7,94851,1991.338,129359244.9,0
2026-05-24 11:00:00+00:00,65045.7,65110.1,64707.5,64746.6,4732.922,2026-05-24 11:59:59.999000+00:00,307222556.3,101645,2063.864,134015598.6,0
2026-05-24 12:00:00+00:00,64746.5,64774.5,63882.3,64129.1,29360.681,2026-05-24 12:59:59.999000+00:00,1887644260.0,403713,14246.549,915632846.6,0
2026-05-24 13:00:00+00:00,64129.1,64170.0,63666.0,64031.4,18282.036,2026-05-24 13:59:59.999000+00:00,1167908698.0,332842,8993.979,574642889.4,0
2026-05-24 14:00:00+00:00,64031.3,64305.8,63824.3,64065.1,15421.724,2026-05-24 14:59:59.999000+00:00,988667901.4,293430,7865.378,504247314.6,0
2026-05-24 15:00:00+00:00,64065.1,64176.5,63854.3,63930.4,5378.185,2026-05-24 15:59:59.999000+00:00,344253794.0,118959,2517.359,161149268.8,0
2026-05-24 16:00:00+00:00,63930.3,64177.9,63882.6,64154.9,3685.779,2026-05-24 16:59:59.999000+00:00,236118270.0,95006,1978.683,126751501.4,0
2026-05-24 17:00:00+00:00,64154.9,64262.3,64104.1,64242.8,3081.464,2026-05-24 17:59:59.999000+00:00,197729344.9,65183,1546.561,99249465.14,0
2026-05-24 18:00:00+00:00,64242.7,64266.9,64113.4,64199.5,2530.206,2026-05-24 18:59:59.999000+00:00,162400416.4,69589,1037.566,66597580.58,0
2026-05-24 19:00:00+00:00,64199.5,64260.1,64105.0,64139.6,2090.567,2026-05-24 19:59:59.999000+00:00,134155701.6,42403,1046.707,67168084.13,0
2026-05-24 20:00:00+00:00,64139.6,64195.1,64098.7,64112.2,1832.95,2026-05-24 20:59:59.999000+00:00,117561234.4,44648,713.661,45772831.78,0
2026-05-24 21:00:00+00:00,64112.2,64187.6,64098.7,64132.7,1039.951,2026-05-24 21:59:59.999000+00:00,66700398.94,28228,479.08,30725546.39,0
2026-05-24 22:00:00+00:00,64132.8,64155.0,64102.2,64116.5,988.191,2026-05-24 22:59:59.999000+00:00,63369720.85,27569,394.003,25266168.96,0
2026-05-24 23:00:00+00:00,64116.5,64155.0,64005.4,64049.6,6490.967,2026-05-24 23:59:59.999000+00:00,415954819.4,40299,1268.21,81289865.44,0
2026-05-25 00:00:00+00:00,64049.6,64135.0,63977.0,64039.2,2142.025,2026-05-25 00:59:59.999000+00:00,137175007.2,47777,1117.489,71562596.07,0
2026-05-25 01:00:00+00:00,64039.1,64072.3,63988.4,64010.5,1372.173,2026-05-25 01:59:59.999000+00:00,87846388.3,31942,656.113,42004569.09,0
2026-05-25 02:00:00+00:00,64010.5,64073.7,63988.4,64052.9,1221.84,2026-05-25 02:59:59.999000+00:00,78241371.8,28431,660.556,42298812.02,0
2026-05-25 03:00:00+00:00,64053.0,64181.0,64052.9,64146.9,1255.783,2026-05-25 03:59:59.999000+00:00,80520951.88,31318,697.973,44752904.02,0
2026-05-25 04:00:00+00:00,64147.0,64166.6,63940.7,63990.1,1755.924,2026-05-25 04:59:59.999000+00:00,112442914.7,34021,631.94,40471339.9,0
2026-05-25 05:00:00+00:00,63990.0,64032.0,63933.2,63982.9,1842.202,2026-05-25 05:59:59.999000+00:00,117853865.8,34489,880.25,56316352.02,0
2026-05-25 06:00:00+00:00,63982.9,64005.5,63966.8,63972.9,1138.406,2026-05-25 06:59:59.999000+00:00,72846642.09,26555,523.397,33492532.54,0
2026-05-25 07:00:00+00:00,63973.0,63973.1,63760.5,63844.3,3567.434,2026-05-25 07:59:59.999000+00:00,227862879.4,60796,1295.937,82776204.84,0
2026-05-25 08:00:00+00:00,63844.4,64000.0,63794.2,63973.9,2160.102,2026-05-25 08:59:59.999000+00:00,138026973.1,44352,1260.508,80549912.22,0
2026-05-25 09:00:00+00:00,63973.8,64039.7,63959.3,64039.6,1751.971,2026-05-25 09:59:59.999000+00:00,112125501.4,28224,1113.67,71278039.56,0
2026-05-25 10:00:00+00:00,64039.6,64078.5,64014.7,64031.3,1213.513,2026-05-25 10:59:59.999000+00:00,77718271.17,30248,577.454,36983009.45,0
2026-05-25 11:00:00+00:00,64031.2,64088.2,64006.2,64088.2,1166.645,2026-05-25 11:59:59.999000+00:00,74718700.07,26547,490.42,31410791.39,0
2026-05-25 12:00:00+00:00,64088.1,64236.8,64072.2,64136.9,2768.49,2026-05-25 12:59:59.999000+00:00,177600547.8,49561,1611.969,103414289.2,0
2026-05-25 13:00:00+00:00,64136.8,64187.4,64079.2,64177.7,1570.678,2026-05-25 13:59:59.999000+00:00,100731203.2,36507,738.304,47353576.25,0
2026-05-25 14:00:00+00:00,64177.7,64243.6,64135.5,64150.0,1961.221,2026-05-25 14:59:59.999000+00:00,125897041.7,41449,923.279,59272548.5,0
2026-05-25 15:00:00+00:00,64150.1,64219.0,64092.2,64180.9,1548.05,2026-05-25 15:59:59.999000+00:00,99311892.35,34114,607.116,38950402.17,0
2026-05-25 16:00:00+00:00,64180.8,64330.2,64162.1,64236.6,2620.615,2026-05-25 16:59:59.999000+00:00,168362662.0,43820,1644.603,105664679.5,0
2026-05-25 17:00:00+00:00,64236.7,64417.1,64236.7,64391.4,2559.51,2026-05-25 17:59:59.999000+00:00,164723102.7,57090,1610.129,103621019.7,0
2026-05-25 18:00:00+00:00,64391.3,64410.0,64351.4,64359.6,1546.182,2026-05-25 18:59:59.999000+00:00,99544887.67,26358,656.91,42292485.56,0
2026-05-25 19:00:00+00:00,64359.7,64367.8,64282.9,64303.9,1212.571,2026-05-25 19:59:59.999000+00:00,77994915.52,28496,560.012,36019919.2,0
2026-05-25 20:00:00+00:00,64304.0,64407.1,64233.0,64318.5,1521.137,2026-05-25 20:59:59.999000+00:00,97831467.72,31697,899.804,57878698.62,0
2026-05-25 21:00:00+00:00,64318.6,64393.0,64318.5,64377.6,868.254,2026-05-25 21:59:59.999000+00:00,55880713.57,25112,432.479,27833111.86,0
2026-05-25 22:00:00+00:00,64377.7,64393.4,64331.9,64338.1,991.941,2026-05-25 22:59:59.999000+00:00,63852070.05,21413,424.838,27346800.4,0
2026-05-25 23:00:00+00:00,64338.0,64482.7,64317.9,64482.6,1921.435,2026-05-25 23:59:59.999000+00:00,123777516.5,43699,1218.444,78494638.97,0
2026-05-26 00:00:00+00:00,64482.7,64514.1,64422.6,64434.3,1584.646,2026-05-26 00:59:59.999000+00:00,102153809.3,36355,780.808,50338934.43,0
2026-05-26 01:00:00+00:00,64434.3,64500.0,64394.0,64490.6,1140.605,2026-05-26 01:59:59.999000+00:00,73505000.11,29420,627.663,40450477.81,0
2026-05-26 02:00:00+00:00,64490.6,64553.9,64453.2,64518.8,1560.582,2026-05-26 02:59:59.999000+00:00,100685334.0,35982,771.665,49785433.61,0
2026-05-26 03:00:00+00:00,64518.9,64566.0,64452.9,64493.1,1510.232,2026-05-26 03:59:59.999000+00:00,97427523.19,30249,790.174,50977769.18,0
2026-05-26 04:00:00+00:00,64493.2,64493.2,64359.3,64386.0,2022.339,2026-05-26 04:59:59.999000+00:00,130298149.5,35628,714.508,46034896.66,0
2026-05-26 05:00:00+00:00,64386.0,64428.7,64256.4,64408.9,3152.044,2026-05-26 05:59:59.999000+00:00,202784074.8,53795,1455.023,93618449.19,0
2026-05-26 06:00:00+00:00,64409.0,64439.1,64313.5,64341.2,1444.629,2026-05-26 06:59:59.999000+00:00,92975227.61,33093,657.523,42318374.48,0
2026-05-26 07:00:00+00:00,64341.3,64467.5,64320.2,64450.1,1158.466,2026-05-26 07:59:59.999000+00:00,74599907.07,26854,675.979,43529237.7,0
2026-05-26 08:00:00+00:00,64450.0,64525.2,64450.0,64512.3,1615.264,2026-05-26 08:59:59.999000+00:00,104183640.2,28725,897.134,57864216.86,0
2026-05-26 09:00:00+00:00,64512.3,64557.3,64472.4,64490.9,1709.222,2026-05-26 09:59:59.999000+00:00,110243684.8,25859,665.083,42901060.2,0
2026-05-26 10:00:00+00:00,64491.0,64507.2,64470.0,64481.4,968.837,2026-05-26 10:59:59.999000+00:00,62473457.89,19133,438.665,28286441.78,0
2026-05-26 11:00:00+00:00,64481.5,64639.0,64405.9,64434.2,3951.26,2026-05-26 11:59:59.999000+00:00,254971560.5,59005,1974.578,127442023.7,0
2026-05-26 12:00:00+00:00,64434.2,64548.3,64379.7,64491.8,2041.798,2026-05-26 12:59:59.999000+00:00,131587244.3,38821,1044.333,67308494.65,0
2026-05-26 13:00:00+00:00,64491.9,64748.3,64491.8,64687.2,5026.726,2026-05-26 13:59:59.999000+00:00,325023615.6,103183,2988.681,193242546.8,0
2026-05-26 14:00:00+00:00,64687.2,64819.3,64640.0,64733.6,3665.271,2026-05-26 14:59:59.999000+00:00,237277733.2,80340,1977.212,128007102.9,0
2026-05-26 15:00:00+00:00,64733.5,64909.0,64670.1,64700.0,4283.747,2026-05-26 15:59:59.999000+00:00,277508972.8,90392,2022.432,131044225.7,0
2026-05-26 16:00:00+00:00,64700.0,64769.1,64639.9,64663.2,2119.427,2026-05-26 16:59:59.999000+00:00,137100246.7,50004,926.371,59928954.0,0
2026-05-26 17:00:00+00:00,64663.3,64749.4,64634.0,64706.8,1135.743,2026-05-26 17:59:59.999000+00:00,73457483.37,31702,565.257,36559371.72,0
2026-05-26 18:00:00+00:00,64706.8,64729.4,64638.8,64665.5,791.484,2026-05-26 18:59:59.999000+00:00,51196991.66,24963,423.206,27375918.78,0
2026-05-26 19:00:00+00:00,64665.6,64676.2,64606.3,64621.3,748.268,2026-05-26 19:59:59.999000+00:00,48363711.92,20712,292.189,18886107.88,0
2026-05-26 20:00:00+00:00,64621.2,64897.1,64621.2,64821.7,1929.004,2026-05-26 20:59:59.999000+00:00,124970475.2,50020,1161.23,75227734.93,0
2026-05-26 21:00:00+00:00,64821.7,65480.0,64821.7,65384.7,13652.278,2026-05-26 21:59:59.999000+00:00,890586756.6,224172,8042.243,524529624.1,0
2026-05-26 22:00:00+00:00,65384.7,65555.0,65245.6,65375.1,6629.856,2026-05-26 22:59:59.999000+00:00,433605045.2,132995,2909.742,190323568.6,0
2026-05-26 23:00:00+00:00,65375.2,65398.8,65033.0,65106.0,5619.723,2026-05-26 23:59:59.999000+00:00,366183365.6,129208,2541.833,165617891.9,0
2026-05-27 00:00:00+00:00,65106.0,65196.7,64872.0,65179.8,5474.232,2026-05-27 00:59:59.999000+00:00,356137637.7,123070,2816.715,183280627.5,0
2026-05-27 01:00:00+00:00,65179.9,65254.4,65088.0,65145.7,2410.619,2026-05-27 01:59:59.999000+00:00,157105184.0,72865,1232.898,80353345.12,0
2026-05-27 02:00:00+00:00,65145.6,65344.0,65143.5,65261.5,2331.283,2026-05-27 02:59:59.999000+00:00,152145940.4,65578,1203.374,78535025.24,0
2026-05-27 03:00:00+00:00,65261.5,65484.6,65216.0,65257.2,3606.45,2026-05-27 03:59:59.999000+00:00,235630105.9,82723,1715.375,112076985.6,0
2026-05-27 04:00:00+00:00,65257.2,65468.2,65251.0,65434.3,2052.379,2026-05-27 04:59:59.999000+00:00,134135582.0,59804,1084.042,70849854.79,0
2026-05-27 05:00:00+00:00,65434.2,65722.5,65377.5,65388.0,6825.399,2026-05-27 05:59:59.999000+00:00,447380874.9,135920,3735.677,244885994.5,0
2026-05-27 06:00:00+00:00,65388.0,65421.3,65190.0,65195.9,4161.868,2026-05-27 06:59:59.999000+00:00,271809158.7,89286,1994.165,130250016.4,0
2026-05-27 07:00:00+00:00,65196.0,65234.0,65092.3,65133.0,3777.889,2026-05-27 07:59:59.999000+00:00,246195162.7,77001,1754.014,114307738.4,0
2026-05-27 08:00:00+00:00,65132.9,65315.7,65066.3,65234.4,3233.697,2026-05-27 08:59:59.999000+00:00,210827348.2,62735,1821.941,118799640.2,0
2026-05-27 09:00:00+00:00,65234.5,65412.8,65202.1,65314.7,2361.136,2026-05-27 09:59:59.999000+00:00,154215138.9,51675,1318.651,86130115.81,0
2026-05-27 10:00:00+00:00,65314.7,65314.8,65061.1,65073.1,2731.686,2026-05-27 10:59:59.999000+00:00,178008169.0,62939,1132.777,73819827.15,0
2026-05-27 11:00:00+00:00,65073.1,65240.2,64811.0,65065.0,8493.576,2026-05-27 11:59:59.999000+00:00,552241615.8,143045,4276.81,278161215.1,0
2026-05-27 12:00:00+00:00,65065.0,65689.6,64885.3,65189.4,16449.888,2026-05-27 12:59:59.999000+00:00,1075246102.0,319721,7762.414,507275927.2,0
2026-05-27 13:00:00+00:00,65189.4,65409.3,64418.9,64663.4,18708.373,2026-05-27 13:59:59.999000+00:00,1212427892.0,436215,8876.231,575448685.6,0
2026-05-27 14:00:00+00:00,64663.4,64750.0,64374.4,64517.1,9045.046,2026-05-27 14:59:59.999000+00:00,584062162.9,218753,4271.62,275854656.0,0
2026-05-27 15:00:00+00:00,64517.2,64941.7,64479.0,64871.0,6852.718,2026-05-27 15:59:59.999000+00:00,443685631.0,164491,3452.996,223534757.0,0
2026-05-27 16:00:00+00:00,64871.0,65069.4,64761.7,64994.3,4101.367,2026-05-27 16:59:59.999000+00:00,266370088.0,102137,2026.481,131618375.3,0
2026-05-27 17:00:00+00:00,64994.2,65034.9,64727.3,64854.7,3642.72,2026-05-27 17:59:59.999000+00:00,236192680.6,87654,1785.12,115736758.2,0
2026-05-27 18:00:00+00:00,64854.7,65056.8,64782.0,64959.2,2642.628,2026-05-27 18:59:59.999000+00:00,171606866.9,79018,1385.741,89993805.8,0
2026-05-27 19:00:00+00:00,64959.2,65030.8,64873.6,64940.4,1671.359,2026-05-27 19:59:59.999000+00:00,108548894.2,44317,863.228,56065781.0,0
2026-05-27 20:00:00+00:00,64940.3,64940.4,64762.1,64790.2,1614.505,2026-05-27 20:59:59.999000+00:00,104668615.6,41836,617.97,40061344.65,0
2026-05-27 21:00:00+00:00,64790.3,64790.3,63755.3,63755.4,16449.15,2026-05-27 21:59:59.999000+00:00,1055203475.0,238279,5774.219,370515082.1,0
2026-05-27 22:00:00+00:00,63755.5,63903.6,63567.0,63720.8,13574.042,2026-05-27 22:59:59.999000+00:00,864984090.6,254074,6566.575,418547846.3,0
2026-05-27 23:00:00+00:00,63720.7,63794.3,63439.1,63453.1,7909.745,2026-05-27 23:59:59.999000+00:00,502985966.2,191138,3395.255,215936135.9,0
2026-05-28 00:00:00+00:00,63453.1,63500.0,63021.0,63195.9,13354.768,2026-05-28 00:59:59.999000+00:00,844215654.4,229814,6180.08,390663321.2,0
2026-05-28 01:00:00+00:00,63195.9,63269.8,63069.8,63148.2,4990.923,2026-05-28 01:59:59.999000+00:00,315272565.3,89344,2317.856,146435838.1,0
2026-05-28 02:00:00+00:00,63148.1,63342.8,63131.9,63310.1,4066.35,2026-05-28 02:59:59.999000+00:00,257228305.7,81329,2460.16,155622307.3,0
2026-05-28 03:00:00+00:00,63310.0,63333.3,63187.2,63323.5,4684.392,2026-05-28 03:59:59.999000+00:00,296460786.3,72850,2726.807,172579157.0,0
2026-05-28 04:00:00+00:00,63323.5,63588.0,63294.9,63417.4,5443.976,2026-05-28 04:59:59.999000+00:00,345524107.6,96325,2758.189,175072966.5,0
2026-05-28 05:00:00+00:00,63417.5,63642.2,63365.4,63609.4,3804.782,2026-05-28 05:59:59.999000+00:00,241643799.4,76252,2276.584,144604000.7,0
2026-05-28 06:00:00+00:00,63609.4,63635.4,63421.0,63476.8,3883.873,2026-05-28 06:59:59.999000+00:00,246728815.6,71930,1633.855,103784117.4,0
2026-05-28 07:00:00+00:00,63476.8,63513.9,63370.1,63401.7,2415.759,2026-05-28 07:59:59.999000+00:00,153251413.6,58073,1042.851,66158313.23,0
2026-05-28 08:00:00+00:00,63401.6,63557.0,63337.7,63367.8,4377.904,2026-05-28 08:59:59.999000+00:00,277801181.8,64811,1814.318,115119354.8,0
2026-05-28 09:00:00+00:00,63367.8,63532.1,63263.5,63439.6,7147.337,2026-05-28 09:59:59.999000+00:00,453030725.9,97373,3418.208,216703910.0,0
2026-05-28 10:00:00+00:00,63439.6,63569.0,63322.6,63430.8,3763.568,2026-05-28 10:59:59.999000+00:00,238721275.6,91137,1775.301,112612599.4,0
2026-05-28 11:00:00+00:00,63430.7,63548.8,63355.4,63520.1,3288.693,2026-05-28 11:59:59.999000+00:00,208678726.0,79687,1557.722,98843738.95,0
2026-05-28 12:00:00+00:00,63520.1,63568.6,62660.1,63078.9,16804.472,2026-05-28 12:59:59.999000+00:00,1059476684.0,312546,7452.593,469922941.4,0
2026-05-28 13:00:00+00:00,63078.9,63521.0,62937.0,63384.1,10759.073,2026-05-28 13:59:59.999000+00:00,680392626.1,280170,5590.627,353551525.1,0
2026-05-28 14:00:00+00:00,63384.0,64014.2,63231.9,63899.4,15235.464,2026-05-28 14:59:59.999000+00:00,970796592.1,328226,8533.996,543903382.1,0
2026-05-28 15:00:00+00:00,63899.5,64084.5,63746.4,64020.0,5705.085,2026-05-28 15:59:59.999000+00:00,364546052.7,141690,3217.011,205605251.6,0
2026-05-28 16:00:00+00:00,64019.9,64020.0,63477.2,63666.0,6338.588,2026-05-28 16:59:59.999000+00:00,403697474.6,150106,2819.659,179571084.6,0
2026-05-28 17:00:00+00:00,63666.0,63824.0,63646.6,63710.8,2521.312,2026-05-28 17:59:59.999000+00:00,160653733.0,96045,1395.396,88919479.24,0
2026-05-28 18:00:00+00:00,63710.8,63882.4,63650.1,63882.4,2666.007,2026-05-28 18:59:59.999000+00:00,170021669.3,84505,1582.039,100903569.7,0
2026-05-28 19:00:00+00:00,63882.4,63993.2,63850.4,63890.8,3090.519,2026-05-28 19:59:59.999000+00:00,197511598.8,80635,1719.235,109874973.4,0
2026-05-28 20:00:00+00:00,63890.7,64047.9,63863.8,63950.1,2344.876,2026-05-28 20:59:59.999000+00:00,149968919.1,62170,1446.286,92497550.55,0
2026-05-28 21:00:00+00:00,63950.1,64000.0,63739.8,63754.6,3276.39,2026-05-28 21:59:59.999000+00:00,209247563.6,85939,1684.807,107601497.7,0
2026-05-28 22:00:00+00:00,63754.6,63934.3,63526.0,63903.6,6400.006,2026-05-28 22:59:59.999000+00:00,407635996.2,109179,3934.69,250602271.0,0
2026-05-28 23:00:00+00:00,63903.6,64175.0,63846.0,63927.5,5771.301,2026-05-28 23:59:59.999000+00:00,369457600.4,143284,2961.193,189589253.6,0
2026-05-29 00:00:00+00:00,63927.5,63978.7,63657.8,63682.5,4706.938,2026-05-29 00:59:59.999000+00:00,300350905.6,161419,2453.11,156548610.1,0
2026-05-29 01:00:00+00:00,63682.5,64110.5,63630.0,63955.0,5422.055,2026-05-29 01:59:59.999000+00:00,346396637.0,163712,2980.39,190367031.1,0
2026-05-29 02:00:00+00:00,63955.0,63984.7,63684.7,63727.0,4992.94,2026-05-29 02:59:59.999000+00:00,318513558.8,137758,2460.814,156962184.0,0
2026-05-29 03:00:00+00:00,63727.0,63950.0,63569.5,63944.2,4296.721,2026-05-29 03:59:59.999000+00:00,273898479.7,134025,2394.96,152676508.4,0
2026-05-29 04:00:00+00:00,63944.3,64071.1,63866.4,64045.3,3574.698,2026-05-29 04:59:59.999000+00:00,228693537.3,87178,1794.852,114827651.3,0
2026-05-29 05:00:00+00:00,64045.3,64444.0,64004.7,64407.7,9275.804,2026-05-29 05:59:59.999000+00:00,596418574.3,146057,5202.238,334446095.2,0
2026-05-29 06:00:00+00:00,64407.8,64544.0,64376.1,64539.0,5453.408,2026-05-29 06:59:59.999000+00:00,351473501.4,88491,2866.686,184764547.9,0
2026-05-29 07:00:00+00:00,64539.1,64556.6,64251.0,64391.2,5688.224,2026-05-29 07:59:59.999000+00:00,366261594.5,93423,2371.335,152685392.4,0
2026-05-29 08:00:00+00:00,64391.2,64715.9,64353.2,64660.7,5905.262,2026-05-29 08:59:59.999000+00:00,381219596.9,108819,2984.737,192697093.5,0
2026-05-29 09:00:00+00:00,64660.8,64691.4,64381.2,64444.0,4695.38,2026-05-29 09:59:59.999000+00:00,303146009.8,82164,2114.508,136528498.2,0
2026-05-29 10:00:00+00:00,64444.0,64565.2,64388.0,64480.0,2928.166,2026-05-29 10:59:59.999000+00:00,188741203.8,68807,1366.694,88090814.44,0
2026-05-29 11:00:00+00:00,64479.9,64480.0,64175.4,64248.2,4373.432,2026-05-29 11:59:59.999000+00:00,281281402.2,100513,1719.512,110590028.1,0
2026-05-29 12:00:00+00:00,64248.2,64639.9,64113.6,64634.6,10594.764,2026-05-29 12:59:59.999000+00:00,681619900.6,258410,5523.403,355441178.5,0
2026-05-29 13:00:00+00:00,64634.6,64688.0,64019.0,64078.1,8887.439,2026-05-29 13:59:59.999000+00:00,571174180.6,288932,4433.19,284880451.7,0
2026-05-29 14:00:00+00:00,64078.2,64170.7,63857.4,63940.2,6804.924,2026-05-29 14:59:59.999000+00:00,435592571.5,196568,3454.863,221161085.1,0
2026-05-29 15:00:00+00:00,63940.2,64131.9,63600.0,63786.6,10205.123,2026-05-29 15:59:59.999000+00:00,651385654.9,211957,4846.644,309392740.9,0
2026-05-29 16:00:00+00:00,63786.6,64287.3,63680.1,64247.5,7085.746,2026-05-29 16:59:59.999000+00:00,452929958.2,162829,4002.501,255906777.9,0
2026-05-29 17:00:00+00:00,64247.4,64703.9,63742.9,64484.5,24784.012,2026-05-29 17:59:59.999000+00:00,1594287777.0,501248,12244.677,787715493.9,0
2026-05-29 18:00:00+00:00,64484.4,64575.7,63483.9,63564.1,14295.245,2026-05-29 18:59:59.999000+00:00,914167289.0,362407,6579.009,420641286.5,0
2026-05-29 19:00:00+00:00,63564.0,63721.0,63336.0,63487.9,9804.197,2026-05-29 19:59:59.999000+00:00,622922112.2,239288,4823.12,306480929.8,0
2026-05-29 20:00:00+00:00,63487.8,63831.8,63234.0,63831.1,9361.784,2026-05-29 20:59:59.999000+00:00,594371211.6,157656,5456.693,346545275.0,0
2026-05-29 21:00:00+00:00,63831.2,64108.4,63831.1,63916.9,8261.334,2026-05-29 21:59:59.999000+00:00,528474387.0,141652,4208.87,269224366.1,0
2026-05-29 22:00:00+00:00,63916.9,64044.4,63868.0,63958.9,2807.402,2026-05-29 22:59:59.999000+00:00,179561238.9,80659,1527.594,97718651.82,0
2026-05-29 23:00:00+00:00,63958.9,64098.2,63576.4,63673.7,6274.187,2026-05-29 23:59:59.999000+00:00,400238749.7,123654,2842.911,181358899.0,0
2026-05-30 00:00:00+00:00,63673.7,64355.9,63662.6,64245.3,6840.859,2026-05-30 00:59:59.999000+00:00,437828269.4,158127,4061.024,259920341.2,0
2026-05-30 01:00:00+00:00,64245.2,64393.0,64139.0,64163.7,3764.311,2026-05-30 01:59:59.999000+00:00,241991045.2,108796,1816.794,116811413.5,0
2026-05-30 02:00:00+00:00,64163.7,64282.8,64109.0,64134.0,2384.038,2026-05-30 02:59:59.999000+00:00,153002636.7,81450,1276.362,81917518.91,0
2026-05-30 03:00:00+00:00,64134.0,64152.3,63980.0,63998.5,2650.287,2026-05-30 03:59:59.999000+00:00,169818439.3,64801,1145.028,73371969.12,0
2026-05-30 04:00:00+00:00,63998.6,64156.4,63881.0,64013.6,3410.62,2026-05-30 04:59:59.999000+00:00,218268066.3,101607,1835.795,117490859.9,0
2026-05-30 05:00:00+00:00,64013.5,64054.8,63930.0,63974.6,1486.362,2026-05-30 05:59:59.999000+00:00,95110788.84,59102,798.431,51092825.83,0
2026-05-30 06:00:00+00:00,63974.6,64121.9,63913.6,63981.9,3159.857,2026-05-30 06:59:59.999000+00:00,202292817.3,80297,1790.96,114656891.1,0
2026-05-30 07:00:00+00:00,63981.9,64334.6,63950.0,64280.4,4231.718,2026-05-30 07:59:59.999000+00:00,271620799.5,106177,2532.922,162560501.1,0
2026-05-30 08:00:00+00:00,64280.4,64618.1,64257.1,64550.0,6694.068,2026-05-30 08:59:59.999000+00:00,431799644.7,122603,3514.043,226649517.9,0
2026-05-30 09:00:00+00:00,64550.0,64612.5,64538.2,64548.9,3675.459,2026-05-30 09:59:59.999000+00:00,237321504.3,58253,1248.621,80628675.75,0
2026-05-30 10:00:00+00:00,64548.9,64870.0,64515.1,64766.8,7542.228,2026-05-30 10:59:59.999000+00:00,488021132.7,112902,4663.871,301800663.0,0
2026-05-30 11:00:00+00:00,64766.9,65015.6,64765.6,64892.6,9133.871,2026-05-30 11:59:59.999000+00:00,592668370.6,144485,5052.706,327877043.2,0
2026-05-30 12:00:00+00:00,64892.7,65157.0,64663.0,64995.9,14010.887,2026-05-30 12:59:59.999000+00:00,909624539.9,222293,6993.624,454077021.3,0
2026-05-30 13:00:00+00:00,64995.8,65015.3,64588.4,64649.0,9678.971,2026-05-30 13:59:59.999000+00:00,626822384.9,194754,4166.521,269777447.0,0
2026-05-30 14:00:00+00:00,64649.1,64861.4,64571.4,64694.2,4737.528,2026-05-30 14:59:59.999000+00:00,306497099.6,124292,2567.008,166077121.5,0
2026-05-30 15:00:00+00:00,64694.2,64933.0,64694.2,64785.1,3285.643,2026-05-30 15:59:59.999000+00:00,212986306.7,97697,1845.832,119660244.9,0
2026-05-30 16:00:00+00:00,64785.1,64957.2,64738.1,64842.4,2494.063,2026-05-30 16:59:59.999000+00:00,161758604.3,72901,1225.098,79455149.15,0
2026-05-30 17:00:00+00:00,64842.4,64871.1,64657.4,64668.9,1921.207,2026-05-30 17:59:59.999000+00:00,124371180.1,49307,940.198,60863872.55,0
2026-05-30 18:00:00+00:00,64668.9,64875.0,64668.8,64778.6,1965.073,2026-05-30 18:59:59.999000+00:00,127327434.4,61092,1118.096,72445650.89,0
2026-05-30 19:00:00+00:00,64778.5,64909.0,64723.4,64750.0,2723.326,2026-05-30 19:59:59.999000+00:00,176477280.0,67504,1448.7,93882544.01,0
2026-05-30 20:00:00+00:00,64750.0,64780.8,64678.2,64706.5,1435.863,2026-05-30 20:59:59.999000+00:00,92950019.86,40459,799.537,51758334.06,0
2026-05-30 21:00:00+00:00,64706.6,64995.0,64636.3,64827.4,3686.525,2026-05-30 21:59:59.999000+00:00,239167382.4,83690,2004.99,130082417.4,0
2026-05-30 22:00:00+00:00,64827.3,65062.9,64698.5,64750.0,5668.781,2026-05-30 22:59:59.999000+00:00,367650572.4,94007,2824.135,183191197.9,0
2026-05-30 23:00:00+00:00,64750.0,64878.0,64663.7,64698.5,2973.54,2026-05-30 23:59:59.999000+00:00,192537696.7,78819,1388.266,89885575.78,0
2026-05-31 00:00:00+00:00,64698.5,65391.3,64444.0,64535.1,16749.679,2026-05-31 00:59:59.999000+00:00,1088311409.0,301450,9311.845,605271421.3,0
2026-05-31 01:00:00+00:00,64535.2,64593.3,64177.9,64271.9,9560.756,2026-05-31 01:59:59.999000+00:00,615339153.2,191773,4824.906,310555652.8,0
2026-05-31 02:00:00+00:00,64272.0,64410.4,64138.0,64344.0,5854.658,2026-05-31 02:59:59.999000+00:00,376462764.9,129088,3297.15,212036339.7,0
2026-05-31 03:00:00+00:00,64344.0,64425.6,64210.0,64281.6,3166.071,2026-05-31 03:59:59.999000+00:00,203642668.1,77175,1771.525,113958982.6,0
2026-05-31 04:00:00+00:00,64281.6,64396.7,64242.5,64334.4,2568.023,2026-05-31 04:59:59.999000+00:00,165201455.6,63719,1442.421,92792682.4,0
2026-05-31 05:00:00+00:00,64334.3,64476.8,64179.9,64208.5,4155.684,2026-05-31 05:59:59.999000+00:00,267232035.2,82771,2102.209,135218360.8,0
2026-05-31 06:00:00+00:00,64208.4,64217.0,63835.6,63909.1,11234.331,2026-05-31 06:59:59.999000+00:00,718825262.1,165948,4590.202,293731043.5,0
2026-05-31 07:00:00+00:00,63909.1,63950.0,63777.7,63801.9,6279.775,2026-05-31 07:59:59.999000+00:00,401001538.4,104733,3274.524,209103929.6,0
2026-05-31 08:00:00+00:00,63801.8,63820.0,63601.2,63689.0,5255.291,2026-05-31 08:59:59.999000+00:00,334745365.0,108158,2635.812,167891809.7,0
2026-05-31 09:00:00+00:00,63689.1,63923.4,63577.0,63886.1,5345.605,2026-05-31 09:59:59.999000+00:00,340879608.9,91786,3168.395,202065243.3,0
2026-05-31 10:00:00+00:00,63886.2,63982.2,63755.1,63779.4,3656.002,2026-05-31 10:59:59.999000+00:00,233494007.9,70649,1637.817,104608518.4,0
2026-05-31 11:00:00+00:00,63779.4,63804.1,63595.3,63727.4,5013.922,2026-05-31 11:59:59.999000+00:00,319347656.5,98285,2627.436,167352918.0,0
2026-05-31 12:00:00+00:00,63727.4,63807.5,63216.2,63248.1,15778.254,2026-05-31 12:59:59.999000+00:00,1001673801.0,283542,7089.776,450214717.2,0
2026-05-31 13:00:00+00:00,63248.0,63291.6,62410.5,62663.8,37380.196,2026-05-31 13:59:59.999000+00:00,2344270194.0,619865,18617.83,1167153347.0,0
2026-05-31 14:00:00+00:00,62663.9,62749.7,62458.0,62695.4,9158.832,2026-05-31 14:59:59.999000+00:00,573555081.7,209135,5099.846,319414055.6,0
2026-05-31 15:00:00+00:00,62695.3,62913.4,62680.1,62849.4,6323.225,2026-05-31 15:59:59.999000+00:00,397282503.4,143561,3469.009,217961324.7,0
2026-05-31 16:00:00+00:00,62849.4,63270.1,62780.8,63215.6,6762.001,2026-05-31 16:59:59.999000+00:00,426252787.4,142582,3660.437,230770623.3,0
2026-05-31 17:00:00+00:00,63215.6,63275.7,62935.1,63064.9,5633.135,2026-05-31 17:59:59.999000+00:00,355420163.9,105178,2215.499,139792141.7,0
2026-05-31 18:00:00+00:00,63065.0,63133.0,62906.3,62947.2,2889.931,2026-05-31 18:59:59.999000+00:00,182040049.5,79870,1142.079,71937401.65,0
2026-05-31 19:00:00+00:00,62947.1,63003.0,62901.0,62928.7,2268.918,2026-05-31 19:59:59.999000+00:00,142833497.4,56442,1167.757,73515260.44,0
2026-05-31 20:00:00+00:00,62928.7,63037.0,62814.1,62924.7,2820.424,2026-05-31 20:59:59.999000+00:00,177554665.6,62927,1442.284,90798885.8,0
2026-05-31 21:00:00+00:00,62924.8,62996.7,62835.0,62916.7,2306.85,2026-05-31 21:59:59.999000+00:00,145176094.7,48659,1151.968,72493315.3,0
2026-05-31 22:00:00+00:00,62916.8,62990.0,62825.0,62859.9,1829.832,2026-05-31 22:59:59.999000+00:00,115115953.8,38507,735.897,46297103.01,0
2026-05-31 23:00:00+00:00,73653.2,74070.5,73620.0,73855.0,3770.449,2026-05-31 23:59:59.999000+00:00,278527121.6,131490,1762.599,130196702.5,0
2026-06-01 00:00:00+00:00,73854.9,73890.0,73235.0,73257.8,5614.578,2026-06-01 00:59:59.999000+00:00,412680323.5,145739,2450.624,180171490.6,0
2026-06-01 01:00:00+00:00,73257.9,73865.0,73171.0,73766.3,5651.739,2026-06-01 01:59:59.999000+00:00,415871722.0,148069,2948.031,216874090.6,0
2026-06-01 02:00:00+00:00,73766.2,73998.8,73692.9,73731.3,3361.378,2026-06-01 02:59:59.999000+00:00,248323912.6,105962,1663.81,122915109.1,0
2026-06-01 03:00:00+00:00,73731.4,73815.9,73307.7,73497.6,4968.162,2026-06-01 03:59:59.999000+00:00,365061297.6,113302,2610.583,191834775.9,0
2026-06-01 04:00:00+00:00,73497.5,73507.9,73283.5,73319.5,2267.135,2026-06-01 04:59:59.999000+00:00,166392650.8,66383,1042.534,76520084.52,0
2026-06-01 05:00:00+00:00,73319.5,73339.3,72917.0,73106.6,7954.82,2026-06-01 05:59:59.999000+00:00,581518084.5,165137,3448.024,252100770.4,0
2026-06-01 06:00:00+00:00,73106.6,73177.8,72668.0,72776.1,6817.045,2026-06-01 06:59:59.999000+00:00,497030085.6,189650,3305.716,241059386.6,0
2026-06-01 07:00:00+00:00,72776.1,72907.8,72573.5,72875.7,6995.32,2026-06-01 07:59:59.999000+00:00,508924645.4,147754,3060.236,222688486.8,0
2026-06-01 08:00:00+00:00,72875.8,73084.0,72801.1,72855.2,5876.471,2026-06-01 08:59:59.999000+00:00,428614553.9,117785,3104.936,226477626.4,0
2026-06-01 09:00:00+00:00,72855.2,72878.1,72551.0,72725.9,4945.966,2026-06-01 09:59:59.999000+00:00,359592726.2,110542,2307.099,167733288.1,0
2026-06-01 10:00:00+00:00,72725.9,72742.0,72188.0,72452.8,9571.993,2026-06-01 10:59:59.999000+00:00,693481982.2,156511,3627.529,262886054.7,0
2026-06-01 11:00:00+00:00,72452.7,72583.7,71862.6,72193.1,22210.026,2026-06-01 11:59:59.999000+00:00,1602470919.0,369433,11769.398,849209153.7,0
2026-06-01 12:00:00+00:00,72193.2,72288.0,71350.0,71698.7,32500.86,2026-06-01 12:59:59.999000+00:00,2332725890.0,586376,17226.136,1236697775.0,0
2026-06-01 13:00:00+00:00,71698.8,71884.9,71387.6,71548.5,14314.072,2026-06-01 13:59:59.999000+00:00,1024875736.0,349802,7049.97,504837476.7,0
2026-06-01 14:00:00+00:00,71548.5,71662.6,71035.3,71099.4,17524.364,2026-06-01 14:59:59.999000+00:00,1248976369.0,306537,8428.233,600737875.3,0
2026-06-01 15:00:00+00:00,71099.5,71600.0,70650.9,71537.7,20585.239,2026-06-01 15:59:59.999000+00:00,1462781195.0,343251,10468.728,744210296.0,0
2026-06-01 16:00:00+00:00,71537.7,71788.5,71438.9,71617.9,9208.61,2026-06-01 16:59:59.999000+00:00,659315068.5,221651,4523.965,323963299.1,0
2026-06-01 17:00:00+00:00,71617.5,71670.7,71350.1,71470.1,5092.421,2026-06-01 17:59:59.999000+00:00,364005272.3,126728,2204.867,157595516.0,0
2026-06-01 18:00:00+00:00,71470.1,71645.2,71358.0,71571.0,3402.005,2026-06-01 18:59:59.999000+00:00,243269445.3,105224,1855.307,132667752.3,0
2026-06-01 19:00:00+00:00,71571.0,71670.0,71383.8,71419.8,2339.282,2026-06-01 19:59:59.999000+00:00,167331287.4,69548,1106.686,79168616.87,0
2026-06-01 20:00:00+00:00,71419.7,71419.8,70911.0,71004.6,6654.354,2026-06-01 20:59:59.999000+00:00,473290847.6,128572,3005.169,213714546.9,0
2026-06-01 21:00:00+00:00,71004.6,71439.5,70806.0,71376.6,7396.047,2026-06-01 21:59:59.999000+00:00,526166103.3,143780,3812.912,271291465.7,0
2026-06-01 22:00:00+00:00,71376.7,71564.0,71199.0,71391.5,4448.792,2026-06-01 22:59:59.999000+00:00,317645488.6,109146,2207.488,157616362.4,0
2026-06-01 23:00:00+00:00,71391.5,71397.0,71071.5,71266.6,3758.49,2026-06-01 23:59:59.999000+00:00,267709316.9,124308,1938.386,138058355.4,0
2026-06-02 00:00:00+00:00,71266.5,71357.2,70555.7,70615.2,8460.939,2026-06-02 00:59:59.999000+00:00,600158061.0,216260,3673.172,260694654.3,0
2026-06-02 01:00:00+00:00,70612.2,70855.9,70038.0,70820.0,18148.055,2026-06-02 01:59:59.999000+00:00,1278819273.0,386115,8542.901,602322038.9,0
2026-06-02 02:00:00+00:00,70820.0,71022.4,70768.5,70920.7,4366.617,2026-06-02 02:59:59.999000+00:00,309683239.8,125643,2543.81,180414502.0,0
2026-06-02 03:00:00+00:00,70920.8,71022.7,70690.1,70782.3,4111.213,2026-06-02 03:59:59.999000+00:00,291363615.1,113246,1981.066,140409686.6,0
2026-06-02 04:00:00+00:00,70782.3,70820.8,70222.2,70235.1,9508.479,2026-06-02 04:59:59.999000+00:00,670374088.2,208102,3953.11,278740200.3,0
2026-06-02 05:00:00+00:00,70235.1,70414.9,69889.1,70076.7,12658.956,2026-06-02 05:59:59.999000+00:00,888273006.5,273983,6174.77,433429269.7,0
2026-06-02 06:00:00+00:00,70076.6,70249.6,69666.8,70079.4,12331.391,2026-06-02 06:59:59.999000+00:00,862847247.2,274940,6008.106,420504844.5,0
2026-06-02 07:00:00+00:00,70079.5,70146.2,69677.6,69794.4,6528.391,2026-06-02 07:59:59.999000+00:00,456282639.5,182754,3142.116,219637084.4,0
2026-06-02 08:00:00+00:00,69794.4,69820.4,69277.8,69393.2,13831.28,2026-06-02 08:59:59.999000+00:00,961130353.3,298220,6395.559,444470331.7,0
2026-06-02 09:00:00+00:00,69393.1,69732.2,69316.5,69620.8,7571.511,2026-06-02 09:59:59.999000+00:00,526605757.6,175229,4322.666,300610558.6,0
2026-06-02 10:00:00+00:00,69620.9,69635.0,69364.1,69430.2,3599.617,2026-06-02 10:59:59.999000+00:00,250103841.3,107050,1848.773,128447245.9,0
2026-06-02 11:00:00+00:00,69430.2,69514.6,68955.0,68985.5,12233.401,2026-06-02 11:59:59.999000+00:00,846548104.6,256951,5578.141,386055738.3,0
2026-06-02 12:00:00+00:00,68985.4,69171.0,68736.0,68788.9,18381.657,2026-06-02 12:59:59.999000+00:00,1267276580.0,391766,9248.485,637903397.0,0
2026-06-02 13:00:00+00:00,68788.9,68818.4,67573.5,67990.0,44046.045,2026-06-02 13:59:59.999000+00:00,3002662329.0,756010,20541.304,1400312209.0,0
2026-06-02 14:00:00+00:00,67989.9,68075.0,67035.5,67274.0,32842.651,2026-06-02 14:59:59.999000+00:00,2215061802.0,637529,15707.188,1059387540.0,0
2026-06-02 15:00:00+00:00,67274.0,68121.9,67196.2,67393.0,26315.425,2026-06-02 15:59:59.999000+00:00,1781928686.0,415015,12235.799,828517080.4,0
2026-06-02 16:00:00+00:00,67393.1,67821.9,67345.0,67466.0,9351.26,2026-06-02 16:59:59.999000+00:00,631686513.2,218335,5171.607,349373485.0,0
2026-06-02 17:00:00+00:00,67466.0,67641.6,67088.0,67315.5,7382.764,2026-06-02 17:59:59.999000+00:00,497139014.7,185509,3652.757,246015398.8,0
2026-06-02 18:00:00+00:00,67315.5,67474.2,66388.0,67286.7,27447.846,2026-06-02 18:59:59.999000+00:00,1835885921.0,418401,12263.208,820647217.9,0
2026-06-02 19:00:00+00:00,67286.7,67687.4,66880.1,67556.0,12855.437,2026-06-02 19:59:59.999000+00:00,864883471.9,290067,7330.756,493330497.2,0
2026-06-02 20:00:00+00:00,67556.0,67899.9,67373.5,67532.1,8980.536,2026-06-02 20:59:59.999000+00:00,607611075.4,179691,5180.206,350500854.2,0
2026-06-02 21:00:00+00:00,67532.1,67532.1,66210.0,66354.2,21317.088,2026-06-02 21:59:59.999000+00:00,1424040154.0,455990,9207.747,615360258.8,0
2026-06-02 22:00:00+00:00,66354.3,66844.8,66150.7,66730.0,20673.103,2026-06-02 22:59:59.999000+00:00,1374431078.0,436242,9562.842,635899759.4,0
2026-06-02 23:00:00+00:00,66730.1,67195.7,66620.4,66900.2,14643.212,2026-06-02 23:59:59.999000+00:00,979392654.9,257007,7155.877,478781664.3,0
2026-06-03 00:00:00+00:00,66900.3,67010.0,66442.0,66890.8,10585.483,2026-06-03 00:59:59.999000+00:00,706602630.6,195137,4655.863,310951834.3,0
2026-06-03 01:00:00+00:00,66890.8,66913.0,66547.4,66588.0,4630.414,2026-06-03 01:59:59.999000+00:00,308944751.6,154741,2342.913,156326284.7,0
2026-06-03 02:00:00+00:00,66588.0,66635.0,65359.1,65818.4,29211.393,2026-06-03 02:59:59.999000+00:00,1926841934.0,482763,13323.945,878548376.9,0
2026-06-03 03:00:00+00:00,65818.3,66594.7,65791.4,66439.2,13975.579,2026-06-03 03:59:59.999000+00:00,927192966.2,284360,6419.488,425782599.0,0
2026-06-03 04:00:00+00:00,66439.1,67380.0,66439.1,67290.2,22670.597,2026-06-03 04:59:59.999000+00:00,1520126027.0,365837,13377.36,897003171.7,0
2026-06-03 05:00:00+00:00,67290.2,67493.8,66913.1,66949.3,10542.247,2026-06-03 05:59:59.999000+00:00,708756155.8,232917,5055.568,340061842.7,0
2026-06-03 06:00:00+00:00,66949.4,67299.9,66828.5,67186.7,6907.108,2026-06-03 06:59:59.999000+00:00,463634062.3,160170,4018.986,269823582.0,0
2026-06-03 07:00:00+00:00,67186.7,67226.7,66933.6,66987.7,7143.703,2026-06-03 07:59:59.999000+00:00,479029983.3,150490,3792.095,254291130.1,0
2026-06-03 08:00:00+00:00,66987.7,67313.9,66620.0,67040.9,18551.588,2026-06-03 08:59:59.999000+00:00,1241475963.0,212871,8099.258,542051432.2,0
2026-06-03 09:00:00+00:00,67041.0,67448.0,67032.6,67260.0,6922.156,2026-06-03 09:59:59.999000+00:00,465576675.7,152176,3682.773,247714208.0,0
2026-06-03 10:00:00+00:00,67260.0,67340.0,67026.6,67040.1,3936.714,2026-06-03 10:59:59.999000+00:00,264394901.7,104470,1648.646,110754613.3,0
2026-06-03 11:00:00+00:00,67040.1,67142.1,66760.0,67050.8,8318.896,2026-06-03 11:59:59.999000+00:00,557131625.6,196868,4188.492,280458698.0,0
2026-06-03 12:00:00+00:00,67050.7,67220.2,66605.1,66884.8,10450.216,2026-06-03 12:59:59.999000+00:00,698994482.2,382240,5505.07,368227741.0,0
2026-06-03 13:00:00+00:00,66884.8,66975.0,66611.9,66840.9,7494.408,2026-06-03 13:59:59.999000+00:00,500443797.4,337863,3707.258,247556215.6,0
2026-06-03 14:00:00+00:00,66841.0,66880.0,66036.2,66046.5,19094.974,2026-06-03 14:59:59.999000+00:00,1267238035.0,422668,7932.321,526694387.4,0
2026-06-03 15:00:00+00:00,66046.6,66359.4,65508.3,66037.4,24860.392,2026-06-03 15:59:59.999000+00:00,1637332195.0,574460,10518.599,693100253.4,0
2026-06-03 16:00:00+00:00,66037.4,66159.0,65674.9,65934.0,9175.749,2026-06-03 16:59:59.999000+00:00,604879016.0,265334,4765.091,314145071.3,0
2026-06-03 17:00:00+00:00,65934.0,66141.7,65711.4,66006.6,5382.664,2026-06-03 17:59:59.999000+00:00,354917068.3,189943,2802.064,184792384.6,0
2026-06-03 18:00:00+00:00,66006.5,66030.7,65199.0,65428.6,13312.575,2026-06-03 18:59:59.999000+00:00,872582185.3,263333,5757.129,377384611.0,0
2026-06-03 19:00:00+00:00,65428.5,65581.6,64711.1,64971.7,18176.176,2026-06-03 19:59:59.999000+00:00,1183911020.0,379287,8085.894,526842410.9,0
2026-06-03 20:00:00+00:00,64971.8,65829.4,64919.1,65738.6,12497.286,2026-06-03 20:59:59.999000+00:00,818199645.6,281097,7063.877,462468205.1,0
2026-06-03 21:00:00+00:00,65738.6,65814.2,64733.9,64882.1,13287.809,2026-06-03 21:59:59.999000+00:00,865571144.8,444993,6375.417,415351698.2,0
2026-06-03 22:00:00+00:00,64882.1,64957.7,64050.8,64117.7,19130.199,2026-06-03 22:59:59.999000+00:00,1232612477.0,475900,8940.0,576137299.2,0
2026-06-03 23:00:00+00:00,64117.7,64412.9,62911.9,63314.4,32017.216,2026-06-03 23:59:59.999000+00:00,2036239441.0,761001,14380.535,914756964.8,0
2026-06-04 00:00:00+00:00,63314.5,63478.5,62066.6,62140.3,33187.939,2026-06-04 00:59:59.999000+00:00,2081940856.0,907910,15359.073,963869698.0,0
2026-06-04 01:00:00+00:00,62140.4,63598.7,61344.8,63198.4,48264.122,2026-06-04 01:59:59.999000+00:00,3018153012.0,940839,23837.297,1492372535.0,0
2026-06-04 02:00:00+00:00,63198.4,64495.9,63186.7,64336.2,25029.44,2026-06-04 02:59:59.999000+00:00,1603519418.0,487117,12725.143,814845362.9,0
2026-06-04 03:00:00+00:00,64336.2,64739.8,64233.0,64364.0,12138.136,2026-06-04 03:59:59.999000+00:00,782400923.4,309661,6161.41,397198845.3,0
2026-06-04 04:00:00+00:00,64363.9,64363.9,63607.4,63927.6,15516.364,2026-06-04 04:59:59.999000+00:00,992467994.2,408730,7529.932,481648592.1,0
2026-06-04 05:00:00+00:00,63927.6,64480.0,63858.6,64007.2,7456.889,2026-06-04 05:59:59.999000+00:00,478714016.3,246167,3807.432,244437430.3,0
2026-06-04 06:00:00+00:00,64007.4,64041.8,63450.0,63561.7,13651.696,2026-06-04 06:59:59.999000+00:00,869492357.6,292973,6407.44,408102915.4,0
2026-06-04 07:00:00+00:00,63561.8,63875.9,63201.1,63595.5,12293.7,2026-06-04 07:59:59.999000+00:00,780465116.4,389636,6183.679,392606077.6,0
2026-06-04 08:00:00+00:00,63595.5,63616.3,62666.0,63237.4,19123.543,2026-06-04 08:59:59.999000+00:00,1205385702.0,511214,8672.668,546603378.4,0
2026-06-04 09:00:00+00:00,63237.5,63250.0,62256.0,62391.6,29859.942,2026-06-04 09:59:59.999000+00:00,1868383255.0,526941,14915.29,932899424.8,0
2026-06-04 10:00:00+00:00,62391.6,62800.0,62150.8,62520.7,21741.816,2026-06-04 10:59:59.999000+00:00,1357348989.0,415886,12087.375,754701856.6,0
2026-06-04 11:00:00+00:00,62520.7,63947.8,62344.1,63738.1,25027.312,2026-06-04 11:59:59.999000+00:00,1582916738.0,657650,13830.642,874961605.7,0
2026-06-04 12:00:00+00:00,63738.2,64223.1,63038.0,64202.7,28666.685,2026-06-04 12:59:59.999000+00:00,1825835575.0,779467,14386.994,916502261.0,0
2026-06-04 13:00:00+00:00,64202.7,64463.7,63733.0,63923.9,16138.466,2026-06-04 13:59:59.999000+00:00,1034818000.0,492745,7781.193,499182716.4,0
2026-06-04 14:00:00+00:00,63923.8,64380.0,63650.0,63864.8,13018.872,2026-06-04 14:59:59.999000+00:00,833045112.8,372507,6794.884,434898755.8,0
2026-06-04 15:00:00+00:00,63864.8,63898.9,63412.9,63529.4,8547.533,2026-06-04 15:59:59.999000+00:00,544075800.2,323657,4097.186,260817431.4,0
2026-06-04 16:00:00+00:00,63529.4,63698.7,62910.0,63511.2,14376.367,2026-06-04 16:59:59.999000+00:00,909765168.1,381586,7311.544,462930940.3,0
2026-06-04 17:00:00+00:00,63511.1,64091.7,63117.6,63791.1,15695.29,2026-06-04 17:59:59.999000+00:00,1000531228.0,354874,8580.022,547078007.0,0
2026-06-04 18:00:00+00:00,63791.2,64150.8,63508.6,63600.3,9010.124,2026-06-04 18:59:59.999000+00:00,574887535.5,300610,4521.419,288638154.0,0
2026-06-04 19:00:00+00:00,63600.2,63628.0,63140.8,63600.8,10580.497,2026-06-04 19:59:59.999000+00:00,670664748.4,282935,4037.453,255949378.4,0
2026-06-04 20:00:00+00:00,63600.8,63847.9,63040.0,63250.2,6186.469,2026-06-04 20:59:59.999000+00:00,392672584.3,192092,2707.237,171898014.2,0
2026-06-04 21:00:00+00:00,63250.1,63740.2,63150.7,63702.2,6948.656,2026-06-04 21:59:59.999000+00:00,440434299.9,356020,4065.904,257733777.2,0
2026-06-04 22:00:00+00:00,63702.3,63897.0,63335.1,63853.4,6697.537,2026-06-04 22:59:59.999000+00:00,426492531.6,182367,3134.695,199635215.0,0
2026-06-04 23:00:00+00:00,63853.4,63955.0,63366.0,63398.3,6077.139,2026-06-04 23:59:59.999000+00:00,387172358.3,234703,3188.581,203184334.1,0
2026-06-05 00:00:00+00:00,63398.3,63547.5,63011.0,63347.0,8705.901,2026-06-05 00:59:59.999000+00:00,550669257.8,297080,4065.133,257173996.0,0
2026-06-05 01:00:00+00:00,63347.0,63416.9,62552.2,62585.5,12937.021,2026-06-05 01:59:59.999000+00:00,813198081.9,355052,6093.754,382960200.1,0
2026-06-05 02:00:00+00:00,62585.6,62861.0,62300.0,62699.7,11767.388,2026-06-05 02:59:59.999000+00:00,736095735.0,316656,5916.78,370279116.3,0
2026-06-05 03:00:00+00:00,62700.0,63629.9,62456.0,63588.9,12198.337,2026-06-05 03:59:59.999000+00:00,769244506.9,326094,7045.802,444571120.1,0
2026-06-05 04:00:00+00:00,63589.0,63674.9,62229.6,62294.4,17219.625,2026-06-05 04:59:59.999000+00:00,1083905846.0,434641,7153.194,450614971.2,0
2026-06-05 05:00:00+00:00,62294.1,62614.2,61067.6,61916.8,43244.607,2026-06-05 05:59:59.999000+00:00,2674682191.0,1175156,20608.759,1274948897.0,0
2026-06-05 06:00:00+00:00,61916.7,63084.4,61330.5,63075.6,22919.441,2026-06-05 06:59:59.999000+00:00,1427586621.0,717829,12418.028,773580508.5,0
2026-06-05 07:00:00+00:00,63075.5,63088.0,62234.3,62429.9,11546.341,2026-06-05 07:59:59.999000+00:00,723597446.9,371960,4834.886,303025377.0,0
2026-06-05 08:00:00+00:00,62429.9,63231.8,62405.1,62832.5,10276.57,2026-06-05 08:59:59.999000+00:00,646267162.0,323777,5677.522,357045451.2,0
2026-06-05 09:00:00+00:00,62832.4,62910.5,62342.1,62510.1,6267.222,2026-06-05 09:59:59.999000+00:00,392121899.9,214869,3074.511,192347886.5,0
2026-06-05 10:00:00+00:00,62510.0,62621.9,61928.3,61929.5,9661.694,2026-06-05 10:59:59.999000+00:00,601338900.0,292278,4405.578,274163826.2,0
2026-06-05 11:00:00+00:00,61929.6,62437.5,61578.4,61939.7,18065.956,2026-06-05 11:59:59.999000+00:00,1119603697.0,557651,8904.804,551905449.1,0
2026-06-05 12:00:00+00:00,61939.7,62310.0,60690.8,60700.4,26689.674,2026-06-05 12:59:59.999000+00:00,1641681220.0,725147,12208.231,751594970.0,0
2026-06-05 13:00:00+00:00,60700.4,61217.8,60300.0,60832.7,38987.144,2026-06-05 13:59:59.999000+00:00,2367593641.0,928855,18791.448,1141742466.0,0
2026-06-05 14:00:00+00:00,60832.6,61105.6,60005.8,60400.8,31939.718,2026-06-05 14:59:59.999000+00:00,1931837402.0,709182,15800.599,955933434.8,0
2026-06-05 15:00:00+00:00,60400.8,61550.0,59739.1,61358.1,58804.844,2026-06-05 15:59:59.999000+00:00,3564573617.0,1074979,28520.806,1729764611.0,0
2026-06-05 16:00:00+00:00,61358.1,61487.9,60621.2,60786.5,12594.401,2026-06-05 16:59:59.999000+00:00,767662147.6,426466,5804.464,353776993.7,0
2026-06-05 17:00:00+00:00,60786.5,60933.0,59105.4,59362.2,32030.644,2026-06-05 17:59:59.999000+00:00,1916837407.0,743208,13997.817,838272887.7,0
2026-06-05 18:00:00+00:00,59362.1,60435.2,59080.0,60267.7,23692.266,2026-06-05 18:59:59.999000+00:00,1414129740.0,759107,11592.007,692099963.1,0
2026-06-05 19:00:00+00:00,60267.4,61800.0,59903.8,61586.2,22351.565,2026-06-05 19:59:59.999000+00:00,1363031335.0,656520,12714.351,775639860.7,0
2026-06-05 20:00:00+00:00,61586.1,61985.1,61400.0,61639.5,12170.417,2026-06-05 20:59:59.999000+00:00,751043822.2,353731,5934.225,366253690.6,0
2026-06-05 21:00:00+00:00,61639.4,61942.4,61169.1,61556.6,13850.543,2026-06-05 21:59:59.999000+00:00,852679760.0,586781,6856.64,422131553.1,0
2026-06-05 22:00:00+00:00,61556.7,61745.0,60458.0,61022.0,14163.427,2026-06-05 22:59:59.999000+00:00,864825015.8,419840,6999.776,427444401.8,0
2026-06-05 23:00:00+00:00,61022.0,61500.0,61012.0,61238.4,7564.048,2026-06-05 23:59:59.999000+00:00,463466411.1,257304,3432.447,210286701.4,0
2026-06-06 00:00:00+00:00,61238.4,61349.7,60912.3,61025.6,4623.78,2026-06-06 00:59:59.999000+00:00,282585183.9,187547,2075.148,126847043.4,0
2026-06-06 01:00:00+00:00,61025.6,61164.5,60642.4,60918.4,5765.277,2026-06-06 01:59:59.999000+00:00,351039289.7,232352,2523.679,153706269.2,0
2026-06-06 02:00:00+00:00,60918.3,60940.5,60490.0,60662.6,5489.751,2026-06-06 02:59:59.999000+00:00,333177129.4,220641,2614.782,158719705.1,0
2026-06-06 03:00:00+00:00,60662.6,60847.5,59451.3,60068.4,22031.624,2026-06-06 03:59:59.999000+00:00,1321482394.0,672438,10754.092,645086837.1,0
2026-06-06 04:00:00+00:00,60068.5,61070.2,59578.8,60918.9,20702.862,2026-06-06 04:59:59.999000+00:00,1252440633.0,609792,11424.14,691248979.2,0
2026-06-06 05:00:00+00:00,60919.0,61250.0,60644.5,60771.8,11698.016,2026-06-06 05:59:59.999000+00:00,713581104.3,375851,5536.85,337848567.5,0
2026-06-06 06:00:00+00:00,60771.8,61212.7,60705.4,60975.2,7336.922,2026-06-06 06:59:59.999000+00:00,447322550.8,211665,3672.606,223907261.7,0
2026-06-06 07:00:00+00:00,60975.2,61475.0,60850.0,61239.6,8498.1,2026-06-06 07:59:59.999000+00:00,520460944.7,237148,4847.43,296894521.1,0
2026-06-06 08:00:00+00:00,61239.5,61298.2,60854.1,60956.7,5320.274,2026-06-06 08:59:59.999000+00:00,325038569.3,187932,2439.032,149034346.8,0
2026-06-06 09:00:00+00:00,60956.7,60956.7,60146.0,60555.3,14536.034,2026-06-06 09:59:59.999000+00:00,879031122.3,369190,6265.728,379019009.2,0
2026-06-06 10:00:00+00:00,60555.2,60938.0,60520.0,60773.5,5694.791,2026-06-06 10:59:59.999000+00:00,345848683.1,184784,2996.266,181971606.2,0
2026-06-06 11:00:00+00:00,60773.5,61173.5,60599.9,61003.6,9784.197,2026-06-06 11:59:59.999000+00:00,595682823.6,240680,4522.734,275442733.0,0
2026-06-06 12:00:00+00:00,61003.6,61073.6,60668.8,60779.5,5213.726,2026-06-06 12:59:59.999000+00:00,317318212.1,178494,2495.379,151870202.2,0
2026-06-06 13:00:00+00:00,60779.5,60990.8,60733.0,60762.5,3560.698,2026-06-06 13:59:59.999000+00:00,216793623.6,159149,1746.043,106305041.3,0
2026-06-06 14:00:00+00:00,60762.5,60900.0,60353.4,60754.1,7524.848,2026-06-06 14:59:59.999000+00:00,456218640.1,254777,3887.141,235737737.9,0
2026-06-06 15:00:00+00:00,60754.2,60949.9,60417.6,60749.8,6038.819,2026-06-06 15:59:59.999000+00:00,366392448.6,200341,2791.948,169435703.4,0
2026-06-06 16:00:00+00:00,60749.9,60817.2,60463.0,60553.3,3936.273,2026-06-06 16:59:59.999000+00:00,238630968.2,141635,1819.7,110317874.0,0
2026-06-06 17:00:00+00:00,60553.2,60723.5,60363.0,60606.0,3583.649,2026-06-06 17:59:59.999000+00:00,216931847.0,138999,1729.819,104710803.5,0
2026-06-06 18:00:00+00:00,60606.0,60760.4,60502.1,60563.9,2214.691,2026-06-06 18:59:59.999000+00:00,134261024.6,99045,1130.002,68499054.7,0
2026-06-06 19:00:00+00:00,60563.9,60729.1,60484.5,60678.5,2440.763,2026-06-06 19:59:59.999000+00:00,147941118.7,98284,1244.639,75433268.81,0
2026-06-06 20:00:00+00:00,60678.4,60969.2,60673.2,60719.3,3053.205,2026-06-06 20:59:59.999000+00:00,185707981.0,86536,1700.78,103440087.9,0
2026-06-06 21:00:00+00:00,60719.2,60788.6,60390.0,60513.0,5032.414,2026-06-06 21:59:59.999000+00:00,304811355.5,161109,2597.347,157317897.9,0
2026-06-06 22:00:00+00:00,60513.0,60911.0,60511.0,60849.7,3116.081,2026-06-06 22:59:59.999000+00:00,189310032.0,107459,1597.927,97078873.38,0
2026-06-06 23:00:00+00:00,60849.7,60962.7,60708.0,60748.3,2990.633,2026-06-06 23:59:59.999000+00:00,181917512.7,114276,1381.547,84038099.68,0
2026-06-07 00:00:00+00:00,60748.2,61641.4,60720.9,61452.5,13447.678,2026-06-07 00:59:59.999000+00:00,824987860.0,329708,7616.034,467235301.6,0
2026-06-07 01:00:00+00:00,61452.5,61540.1,61150.0,61469.2,5320.335,2026-06-07 01:59:59.999000+00:00,326455068.2,166573,2957.563,181525367.4,0
2026-06-07 02:00:00+00:00,61469.3,61763.9,61376.7,61671.1,5046.674,2026-06-07 02:59:59.999000+00:00,310818275.8,162249,3065.527,188803232.4,0
2026-06-07 03:00:00+00:00,61671.1,61866.0,61447.2,61854.1,5279.246,2026-06-07 03:59:59.999000+00:00,325651991.7,142679,3018.538,186274389.0,0
2026-06-07 04:00:00+00:00,61854.2,62132.0,61607.9,61709.2,9364.91,2026-06-07 04:59:59.999000+00:00,579297663.7,234066,4868.373,301255559.8,0
2026-06-07 05:00:00+00:00,61709.3,62254.9,61573.5,62080.1,9917.458,2026-06-07 05:59:59.999000+00:00,614917797.7,251356,5940.258,368315335.5,0
2026-06-07 06:00:00+00:00,62080.1,62380.0,61951.0,62366.0,8886.719,2026-06-07 06:59:59.999000+00:00,552698751.8,162291,5293.259,329253433.0,0
2026-06-07 07:00:00+00:00,62366.0,62942.4,62217.4,62823.0,16219.509,2026-06-07 07:59:59.999000+00:00,1014818010.0,288474,8150.47,510104979.1,0
2026-06-07 08:00:00+00:00,62823.0,62887.5,62361.5,62510.0,7994.466,2026-06-07 08:59:59.999000+00:00,500637111.2,206694,3384.132,211998963.1,0
2026-06-07 09:00:00+00:00,62509.9,62547.8,62273.0,62343.7,5250.485,2026-06-07 09:59:59.999000+00:00,327543915.7,157322,2611.547,162927352.6,0
2026-06-07 10:00:00+00:00,62343.7,62730.0,62333.0,62598.8,5263.381,2026-06-07 10:59:59.999000+00:00,329109598.5,143290,3108.721,194377153.6,0
2026-06-07 11:00:00+00:00,62598.8,62617.7,61509.1,61871.1,21819.579,2026-06-07 11:59:59.999000+00:00,1351248667.0,466232,9313.05,576715197.6,0
2026-06-07 12:00:00+00:00,61871.1,61880.0,61612.2,61675.0,5955.28,2026-06-07 12:59:59.999000+00:00,367574637.2,182877,2893.006,178569073.3,0
2026-06-07 13:00:00+00:00,61675.1,62283.6,61675.0,61872.0,10111.376,2026-06-07 13:59:59.999000+00:00,626834525.4,259068,5465.093,338876867.7,0
2026-06-07 14:00:00+00:00,61871.9,62196.0,61640.1,62071.6,6764.069,2026-06-07 14:59:59.999000+00:00,418753474.2,204500,3861.868,239082383.5,0
2026-06-07 15:00:00+00:00,62071.7,62327.0,61912.7,62054.2,5219.03,2026-06-07 15:59:59.999000+00:00,324155668.6,169121,2434.079,151232459.8,0
2026-06-07 16:00:00+00:00,62054.1,62315.6,62012.2,62129.6,4071.011,2026-06-07 16:59:59.999000+00:00,253214494.6,134112,2231.962,138844892.5,0
2026-06-07 17:00:00+00:00,62129.6,62267.2,61989.0,62001.6,2079.999,2026-06-07 17:59:59.999000+00:00,129240735.4,87477,977.235,60726468.93,0
2026-06-07 18:00:00+00:00,62001.6,62009.1,61150.2,61303.8,15448.708,2026-06-07 18:59:59.999000+00:00,949395181.7,342986,6693.13,411271522.8,0
2026-06-07 19:00:00+00:00,61303.7,61949.3,61189.7,61843.0,6748.756,2026-06-07 19:59:59.999000+00:00,416016073.8,199948,3781.199,233129539.5,0
2026-06-07 20:00:00+00:00,61843.1,61980.0,61618.5,61755.0,3502.586,2026-06-07 20:59:59.999000+00:00,216301045.7,113104,1641.642,101384668.1,0
2026-06-07 21:00:00+00:00,61754.9,64250.0,61690.3,62833.5,32662.168,2026-06-07 21:59:59.999000+00:00,2064358133.0,828013,18053.819,1140897946.0,0
2026-06-07 22:00:00+00:00,62833.0,63429.9,62759.5,63298.5,8114.977,2026-06-07 22:59:59.999000+00:00,511767328.8,279041,3884.393,245012478.0,0
2026-06-07 23:00:00+00:00,63299.0,63849.5,63111.3,63599.2,9954.623,2026-06-07 23:59:59.999000+00:00,632049499.8,320228,5313.336,337516182.6,0
2026-06-08 00:00:00+00:00,63599.3,63619.5,62676.8,63188.0,12067.272,2026-06-08 00:59:59.999000+00:00,760878906.3,386393,5471.669,344977147.4,0
2026-06-08 01:00:00+00:00,63188.0,63238.3,62881.9,63097.2,4283.889,2026-06-08 01:59:59.999000+00:00,270062001.6,178502,2317.933,146134851.1,0
2026-06-08 02:00:00+00:00,63097.2,63438.2,62944.1,63101.6,4210.952,2026-06-08 02:59:59.999000+00:00,266092814.6,150778,2507.203,158442872.7,0
2026-06-08 03:00:00+00:00,63101.6,63150.0,62616.9,62654.7,5895.229,2026-06-08 03:59:59.999000+00:00,370333214.5,188984,2639.616,165838854.6,0
2026-06-08 04:00:00+00:00,62654.7,62800.0,62377.0,62740.8,7325.169,2026-06-08 04:59:59.999000+00:00,458417614.8,224638,3644.636,228117241.4,0
2026-06-08 05:00:00+00:00,62740.8,63119.7,62702.0,62958.8,5677.298,2026-06-08 05:59:59.999000+00:00,357334763.1,185252,3002.586,188983241.3,0
2026-06-08 06:00:00+00:00,62958.9,63320.9,62779.0,63259.9,5891.372,2026-06-08 06:59:59.999000+00:00,371883776.1,193261,3348.323,211383399.6,0
2026-06-08 07:00:00+00:00,63259.9,63259.9,62955.7,63100.8,3576.879,2026-06-08 07:59:59.999000+00:00,225648319.2,136348,1638.964,103402113.5,0
2026-06-08 08:00:00+00:00,63100.9,63554.7,63093.5,63469.9,7425.603,2026-06-08 08:59:59.999000+00:00,470341474.2,208339,3958.749,250777643.2,0
2026-06-08 09:00:00+00:00,63469.9,63525.0,63053.4,63131.5,6189.668,2026-06-08 09:59:59.999000+00:00,391404994.6,171550,2746.275,173678462.1,0
2026-06-08 10:00:00+00:00,63131.4,63861.3,63020.0,63450.1,11047.181,2026-06-08 10:59:59.999000+00:00,701657909.2,278510,6001.123,381186180.0,0
2026-06-08 11:00:00+00:00,63450.1,63948.2,62658.4,63844.5,22904.142,2026-06-08 11:59:59.999000+00:00,1448814447.0,490888,11911.291,753424467.8,0
2026-06-08 12:00:00+00:00,63844.6,63920.0,63330.4,63720.6,13790.78,2026-06-08 12:59:59.999000+00:00,878018408.2,420661,7115.801,453101709.7,0
2026-06-08 13:00:00+00:00,63720.5,64075.6,63531.9,63933.7,10811.608,2026-06-08 13:59:59.999000+00:00,690042775.1,352452,5907.2,377123250.3,0
2026-06-08 14:00:00+00:00,63933.7,64179.5,63673.0,63745.4,11587.537,2026-06-08 14:59:59.999000+00:00,741127859.8,344765,5859.975,374827942.1,0
2026-06-08 15:00:00+00:00,63745.3,64029.5,63430.6,63496.8,7607.381,2026-06-08 15:59:59.999000+00:00,484755217.3,246267,3288.371,209610197.7,0
2026-06-08 16:00:00+00:00,63496.8,63620.0,63209.6,63519.2,7842.552,2026-06-08 16:59:59.999000+00:00,497282661.2,236698,3678.761,233311004.0,0
2026-06-08 17:00:00+00:00,63519.1,63659.1,63305.0,63438.0,3208.045,2026-06-08 17:59:59.999000+00:00,203685381.7,133442,1529.366,97119579.38,0
2026-06-08 18:00:00+00:00,63438.0,63572.1,63317.7,63348.2,3103.656,2026-06-08 18:59:59.999000+00:00,196871433.3,134257,1451.985,92105879.55,0
2026-06-08 19:00:00+00:00,63348.3,63459.3,63120.4,63459.1,4563.368,2026-06-08 19:59:59.999000+00:00,288671111.2,128705,2233.459,141297351.7,0
2026-06-08 20:00:00+00:00,63459.1,63832.5,63455.1,63690.8,4030.441,2026-06-08 20:59:59.999000+00:00,256625180.2,108627,2216.32,141121686.1,0
2026-06-08 21:00:00+00:00,63690.7,63690.7,63171.2,63407.5,6036.812,2026-06-08 21:59:59.999000+00:00,382505279.3,145724,3325.982,210744179.5,0
2026-06-08 22:00:00+00:00,63407.6,63567.6,62939.7,63057.9,5409.596,2026-06-08 22:59:59.999000+00:00,341644220.2,187900,2335.161,147509587.6,0
2026-06-08 23:00:00+00:00,63057.9,63157.3,62381.2,62522.6,15947.71,2026-06-08 23:59:59.999000+00:00,999714739.0,341536,7425.567,465452791.4,0
2026-06-09 00:00:00+00:00,62522.6,62846.6,62513.0,62732.9,6038.258,2026-06-09 00:59:59.999000+00:00,378546010.2,198757,3253.922,203970337.2,0
2026-06-09 01:00:00+00:00,62732.8,62849.5,62506.8,62840.0,4490.164,2026-06-09 01:59:59.999000+00:00,281394871.1,163969,2146.586,134544075.4,0
2026-06-09 02:00:00+00:00,62839.9,62945.8,62664.3,62841.0,3847.384,2026-06-09 02:59:59.999000+00:00,241696495.8,127768,2046.906,128594723.1,0
2026-06-09 03:00:00+00:00,62841.1,63402.0,62715.4,63213.7,9505.94,2026-06-09 03:59:59.999000+00:00,600255879.5,212162,5202.377,328463630.4,0
2026-06-09 04:00:00+00:00,63213.8,63499.9,63088.0,63318.5,5631.349,2026-06-09 04:59:59.999000+00:00,356564918.9,146807,2898.081,183520240.6,0
2026-06-09 05:00:00+00:00,63318.5,63487.1,63202.6,63279.4,4791.047,2026-06-09 05:59:59.999000+00:00,303482941.4,111807,2249.031,142441382.4,0
2026-06-09 06:00:00+00:00,63279.5,63424.0,62970.6,63170.8,6015.433,2026-06-09 06:59:59.999000+00:00,379783887.6,126301,2912.113,183861835.0,0
2026-06-09 07:00:00+00:00,63170.9,63183.0,62646.0,62816.9,8266.54,2026-06-09 07:59:59.999000+00:00,519714055.6,178125,3490.638,219498530.1,0
2026-06-09 08:00:00+00:00,62817.0,62923.7,62555.5,62682.5,5482.787,2026-06-09 08:59:59.999000+00:00,343876070.6,141965,2314.953,145225706.2,0
2026-06-09 09:00:00+00:00,62682.6,62802.7,62560.9,62750.0,4015.766,2026-06-09 09:59:59.999000+00:00,251767174.0,114759,2171.42,136144191.8,0
2026-06-09 10:00:00+00:00,62750.0,62786.9,62457.5,62679.4,6806.713,2026-06-09 10:59:59.999000+00:00,426017820.0,138816,3013.247,188610537.9,0
2026-06-09 11:00:00+00:00,62679.5,62868.2,62404.0,62611.6,6095.652,2026-06-09 11:59:59.999000+00:00,381854682.2,160847,3058.232,191603003.7,0
2026-06-09 12:00:00+00:00,62611.6,62717.7,62125.0,62244.4,13535.918,2026-06-09 12:59:59.999000+00:00,843947629.6,346916,6631.32,413491985.7,0
2026-06-09 13:00:00+00:00,62244.4,62371.6,61075.9,61511.6,35615.599,2026-06-09 13:59:59.999000+00:00,2194302621.0,732874,16415.768,1011105184.0,0
2026-06-09 14:00:00+00:00,61511.6,61680.9,61001.0,61100.7,16545.058,2026-06-09 14:59:59.999000+00:00,1015068742.0,426811,8060.756,494582924.5,0
2026-06-09 15:00:00+00:00,61100.6,61490.0,60755.0,61367.5,26909.919,2026-06-09 15:59:59.999000+00:00,1643096241.0,593391,13140.512,802613983.2,0
2026-06-09 16:00:00+00:00,61367.5,61860.0,61367.0,61667.1,12632.633,2026-06-09 16:59:59.999000+00:00,778651562.5,351953,6738.993,415377438.9,0
2026-06-09 17:00:00+00:00,61667.2,61939.0,61563.3,61756.1,5648.053,2026-06-09 17:59:59.999000+00:00,348673403.5,214544,2626.883,162198059.1,0
2026-06-09 18:00:00+00:00,61756.2,62079.5,61685.0,62068.8,6032.774,2026-06-09 18:59:59.999000+00:00,373368445.3,195594,3277.804,202912204.9,0
2026-06-09 19:00:00+00:00,62068.9,62253.2,61920.9,62132.3,4702.846,2026-06-09 19:59:59.999000+00:00,291957949.5,129771,2500.591,155270943.9,0
2026-06-09 20:00:00+00:00,62132.3,62149.8,61660.0,61732.2,5903.611,2026-06-09 20:59:59.999000+00:00,365296135.2,103294,2343.172,144927018.0,0
2026-06-09 21:00:00+00:00,61732.5,61945.4,61630.2,61688.0,3249.56,2026-06-09 21:59:59.999000+00:00,200730239.8,111720,1723.196,106445171.2,0
2026-06-09 22:00:00+00:00,61687.9,61850.0,61519.0,61695.0,3688.76,2026-06-09 22:59:59.999000+00:00,227465180.2,128802,1755.538,108278062.0,0
2026-06-09 23:00:00+00:00,61694.9,61908.9,61404.6,61886.5,5067.624,2026-06-09 23:59:59.999000+00:00,312499277.5,176438,2379.535,146767809.7,0
2026-06-10 00:00:00+00:00,61886.5,61947.4,61544.2,61680.7,4252.258,2026-06-10 00:59:59.999000+00:00,262614395.6,180414,2167.328,133863474.2,0
2026-06-10 01:00:00+00:00,61680.7,61807.9,61201.0,61271.3,6430.764,2026-06-10 01:59:59.999000+00:00,394844442.4,192564,2814.537,172811846.4,0
2026-06-10 02:00:00+00:00,61271.4,61571.1,61250.0,61518.2,3472.635,2026-06-10 02:59:59.999000+00:00,213364239.3,128377,2063.414,126785038.5,0
2026-06-10 03:00:00+00:00,61518.3,61535.0,61153.5,61269.6,4116.843,2026-06-10 03:59:59.999000+00:00,252422522.7,130432,1856.216,113806266.0,0
2026-06-10 04:00:00+00:00,61269.6,61368.0,61045.7,61321.6,4160.181,2026-06-10 04:59:59.999000+00:00,254528824.0,135270,2142.436,131073827.5,0
2026-06-10 05:00:00+00:00,61321.6,61493.0,61108.8,61436.5,4853.421,2026-06-10 05:59:59.999000+00:00,297764247.7,137286,2389.165,146579056.4,0
2026-06-10 06:00:00+00:00,61436.4,61783.4,61400.7,61654.3,6313.665,2026-06-10 06:59:59.999000+00:00,389107047.7,153658,3268.885,201453781.5,0
2026-06-10 07:00:00+00:00,61654.3,61707.6,61128.7,61228.7,7510.133,2026-06-10 07:59:59.999000+00:00,460900433.5,188098,3675.276,225526258.4,0
2026-06-10 08:00:00+00:00,61228.8,61396.4,60691.9,61302.7,12001.158,2026-06-10 08:59:59.999000+00:00,732860225.7,266637,5400.31,329899138.2,0
2026-06-10 09:00:00+00:00,61303.2,61426.7,61113.2,61350.1,4009.363,2026-06-10 09:59:59.999000+00:00,245643510.8,132268,2179.74,133557097.1,0
2026-06-10 10:00:00+00:00,61350.1,61406.0,60824.5,61003.1,9567.514,2026-06-10 10:59:59.999000+00:00,583897466.6,281102,4572.521,279035226.9,0
2026-06-10 11:00:00+00:00,61003.1,61918.0,60930.0,61531.7,17186.613,2026-06-10 11:59:59.999000+00:00,1057319995.0,403573,8618.819,530215214.9,0
2026-06-10 12:00:00+00:00,61531.8,62445.0,61406.8,62123.9,18689.305,2026-06-10 12:59:59.999000+00:00,1158551869.0,468829,10220.505,633610113.0,0
2026-06-10 13:00:00+00:00,62123.9,62230.0,61782.0,62170.8,11613.002,2026-06-10 13:59:59.999000+00:00,719814755.0,374572,5898.847,365661980.5,0
2026-06-10 14:00:00+00:00,62170.9,62840.2,61814.0,62604.8,18864.285,2026-06-10 14:59:59.999000+00:00,1175979210.0,489249,10067.098,627718563.1,0
2026-06-10 15:00:00+00:00,62604.7,62617.1,61891.2,62194.5,9692.542,2026-06-10 15:59:59.999000+00:00,603198841.3,304928,4586.539,285498889.1,0
2026-06-10 16:00:00+00:00,62194.6,62330.3,61616.0,61944.5,11161.95,2026-06-10 16:59:59.999000+00:00,690840898.2,300185,5337.135,330291919.0,0
2026-06-10 17:00:00+00:00,61944.4,62137.3,61552.0,61856.0,6181.953,2026-06-10 17:59:59.999000+00:00,382272649.3,208914,3141.445,194312205.6,0
2026-06-10 18:00:00+00:00,61856.0,62038.0,61641.4,61908.7,4545.789,2026-06-10 18:59:59.999000+00:00,281191809.7,191865,2299.918,142286701.8,0
2026-06-10 19:00:00+00:00,61908.7,61921.2,61644.4,61770.1,3195.626,2026-06-10 19:59:59.999000+00:00,197455916.0,139726,1573.253,97212068.29,0
2026-06-10 20:00:00+00:00,61770.1,61773.1,61150.1,61327.3,7887.368,2026-06-10 20:59:59.999000+00:00,484559145.6,177157,3168.698,194713705.9,0
2026-06-10 21:00:00+00:00,61327.4,61547.9,61068.6,61353.2,7637.894,2026-06-10 21:59:59.999000+00:00,468021812.4,227249,4241.562,259929394.6,0
2026-06-10 22:00:00+00:00,61353.1,61582.1,61135.8,61483.7,4642.378,2026-06-10 22:59:59.999000+00:00,284966338.8,156831,2708.505,166255234.5,0
2026-06-10 23:00:00+00:00,61483.6,61955.8,61483.6,61794.6,6629.261,2026-06-10 23:59:59.999000+00:00,409583124.6,193414,3464.727,214026917.6,0
2026-06-11 00:00:00+00:00,61794.6,62350.0,61793.5,62180.3,6360.787,2026-06-11 00:59:59.999000+00:00,395171066.7,184920,3484.812,216484035.7,0
2026-06-11 01:00:00+00:00,62180.4,62278.3,61911.5,62113.5,4726.248,2026-06-11 01:59:59.999000+00:00,293438200.8,144256,2098.468,130293210.0,0
2026-06-11 02:00:00+00:00,62113.5,62922.0,61975.6,62657.5,11223.901,2026-06-11 02:59:59.999000+00:00,701208634.7,230431,7153.561,447090127.2,0
2026-06-11 03:00:00+00:00,62657.5,62827.0,62512.6,62692.9,6342.014,2026-06-11 03:59:59.999000+00:00,397348302.9,156960,3145.527,197122710.9,0
2026-06-11 04:00:00+00:00,62692.8,62696.7,62527.5,62581.7,3206.604,2026-06-11 04:59:59.999000+00:00,200755477.8,100465,1353.523,84741790.59,0
2026-06-11 05:00:00+00:00,62581.7,62993.4,62507.9,62734.2,7813.001,2026-06-11 05:59:59.999000+00:00,490780945.7,163082,4305.768,270508872.7,0
2026-06-11 06:00:00+00:00,62734.1,62812.2,62574.3,62693.3,4667.736,2026-06-11 06:59:59.999000+00:00,292515077.6,99497,2207.692,138355271.2,0
2026-06-11 07:00:00+00:00,62693.2,63043.1,62691.7,62927.2,6684.514,2026-06-11 07:59:59.999000+00:00,420405833.2,109760,3195.045,200958857.7,0
2026-06-11 08:00:00+00:00,62927.2,62970.7,62753.3,62899.9,4093.748,2026-06-11 08:59:59.999000+00:00,257339612.7,85759,2108.818,132569590.2,0
2026-06-11 09:00:00+00:00,62900.0,63188.0,62771.0,63120.3,8162.024,2026-06-11 09:59:59.999000+00:00,514492475.0,133252,5517.566,347920221.5,0
2026-06-11 10:00:00+00:00,63120.2,63235.9,63020.6,63078.0,7361.917,2026-06-11 10:59:59.999000+00:00,464834197.5,138966,4498.884,284103748.3,0
2026-06-11 11:00:00+00:00,63078.0,63173.8,62455.8,62978.3,20933.227,2026-06-11 11:59:59.999000+00:00,1315365346.0,373231,10405.407,653924925.3,0
2026-06-11 12:00:00+00:00,62978.3,63200.0,62644.7,63046.1,13026.119,2026-06-11 12:59:59.999000+00:00,820092800.9,288260,6574.397,413929723.9,0
2026-06-11 13:00:00+00:00,63046.1,63060.0,62697.0,62699.6,7669.427,2026-06-11 13:59:59.999000+00:00,482157730.9,255957,3692.075,232112049.4,0
2026-06-11 14:00:00+00:00,62699.6,62856.7,62494.6,62721.1,8504.57,2026-06-11 14:59:59.999000+00:00,532878570.1,243331,3901.844,244464732.5,0
2026-06-11 15:00:00+00:00,62721.2,62810.0,62502.4,62546.6,4781.27,2026-06-11 15:59:59.999000+00:00,299594557.5,168569,2428.766,152194502.1,0
2026-06-11 16:00:00+00:00,62546.6,63643.0,62315.0,63614.2,28276.294,2026-06-11 16:59:59.999000+00:00,1785305228.0,552127,16403.888,1036211351.0,0
2026-06-11 17:00:00+00:00,63614.2,63768.7,63283.4,63426.0,9903.762,2026-06-11 17:59:59.999000+00:00,628885673.3,257451,4882.207,310170691.2,0
2026-06-11 18:00:00+00:00,63426.0,63915.3,63350.4,63567.6,10032.986,2026-06-11 18:59:59.999000+00:00,638516833.7,228251,5635.861,358676281.2,0
2026-06-11 19:00:00+00:00,63567.7,63633.6,63235.8,63361.9,4935.297,2026-06-11 19:59:59.999000+00:00,312990609.2,116033,2377.814,150798016.3,0
2026-06-11 20:00:00+00:00,63361.9,63571.5,63359.7,63487.2,2172.23,2026-06-11 20:59:59.999000+00:00,137868141.5,63165,1135.007,72031204.12,0
2026-06-11 21:00:00+00:00,63487.3,63640.6,63425.0,63467.1,2216.095,2026-06-11 21:59:59.999000+00:00,140808107.1,79190,1113.093,70730803.79,0
2026-06-11 22:00:00+00:00,63467.1,63712.3,63328.1,63597.9,4271.542,2026-06-11 22:59:59.999000+00:00,271308970.0,98618,2502.379,158955811.8,0
2026-06-11 23:00:00+00:00,63598.0,63777.0,63489.8,63617.7,4243.194,2026-06-11 23:59:59.999000+00:00,270059309.4,113735,2341.825,149050460.4,0
2026-06-12 00:00:00+00:00,63617.7,63617.7,63271.6,63402.9,4466.191,2026-06-12 00:59:59.999000+00:00,283150600.2,123194,2190.263,138861098.4,0
2026-06-12 01:00:00+00:00,63402.9,63758.4,63402.9,63589.3,3408.002,2026-06-12 01:59:59.999000+00:00,216682093.7,96744,1740.167,110637913.5,0
2026-06-12 02:00:00+00:00,63589.2,63620.1,63314.7,63490.0,2027.229,2026-06-12 02:59:59.999000+00:00,128644467.1,75007,1001.404,63541498.35,0
2026-06-12 03:00:00+00:00,63490.1,63843.2,63391.2,63670.4,5901.952,2026-06-12 03:59:59.999000+00:00,375759168.8,122536,3279.992,208839535.4,0
2026-06-12 04:00:00+00:00,63670.5,63695.4,63265.4,63317.6,6047.081,2026-06-12 04:59:59.999000+00:00,383526845.0,124677,2722.081,172633489.9,0
2026-06-12 05:00:00+00:00,63317.6,63385.9,62800.0,62955.9,8541.968,2026-06-12 05:59:59.999000+00:00,538348971.9,190159,3742.046,235788504.3,0
2026-06-12 06:00:00+00:00,62956.0,63180.8,62919.9,63066.5,4785.19,2026-06-12 06:59:59.999000+00:00,301631221.5,117587,2871.389,181008037.7,0
2026-06-12 07:00:00+00:00,63066.5,63587.0,63063.9,63440.5,6555.915,2026-06-12 07:59:59.999000+00:00,415432819.1,143260,3410.286,216065850.0,0
2026-06-12 08:00:00+00:00,63440.5,63929.9,63398.3,63729.5,7939.036,2026-06-12 08:59:59.999000+00:00,505973012.1,167394,4174.334,266027008.6,0
2026-06-12 09:00:00+00:00,63729.5,63824.0,63541.9,63665.1,4205.305,2026-06-12 09:59:59.999000+00:00,267783683.1,103400,2086.941,132893181.6,0
2026-06-12 10:00:00+00:00,63665.2,63855.8,63650.0,63729.4,3381.03,2026-06-12 10:59:59.999000+00:00,215605359.5,99424,1640.658,104625609.7,0
2026-06-12 11:00:00+00:00,63729.4,63745.1,63331.9,63433.7,5597.36,2026-06-12 11:59:59.999000+00:00,355446963.4,145799,2658.296,168798452.1,0
2026-06-12 12:00:00+00:00,63433.8,63507.9,63020.6,63200.3,9236.386,2026-06-12 12:59:59.999000+00:00,584112156.9,255839,4644.771,293743332.6,0
2026-06-12 13:00:00+00:00,63200.3,63988.0,63160.4,63971.0,14271.383,2026-06-12 13:59:59.999000+00:00,907833753.5,377711,7408.532,471302812.8,0
2026-06-12 14:00:00+00:00,63971.1,64362.6,63504.2,63557.0,26003.214,2026-06-12 14:59:59.999000+00:00,1665222007.0,456727,13724.17,879080555.5,0
2026-06-12 15:00:00+00:00,63557.1,63974.8,63477.5,63951.2,8532.953,2026-06-12 15:59:59.999000+00:00,544151624.7,245098,4704.27,300013591.2,0
2026-06-12 16:00:00+00:00,63951.2,64083.3,63708.0,63836.9,4217.505,2026-06-12 16:59:59.999000+00:00,269395730.1,142854,2126.032,135819060.0,0
2026-06-12 17:00:00+00:00,63836.9,63907.0,63647.9,63661.8,3095.609,2026-06-12 17:59:59.999000+00:00,197390176.3,122045,1454.23,92731944.98,0
2026-06-12 18:00:00+00:00,63661.8,63790.8,63555.0,63555.1,3164.169,2026-06-12 18:59:59.999000+00:00,201414533.1,93118,1573.32,100164337.8,0
2026-06-12 19:00:00+00:00,63555.0,63664.4,63352.3,63417.9,4000.142,2026-06-12 19:59:59.999000+00:00,254005569.7,95833,1855.969,117866384.8,0
2026-06-12 20:00:00+00:00,63418.2,63608.1,63413.0,63450.1,2246.705,2026-06-12 20:59:59.999000+00:00,142667185.9,58658,1176.24,74690014.56,0
2026-06-12 21:00:00+00:00,63450.0,63633.3,63435.6,63482.8,2214.568,2026-06-12 21:59:59.999000+00:00,140647711.3,63359,1147.613,72886210.49,0
2026-06-12 22:00:00+00:00,63482.8,63554.7,63394.3,63547.0,1641.695,2026-06-12 22:59:59.999000+00:00,104185529.0,51961,872.038,55343998.79,0
2026-06-12 23:00:00+00:00,63547.0,63625.2,63480.0,63573.9,1951.164,2026-06-12 23:59:59.999000+00:00,124001300.7,53806,1021.715,64932991.66,0
2026-06-13 00:00:00+00:00,63573.9,63828.4,63573.9,63801.0,2669.191,2026-06-13 00:59:59.999000+00:00,170018031.3,67363,1570.281,100026899.0,0
2026-06-13 01:00:00+00:00,63801.1,63806.9,63517.8,63612.0,2457.955,2026-06-13 01:59:59.999000+00:00,156496682.8,58252,857.572,54596949.0,0
2026-06-13 02:00:00+00:00,63612.1,63695.0,63360.0,63494.4,3026.794,2026-06-13 02:59:59.999000+00:00,192233518.2,62044,1214.695,77144827.38,0
2026-06-13 03:00:00+00:00,63494.4,63619.1,63444.9,63475.2,1293.536,2026-06-13 03:59:59.999000+00:00,82179181.98,42576,603.791,38363846.8,0
2026-06-13 04:00:00+00:00,63475.2,63564.8,63456.0,63554.9,1208.298,2026-06-13 04:59:59.999000+00:00,76755171.57,44664,696.533,44246166.4,0
2026-06-13 05:00:00+00:00,63554.9,63720.2,63516.3,63707.2,1642.636,2026-06-13 05:59:59.999000+00:00,104515139.1,46376,957.399,60913859.88,0
2026-06-13 06:00:00+00:00,63707.2,63879.0,63637.1,63823.9,4873.909,2026-06-13 06:59:59.999000+00:00,310865437.5,71085,2300.313,146717405.7,0
2026-06-13 07:00:00+00:00,63823.9,63896.5,63729.8,63771.6,3461.243,2026-06-13 07:59:59.999000+00:00,220840142.9,66638,1564.778,99844094.37,0
2026-06-13 08:00:00+00:00,63771.5,63833.0,63708.2,63709.9,1419.807,2026-06-13 08:59:59.999000+00:00,90540292.07,40987,600.76,38311691.88,0
2026-06-13 09:00:00+00:00,63709.9,63883.2,63683.1,63812.9,2679.471,2026-06-13 09:59:59.999000+00:00,170938602.4,52474,1521.229,97049823.21,0
2026-06-13 10:00:00+00:00,63813.0,63949.9,63809.4,63936.1,2414.403,2026-06-13 10:59:59.999000+00:00,154277062.2,53466,1336.621,85407795.15,0
2026-06-13 11:00:00+00:00,63936.1,64187.7,63882.6,64103.1,4756.321,2026-06-13 11:59:59.999000+00:00,304518167.4,86664,2654.614,169973823.0,0
2026-06-13 12:00:00+00:00,64103.0,64217.0,64026.6,64071.0,4732.652,2026-06-13 12:59:59.999000+00:00,303476005.4,87738,2383.846,152878562.5,0
2026-06-13 13:00:00+00:00,64071.0,64208.8,64052.3,64189.7,2178.915,2026-06-13 13:59:59.999000+00:00,139748102.8,55591,1058.415,67886776.52,0
2026-06-13 14:00:00+00:00,64189.8,64323.0,64147.2,64265.0,4558.288,2026-06-13 14:59:59.999000+00:00,292853057.2,90196,2507.627,161113111.6,0
2026-06-13 15:00:00+00:00,64265.1,64280.0,63862.9,63996.2,8214.293,2026-06-13 15:59:59.999000+00:00,525922937.6,141568,3866.785,247595934.3,0
2026-06-13 16:00:00+00:00,63996.1,64090.1,63902.0,63939.7,2988.244,2026-06-13 16:59:59.999000+00:00,191231049.7,71052,1510.558,96668419.36,0
2026-06-13 17:00:00+00:00,63939.7,64247.8,63939.6,64122.7,3116.164,2026-06-13 17:59:59.999000+00:00,199745579.0,67487,1602.532,102710357.4,0
2026-06-13 18:00:00+00:00,64122.7,64298.7,64111.1,64264.2,3087.802,2026-06-13 18:59:59.999000+00:00,198255750.1,54800,1326.197,85155564.54,0
2026-06-13 19:00:00+00:00,64264.2,64264.3,64195.3,64252.4,1079.311,2026-06-13 19:59:59.999000+00:00,69324290.19,33147,509.828,32747213.74,0
2026-06-13 20:00:00+00:00,64252.4,64738.0,64189.6,64435.2,7334.893,2026-06-13 20:59:59.999000+00:00,473133442.3,122524,4451.328,287188289.7,0
2026-06-13 21:00:00+00:00,64435.2,64529.0,64349.3,64413.4,2850.59,2026-06-13 21:59:59.999000+00:00,183675319.7,74103,1504.63,96950913.8,0
2026-06-13 22:00:00+00:00,64413.4,64572.0,64350.5,64418.2,2165.507,2026-06-13 22:59:59.999000+00:00,139537066.9,61127,1146.147,73859396.71,0
2026-06-13 23:00:00+00:00,64418.3,64548.6,64338.8,64519.3,2060.185,2026-06-13 23:59:59.999000+00:00,132796030.1,61822,1093.972,70516031.01,0
2026-06-14 00:00:00+00:00,64519.2,64682.2,64466.4,64534.1,2612.929,2026-06-14 00:59:59.999000+00:00,168758956.9,77071,1353.605,87427672.46,0
2026-06-14 01:00:00+00:00,64534.0,64606.4,64436.7,64450.0,2045.452,2026-06-14 01:59:59.999000+00:00,131979435.8,54586,956.965,61749798.16,0
2026-06-14 02:00:00+00:00,64450.1,64518.4,64421.7,64515.0,3269.628,2026-06-14 02:59:59.999000+00:00,210792902.7,51411,1807.328,116529213.2,0
2026-06-14 03:00:00+00:00,64515.0,64532.8,64281.0,64300.0,2599.296,2026-06-14 03:59:59.999000+00:00,167357946.5,49009,1034.308,66601016.3,0
2026-06-14 04:00:00+00:00,64300.0,64378.5,64260.0,64318.1,2076.942,2026-06-14 04:59:59.999000+00:00,133585821.6,48109,1070.474,68856701.5,0
2026-06-14 05:00:00+00:00,64318.1,64450.1,64208.5,64258.0,3360.246,2026-06-14 05:59:59.999000+00:00,216086075.2,70438,1725.419,110969929.9,0
2026-06-14 06:00:00+00:00,64258.0,64412.7,64186.5,64392.0,2472.615,2026-06-14 06:59:59.999000+00:00,158959779.3,49989,1230.592,79126382.34,0
2026-06-14 07:00:00+00:00,64392.1,64486.9,64353.2,64423.1,1629.08,2026-06-14 07:59:59.999000+00:00,104967437.7,43419,827.462,53316003.15,0
2026-06-14 08:00:00+00:00,64423.1,64593.1,64281.1,64584.7,3100.679,2026-06-14 08:59:59.999000+00:00,199865538.4,66619,1538.284,99172470.57,0
2026-06-14 09:00:00+00:00,64584.8,64640.6,64452.8,64485.4,2531.79,2026-06-14 09:59:59.999000+00:00,163412898.0,52777,1175.922,75899861.92,0
2026-06-14 10:00:00+00:00,64485.5,64614.4,64419.3,64511.7,1865.041,2026-06-14 10:59:59.999000+00:00,120353058.1,46956,940.259,60680474.05,0
2026-06-14 11:00:00+00:00,64511.7,64531.2,64255.9,64296.8,3294.214,2026-06-14 11:59:59.999000+00:00,212045734.7,64524,1409.296,90701540.46,0
2026-06-14 12:00:00+00:00,64296.7,64369.0,64207.3,64287.5,2943.823,2026-06-14 12:59:59.999000+00:00,189258160.9,66592,1503.064,96641332.54,0
2026-06-14 13:00:00+00:00,64287.4,64313.1,63830.0,63953.7,8475.881,2026-06-14 13:59:59.999000+00:00,542615826.7,160479,3539.195,226551089.8,0
2026-06-14 14:00:00+00:00,63953.7,64123.8,63945.8,63995.2,4281.19,2026-06-14 14:59:59.999000+00:00,274162336.6,88492,2221.71,142285195.1,0
2026-06-14 15:00:00+00:00,63995.2,64183.4,63901.3,63913.8,3323.998,2026-06-14 15:59:59.999000+00:00,212871274.3,81038,1546.883,99084260.77,0
2026-06-14 16:00:00+00:00,63913.8,64000.0,63650.0,63706.1,5470.458,2026-06-14 16:59:59.999000+00:00,349125728.2,102527,2502.267,159701755.9,0
2026-06-14 17:00:00+00:00,63706.2,63791.9,63650.9,63783.9,3170.311,2026-06-14 17:59:59.999000+00:00,202010466.3,67948,1883.198,120003812.1,0
2026-06-14 18:00:00+00:00,63783.9,63830.9,63702.0,63777.3,1358.481,2026-06-14 18:59:59.999000+00:00,86636854.07,39984,716.92,45723022.16,0
2026-06-14 19:00:00+00:00,63777.4,64070.0,63761.5,63978.1,3073.059,2026-06-14 19:59:59.999000+00:00,196458166.0,61589,1757.494,112352818.6,0
2026-06-14 20:00:00+00:00,63978.2,65652.0,63973.4,65284.4,27695.963,2026-06-14 20:59:59.999000+00:00,1799089804.0,448485,16454.995,1068816060.0,0
2026-06-14 21:00:00+00:00,65284.4,65555.0,64918.2,65389.2,14246.288,2026-06-14 21:59:59.999000+00:00,929171859.7,337479,6942.729,452889522.6,0
2026-06-14 22:00:00+00:00,65389.2,65775.0,65217.0,65702.1,9775.909,2026-06-14 22:59:59.999000+00:00,640994553.9,229114,5317.632,348749763.0,0
2026-06-14 23:00:00+00:00,65702.1,65880.0,65444.0,65591.4,9044.986,2026-06-14 23:59:59.999000+00:00,593714832.8,200137,4063.165,266794459.8,0
2026-06-15 00:00:00+00:00,65591.4,65705.6,65314.3,65482.6,5936.809,2026-06-15 00:59:59.999000+00:00,388738313.9,142877,3190.768,208923916.9,0
2026-06-15 01:00:00+00:00,65482.6,65749.0,65383.6,65429.3,3923.62,2026-06-15 01:59:59.999000+00:00,257208201.9,108602,1766.676,115821799.4,0
2026-06-15 02:00:00+00:00,65429.3,65996.8,65393.4,65894.7,9255.319,2026-06-15 02:59:59.999000+00:00,608640575.4,155786,5208.315,342549885.5,0
2026-06-15 03:00:00+00:00,65894.6,65894.7,65601.8,65612.2,3331.818,2026-06-15 03:59:59.999000+00:00,218923744.7,85438,1487.308,97715837.01,0
2026-06-15 04:00:00+00:00,65612.2,65844.7,65577.8,65828.1,3066.816,2026-06-15 04:59:59.999000+00:00,201566282.7,78064,1700.723,111782827.9,0
2026-06-15 05:00:00+00:00,65828.0,65933.0,65716.4,65773.0,4071.861,2026-06-15 05:59:59.999000+00:00,268081716.6,89040,1792.724,118034581.4,0
2026-06-15 06:00:00+00:00,65773.0,65978.1,65580.0,65642.3,5386.6,2026-06-15 06:59:59.999000+00:00,354235926.2,112161,2719.246,178821303.9,0
2026-06-15 07:00:00+00:00,65642.4,65768.1,65580.3,65619.9,3912.2,2026-06-15 07:59:59.999000+00:00,256856879.3,78437,1940.49,127401767.3,0
2026-06-15 08:00:00+00:00,65620.0,65740.1,65469.0,65559.9,3326.393,2026-06-15 08:59:59.999000+00:00,218154525.7,77693,1610.592,105637677.7,0
2026-06-15 09:00:00+00:00,65559.8,65934.3,65545.2,65884.7,7895.239,2026-06-15 09:59:59.999000+00:00,519249569.5,103602,5717.715,375998036.2,0
2026-06-15 10:00:00+00:00,65884.7,66346.2,65807.3,66192.0,15452.401,2026-06-15 10:59:59.999000+00:00,1021972017.0,278494,8320.375,550357569.5,0
2026-06-15 11:00:00+00:00,66192.0,66570.0,66056.4,66528.5,12174.401,2026-06-15 11:59:59.999000+00:00,807585976.4,211212,5738.242,380741020.3,0
2026-06-15 12:00:00+00:00,66528.5,66915.2,66375.1,66410.8,20545.811,2026-06-15 12:59:59.999000+00:00,1369207056.0,384707,10334.228,688836889.1,0
2026-06-15 13:00:00+00:00,66410.8,66646.8,66265.0,66552.3,8252.837,2026-06-15 13:59:59.999000+00:00,548290563.7,196211,4295.961,285424846.6,0
2026-06-15 14:00:00+00:00,66552.4,67255.4,66541.5,67248.5,13362.263,2026-06-15 14:59:59.999000+00:00,894836036.7,250899,7734.958,518090620.4,0
2026-06-15 15:00:00+00:00,67248.5,67254.5,67051.1,67122.3,7578.852,2026-06-15 15:59:59.999000+00:00,508869552.6,174747,3489.849,234344911.6,0
2026-06-15 16:00:00+00:00,67122.3,67122.4,66635.1,66820.7,8193.907,2026-06-15 16:59:59.999000+00:00,547722910.1,172358,3610.053,241271226.6,0
2026-06-15 17:00:00+00:00,66820.7,66900.0,66678.5,66726.1,3557.451,2026-06-15 17:59:59.999000+00:00,237614562.2,115284,1925.889,128638601.6,0
2026-06-15 18:00:00+00:00,66726.1,66856.1,66302.4,66579.2,6172.572,2026-06-15 18:59:59.999000+00:00,410957758.8,166852,2894.709,192741265.0,0
2026-06-15 19:00:00+00:00,66579.1,66658.2,66445.0,66489.6,2244.671,2026-06-15 19:59:59.999000+00:00,149365128.7,80928,1100.275,73221345.29,0
2026-06-15 20:00:00+00:00,66489.6,66534.8,66284.8,66337.1,2945.274,2026-06-15 20:59:59.999000+00:00,195592256.0,69725,1306.769,86801418.07,0
2026-06-15 21:00:00+00:00,66337.1,66446.2,66065.1,66170.0,5545.129,2026-06-15 21:59:59.999000+00:00,367190489.0,149518,2686.898,177931771.6,0
2026-06-15 22:00:00+00:00,66170.0,66335.5,66086.6,66285.9,2775.711,2026-06-15 22:59:59.999000+00:00,183794256.3,96541,1533.092,101515244.3,0
2026-06-15 23:00:00+00:00,66285.9,66426.9,66197.2,66216.9,3431.519,2026-06-15 23:59:59.999000+00:00,227551069.6,98946,1672.187,110903117.2,0
2026-06-16 00:00:00+00:00,66216.8,66388.8,66206.6,66309.9,2298.901,2026-06-16 00:59:59.999000+00:00,152429537.4,80207,1237.511,82058245.75,0
2026-06-16 01:00:00+00:00,66309.9,66331.8,65655.0,65714.1,9099.747,2026-06-16 01:59:59.999000+00:00,599734097.8,189441,3582.023,236014488.1,0
2026-06-16 02:00:00+00:00,65714.0,66145.4,65607.1,66125.4,6605.331,2026-06-16 02:59:59.999000+00:00,435458094.5,139670,3692.556,243430446.5,0
2026-06-16 03:00:00+00:00,66125.4,66252.2,65768.7,65811.1,5555.333,2026-06-16 03:59:59.999000+00:00,366534670.5,121790,2266.984,149588739.4,0
2026-06-16 04:00:00+00:00,65811.1,66119.9,65811.1,66028.0,3516.107,2026-06-16 04:59:59.999000+00:00,232069876.1,97618,1994.306,131621318.7,0
2026-06-16 05:00:00+00:00,66028.1,66543.5,66025.1,66406.4,5633.376,2026-06-16 05:59:59.999000+00:00,373696685.8,123387,3302.203,219035716.1,0
2026-06-16 06:00:00+00:00,66406.3,66497.0,66272.1,66341.7,3952.601,2026-06-16 06:59:59.999000+00:00,262307743.2,90796,2383.108,158163001.1,0
2026-06-16 07:00:00+00:00,66341.8,66956.7,66310.5,66863.9,9095.48,2026-06-16 07:59:59.999000+00:00,606130945.0,170537,5223.546,348079894.3,0
2026-06-16 08:00:00+00:00,66863.9,66884.6,66440.1,66478.4,5305.599,2026-06-16 08:59:59.999000+00:00,353670198.1,130005,2267.19,151132104.0,0
2026-06-16 09:00:00+00:00,66478.5,66755.5,66451.1,66476.1,3834.46,2026-06-16 09:59:59.999000+00:00,255319786.3,101022,1876.502,124962936.5,0
2026-06-16 10:00:00+00:00,66476.1,66619.3,66325.4,66456.0,3380.096,2026-06-16 10:59:59.999000+00:00,224529945.8,90920,1586.088,105371131.9,0
2026-06-16 11:00:00+00:00,66456.0,66787.1,66325.2,66390.5,6611.999,2026-06-16 11:59:59.999000+00:00,439909210.5,182337,3383.962,225174607.1,0
2026-06-16 12:00:00+00:00,66390.5,66435.6,65893.2,66012.7,10953.391,2026-06-16 12:59:59.999000+00:00,724080206.0,269623,5135.613,339493841.9,0
2026-06-16 13:00:00+00:00,66012.8,66239.3,65328.8,65630.2,15588.828,2026-06-16 13:59:59.999000+00:00,1023946289.0,365875,7233.133,475098524.1,0
2026-06-16 14:00:00+00:00,65630.2,65981.5,65580.0,65841.8,7659.939,2026-06-16 14:59:59.999000+00:00,504058183.4,206093,4217.057,277512260.1,0
2026-06-16 15:00:00+00:00,65841.8,65932.3,65675.2,65730.8,3289.048,2026-06-16 15:59:59.999000+00:00,216312909.5,118143,1530.754,100672539.4,0
2026-06-16 16:00:00+00:00,65730.9,65991.7,65677.1,65946.2,3368.206,2026-06-16 16:59:59.999000+00:00,221747737.9,109072,1897.553,124944034.9,0
2026-06-16 17:00:00+00:00,65946.2,66246.1,65767.0,65822.4,5488.113,2026-06-16 17:59:59.999000+00:00,362140846.5,133275,2861.579,188849299.5,0
2026-06-16 18:00:00+00:00,65822.5,65822.5,65529.0,65653.2,4965.888,2026-06-16 18:59:59.999000+00:00,325957239.3,131500,2235.786,146759045.6,0
2026-06-16 19:00:00+00:00,65653.2,65832.7,65561.3,65824.0,2517.971,2026-06-16 19:59:59.999000+00:00,165475937.7,67770,1295.13,85125928.7,0
2026-06-16 20:00:00+00:00,65824.0,65908.4,65609.8,65741.2,2613.731,2026-06-16 20:59:59.999000+00:00,171863036.0,56624,1224.211,80498078.79,0
2026-06-16 21:00:00+00:00,65741.3,65855.0,65644.6,65745.2,2574.361,2026-06-16 21:59:59.999000+00:00,169235260.6,56732,1522.855,100115316.5,0
2026-06-16 22:00:00+00:00,65745.2,65805.0,65580.1,65644.8,1766.401,2026-06-16 22:59:59.999000+00:00,116006935.1,55449,836.209,54915381.79,0
2026-06-16 23:00:00+00:00,65644.8,65821.0,65644.8,65679.4,2124.11,2026-06-16 23:59:59.999000+00:00,139623193.5,68997,1075.763,70712551.63,0
2026-06-17 00:00:00+00:00,65679.4,65925.1,65427.9,65901.1,4784.4,2026-06-17 00:59:59.999000+00:00,314064578.1,127568,2315.803,152069257.3,0
2026-06-17 01:00:00+00:00,65901.1,66092.5,65743.0,65872.7,3487.582,2026-06-17 01:59:59.999000+00:00,229890421.4,110515,1813.693,119568035.8,0
2026-06-17 02:00:00+00:00,65872.6,65872.7,65671.8,65818.6,1896.242,2026-06-17 02:59:59.999000+00:00,124709231.7,68587,832.133,54727211.23,0
2026-06-17 03:00:00+00:00,65818.6,66019.0,65744.2,65852.5,1896.801,2026-06-17 03:59:59.999000+00:00,124974868.8,59974,1066.014,70242914.55,0
2026-06-17 04:00:00+00:00,65852.5,65948.5,65702.9,65796.1,2152.245,2026-06-17 04:59:59.999000+00:00,141616229.7,65090,1033.793,68026980.26,0
2026-06-17 05:00:00+00:00,65796.1,65869.8,65535.0,65589.4,3412.922,2026-06-17 05:59:59.999000+00:00,224088812.8,78983,1466.696,96304254.95,0
2026-06-17 06:00:00+00:00,65589.4,65680.3,65200.0,65504.0,9271.031,2026-06-17 06:59:59.999000+00:00,606732567.1,157144,4106.461,268811044.7,0
2026-06-17 07:00:00+00:00,65503.9,65549.8,64800.0,64889.8,13620.919,2026-06-17 07:59:59.999000+00:00,886119540.6,231312,6115.604,397753538.4,0
2026-06-17 08:00:00+00:00,64889.9,65045.0,64800.4,64880.1,6116.04,2026-06-17 08:59:59.999000+00:00,397161003.9,126225,3504.274,227574327.7,0
2026-06-17 09:00:00+00:00,64880.0,64964.2,64733.5,64770.4,3937.974,2026-06-17 09:59:59.999000+00:00,255330744.3,106883,1776.215,115175662.8,0
2026-06-17 10:00:00+00:00,64770.4,64834.9,64525.0,64774.5,8169.245,2026-06-17 10:59:59.999000+00:00,528351103.2,172054,4043.189,261536154.6,0
2026-06-17 11:00:00+00:00,64774.6,65080.3,64550.7,65005.3,7979.636,2026-06-17 11:59:59.999000+00:00,517319432.0,164630,4234.535,274581458.9,0
2026-06-17 12:00:00+00:00,65005.2,65333.0,64804.1,65232.9,9997.319,2026-06-17 12:59:59.999000+00:00,650675934.2,208928,5842.883,380246998.8,0
2026-06-17 13:00:00+00:00,65232.6,65434.1,64722.6,65072.4,10063.625,2026-06-17 13:59:59.999000+00:00,655204577.1,274342,4706.41,306487999.3,0
2026-06-17 14:00:00+00:00,65072.4,65834.1,64943.5,65712.7,9718.331,2026-06-17 14:59:59.999000+00:00,636086462.0,253018,5345.145,349918989.8,0
2026-06-17 15:00:00+00:00,65712.7,66419.2,65676.8,65829.7,14049.492,2026-06-17 15:59:59.999000+00:00,927553371.5,301045,7192.929,474944248.6,0
2026-06-17 16:00:00+00:00,65829.6,66160.0,65755.0,66073.1,5298.208,2026-06-17 16:59:59.999000+00:00,349302363.6,153686,2847.926,187786021.5,0
2026-06-17 17:00:00+00:00,66073.1,66085.3,64746.6,65481.3,32342.617,2026-06-17 17:59:59.999000+00:00,2116970309.0,714050,15057.934,985685466.3,0
2026-06-17 18:00:00+00:00,65481.2,65632.0,64015.0,64271.3,27562.287,2026-06-17 18:59:59.999000+00:00,1779635717.0,649003,13134.642,848100966.9,0
2026-06-17 19:00:00+00:00,64271.4,64460.8,64137.1,64405.9,7023.72,2026-06-17 19:59:59.999000+00:00,451673392.5,190289,3817.811,245548523.7,0
2026-06-17 20:00:00+00:00,64405.9,64427.0,64104.0,64229.4,4138.35,2026-06-17 20:59:59.999000+00:00,265980541.4,97742,2171.458,139578614.3,0
2026-06-17 21:00:00+00:00,64229.4,64415.7,63881.2,64265.3,7515.198,2026-06-17 21:59:59.999000+00:00,482093996.6,160236,3565.092,228810492.2,0
2026-06-17 22:00:00+00:00,64265.3,64495.3,64216.6,64472.9,2928.005,2026-06-17 22:59:59.999000+00:00,188557325.8,90837,1755.45,113054957.4,0
2026-06-17 23:00:00+00:00,64472.9,64676.5,64422.4,64432.8,3367.814,2026-06-17 23:59:59.999000+00:00,217430634.5,107334,1718.9,110986382.4,0
2026-06-18 00:00:00+00:00,64432.8,64780.0,64429.1,64520.9,3711.292,2026-06-18 00:59:59.999000+00:00,239874398.6,107092,1879.155,121465552.9,0
2026-06-18 01:00:00+00:00,64520.9,64750.0,64453.2,64652.3,2543.649,2026-06-18 01:59:59.999000+00:00,164382151.1,82549,1354.903,87559078.51,0
2026-06-18 02:00:00+00:00,64652.3,64652.3,64228.9,64255.0,5092.146,2026-06-18 02:59:59.999000+00:00,327733747.6,105771,2192.066,141062269.9,0
2026-06-18 03:00:00+00:00,64255.0,64323.4,63785.0,63850.1,9767.176,2026-06-18 03:59:59.999000+00:00,624737959.0,214764,4335.848,277331047.2,0
2026-06-18 04:00:00+00:00,63850.1,64000.0,63660.1,63961.8,5961.032,2026-06-18 04:59:59.999000+00:00,380539454.8,158052,2969.047,189591190.2,0
2026-06-18 05:00:00+00:00,63961.9,64097.7,63811.3,64054.9,4272.735,2026-06-18 05:59:59.999000+00:00,273430504.8,102840,2354.532,150699646.2,0
2026-06-18 06:00:00+00:00,64054.9,64491.1,63985.3,64470.3,6502.533,2026-06-18 06:59:59.999000+00:00,417953076.3,122167,3631.798,233446929.8,0
2026-06-18 07:00:00+00:00,64470.4,64631.5,64349.2,64370.0,5742.264,2026-06-18 07:59:59.999000+00:00,370326420.3,122240,2723.239,175658145.3,0
2026-06-18 08:00:00+00:00,64370.0,64450.0,64162.5,64172.6,3905.742,2026-06-18 08:59:59.999000+00:00,251101261.8,91643,1644.932,105763216.3,0
2026-06-18 09:00:00+00:00,64172.7,64198.0,63880.2,64050.0,6808.319,2026-06-18 09:59:59.999000+00:00,435874138.1,125406,2944.339,188509726.8,0
2026-06-18 10:00:00+00:00,64050.1,64175.9,63855.0,63940.1,4133.313,2026-06-18 10:59:59.999000+00:00,264421834.1,107628,2098.273,134232521.8,0
2026-06-18 11:00:00+00:00,63940.1,64377.8,63892.8,64345.9,5211.011,2026-06-18 11:59:59.999000+00:00,334338560.6,133140,3110.021,199565781.7,0
2026-06-18 12:00:00+00:00,64345.8,64423.4,63753.0,63952.3,12076.44,2026-06-18 12:59:59.999000+00:00,773856776.3,252556,5579.325,357714989.3,0
2026-06-18 13:00:00+00:00,63952.4,64181.7,63565.0,63784.1,13161.056,2026-06-18 13:59:59.999000+00:00,839830760.3,335891,6624.25,422790632.5,0
2026-06-18 14:00:00+00:00,63784.2,63796.6,62232.1,62337.8,40637.073,2026-06-18 14:59:59.999000+00:00,2559774536.0,651587,18977.299,1195284162.0,0
2026-06-18 15:00:00+00:00,62337.8,62789.0,62308.6,62664.2,14208.574,2026-06-18 15:59:59.999000+00:00,889492611.8,284956,7499.863,469502237.1,0
2026-06-18 16:00:00+00:00,62664.2,62730.0,62241.0,62579.1,11740.083,2026-06-18 16:59:59.999000+00:00,733891002.1,225918,6352.851,397188736.4,0
2026-06-18 17:00:00+00:00,62579.2,62932.7,62552.8,62683.5,9150.288,2026-06-18 17:59:59.999000+00:00,574100581.9,195498,4503.511,282594948.7,0
2026-06-18 18:00:00+00:00,62683.5,62985.0,62608.0,62925.4,4674.584,2026-06-18 18:59:59.999000+00:00,293751812.3,125162,2724.405,171201679.7,0
2026-06-18 19:00:00+00:00,62925.3,63266.8,62925.3,63063.1,6155.035,2026-06-18 19:59:59.999000+00:00,388405249.9,132847,3102.937,195802352.3,0
2026-06-18 20:00:00+00:00,63063.1,63098.7,62831.8,62936.0,3244.761,2026-06-18 20:59:59.999000+00:00,204238080.7,73231,1357.683,85453441.54,0
2026-06-18 21:00:00+00:00,62936.0,62962.1,62710.5,62853.0,3104.191,2026-06-18 21:59:59.999000+00:00,195009394.4,72582,1417.715,89054784.44,0
2026-06-18 22:00:00+00:00,62852.9,62959.9,62717.0,62924.1,2527.605,2026-06-18 22:59:59.999000+00:00,158850467.0,74947,1295.169,81406135.83,0
2026-06-18 23:00:00+00:00,62924.0,63066.7,62812.7,62991.7,2446.187,2026-06-18 23:59:59.999000+00:00,153981970.0,82337,1455.779,91645558.33,0
2026-06-19 00:00:00+00:00,62991.7,63073.0,62814.3,62994.5,2562.735,2026-06-19 00:59:59.999000+00:00,161302168.5,78670,1230.158,77435868.13,0
2026-06-19 01:00:00+00:00,62994.5,63088.0,62858.2,62974.2,2107.975,2026-06-19 01:59:59.999000+00:00,132736043.5,65892,1027.943,64733520.09,0
2026-06-19 02:00:00+00:00,62974.2,63004.8,62237.2,62745.1,11677.236,2026-06-19 02:59:59.999000+00:00,730802295.7,192701,5048.7,315990093.3,0
2026-06-19 03:00:00+00:00,62745.1,62888.8,62375.7,62421.7,5551.656,2026-06-19 03:59:59.999000+00:00,347546088.7,135323,2681.595,167879995.8,0
2026-06-19 04:00:00+00:00,62421.8,62715.0,62417.4,62707.0,3774.762,2026-06-19 04:59:59.999000+00:00,236320911.1,94790,1965.874,123066745.9,0
2026-06-19 05:00:00+00:00,62707.1,62888.7,62691.0,62865.1,2658.473,2026-06-19 05:59:59.999000+00:00,166924032.3,76367,1421.682,89271144.89,0
2026-06-19 06:00:00+00:00,62865.0,62896.8,62465.6,62592.4,5319.797,2026-06-19 06:59:59.999000+00:00,333072851.8,107769,2617.273,163841324.2,0
2026-06-19 07:00:00+00:00,62592.4,62758.1,62504.7,62575.7,3585.07,2026-06-19 07:59:59.999000+00:00,224501495.2,89421,1630.265,102092400.8,0
2026-06-19 08:00:00+00:00,62575.7,62623.2,62272.4,62353.0,6117.203,2026-06-19 08:59:59.999000+00:00,381634075.3,137826,2826.376,176326787.4,0
2026-06-19 09:00:00+00:00,62352.9,62570.1,62347.8,62506.2,3659.625,2026-06-19 09:59:59.999000+00:00,228561342.6,100904,2151.633,134383853.4,0
2026-06-19 10:00:00+00:00,62506.3,62664.3,62419.5,62600.0,3035.836,2026-06-19 10:59:59.999000+00:00,189945226.0,85581,1642.792,102784800.5,0
2026-06-19 11:00:00+00:00,62600.0,62844.8,62315.2,62799.4,6739.352,2026-06-19 11:59:59.999000+00:00,421880813.9,168296,3690.007,231017138.7,0
2026-06-19 12:00:00+00:00,62799.4,63410.3,62629.5,63174.2,13878.128,2026-06-19 12:59:59.999000+00:00,874679287.2,271187,8056.831,507889642.4,0
2026-06-19 13:00:00+00:00,63174.1,63398.3,62972.8,63174.8,7794.914,2026-06-19 13:59:59.999000+00:00,492517238.2,188165,3875.74,244924562.9,0
2026-06-19 14:00:00+00:00,63174.8,63266.3,62992.0,63193.0,4428.801,2026-06-19 14:59:59.999000+00:00,279601868.2,138747,2204.447,139195131.6,0
2026-06-19 15:00:00+00:00,63193.1,63376.6,62897.8,62943.7,6372.556,2026-06-19 15:59:59.999000+00:00,402643151.1,158651,3127.918,197701817.0,0
2026-06-19 16:00:00+00:00,62943.7,63213.0,62836.6,63166.7,4859.398,2026-06-19 16:59:59.999000+00:00,306217496.7,142091,2528.681,159388930.9,0
2026-06-19 17:00:00+00:00,63166.6,63175.3,62958.0,63079.3,2166.381,2026-06-19 17:59:59.999000+00:00,136638381.4,72793,951.18,59992681.7,0
2026-06-19 18:00:00+00:00,63079.2,63117.0,62907.4,63001.9,1719.554,2026-06-19 18:59:59.999000+00:00,108336022.2,63559,890.744,56119636.73,0
2026-06-19 19:00:00+00:00,63001.8,63245.9,62926.2,63217.4,1587.361,2026-06-19 19:59:59.999000+00:00,100147249.5,63360,923.663,58281767.13,0
2026-06-19 20:00:00+00:00,63217.3,63253.6,63024.1,63048.0,1954.973,2026-06-19 20:59:59.999000+00:00,123443316.9,53651,982.408,62031471.27,0
2026-06-19 21:00:00+00:00,63048.0,63345.1,63015.1,63287.8,3005.024,2026-06-19 21:59:59.999000+00:00,189981493.8,59813,1842.653,116489289.3,0
2026-06-19 22:00:00+00:00,63287.8,63645.0,63250.0,63512.6,5223.884,2026-06-19 22:59:59.999000+00:00,331511910.1,93738,3484.383,221164731.6,0
2026-06-19 23:00:00+00:00,63512.5,63757.2,63435.0,63496.8,5620.834,2026-06-19 23:59:59.999000+00:00,357331265.0,130643,3043.291,193496251.0,0
2026-06-20 00:00:00+00:00,63496.8,63594.2,63368.5,63550.9,2644.972,2026-06-20 00:59:59.999000+00:00,167923409.3,76653,1276.425,81031119.57,0
2026-06-20 01:00:00+00:00,63551.0,63551.0,63301.8,63305.7,2722.798,2026-06-20 01:59:59.999000+00:00,172590397.1,72025,1046.239,66316105.71,0
2026-06-20 02:00:00+00:00,63305.8,63487.2,63283.5,63440.5,1781.829,2026-06-20 02:59:59.999000+00:00,112939483.9,50886,918.119,58193745.33,0
2026-06-20 03:00:00+00:00,63440.5,63590.0,63367.6,63553.9,2036.026,2026-06-20 03:59:59.999000+00:00,129305627.8,55954,1036.086,65802528.86,0
2026-06-20 04:00:00+00:00,63553.9,63894.0,63509.1,63645.5,6526.429,2026-06-20 04:59:59.999000+00:00,415807878.5,131169,3966.785,252743435.1,0
2026-06-20 05:00:00+00:00,63645.4,63730.0,63608.6,63710.0,1912.419,2026-06-20 05:59:59.999000+00:00,121779598.1,49408,1020.812,65004292.03,0
2026-06-20 06:00:00+00:00,63710.1,63774.2,63558.4,63625.0,3533.917,2026-06-20 06:59:59.999000+00:00,225051157.7,63712,1566.431,99768555.83,0
2026-06-20 07:00:00+00:00,63625.0,63630.0,63360.0,63390.8,4745.106,2026-06-20 07:59:59.999000+00:00,301205834.8,82366,1872.139,118844546.0,0
2026-06-20 08:00:00+00:00,63390.8,63760.8,63390.3,63700.8,3687.354,2026-06-20 08:59:59.999000+00:00,234394265.2,71647,1978.404,125751882.0,0
2026-06-20 09:00:00+00:00,63700.8,63747.7,63559.8,63649.7,2170.014,2026-06-20 09:59:59.999000+00:00,138119882.6,51014,1046.525,66615116.95,0
2026-06-20 10:00:00+00:00,63649.6,63770.0,63586.8,63651.3,1580.907,2026-06-20 10:59:59.999000+00:00,100662437.3,43768,863.388,54977585.46,0
2026-06-20 11:00:00+00:00,63651.4,63756.0,63497.3,63627.8,3118.595,2026-06-20 11:59:59.999000+00:00,198465084.6,65714,1451.769,92389245.68,0
2026-06-20 12:00:00+00:00,63627.7,63627.8,63242.0,63368.0,6104.423,2026-06-20 12:59:59.999000+00:00,386933312.6,116674,2641.617,167412730.9,0
2026-06-20 13:00:00+00:00,63368.0,64150.0,63136.2,63929.5,15156.582,2026-06-20 13:59:59.999000+00:00,965218641.1,265029,8445.589,538104172.8,0
2026-06-20 14:00:00+00:00,63929.4,64370.9,63810.0,64139.5,11736.081,2026-06-20 14:59:59.999000+00:00,752394065.5,234682,6289.752,403258060.9,0
2026-06-20 15:00:00+00:00,64139.4,64150.0,63875.0,63999.9,4431.632,2026-06-20 15:59:59.999000+00:00,283581179.1,116941,2429.545,155465830.8,0
2026-06-20 16:00:00+00:00,63999.9,64015.0,63661.9,63810.7,5116.225,2026-06-20 16:59:59.999000+00:00,326626556.2,130949,1968.035,125660332.7,0
2026-06-20 17:00:00+00:00,63810.8,63899.0,63750.3,63776.4,1651.649,2026-06-20 17:59:59.999000+00:00,105397159.9,51736,842.719,53776486.83,0
2026-06-20 18:00:00+00:00,63776.3,63940.3,63764.2,63905.5,1802.738,2026-06-20 18:59:59.999000+00:00,115139190.2,52754,1002.741,64045596.27,0
2026-06-20 19:00:00+00:00,63905.5,63945.0,63820.0,63899.4,958.033,2026-06-20 19:59:59.999000+00:00,61213457.59,35817,464.538,29681729.01,0
2026-06-20 20:00:00+00:00,63899.4,64066.6,63886.6,63983.0,1679.864,2026-06-20 20:59:59.999000+00:00,107447746.3,48874,977.076,62499975.6,0
2026-06-20 21:00:00+00:00,63983.0,64326.0,63943.6,64245.9,3225.948,2026-06-20 21:59:59.999000+00:00,207081792.6,95446,1934.694,124188412.5,0
2026-06-20 22:00:00+00:00,64245.9,64317.6,64219.7,64270.0,1732.321,2026-06-20 22:59:59.999000+00:00,111316876.7,53439,830.479,53367693.26,0
2026-06-20 23:00:00+00:00,64270.1,64303.0,64217.6,64264.3,2410.512,2026-06-20 23:59:59.999000+00:00,154849845.5,45719,907.301,58292476.67,0
2026-06-21 00:00:00+00:00,64264.3,64297.0,64199.0,64221.3,2876.502,2026-06-21 00:59:59.999000+00:00,184742512.8,47505,881.29,56608386.05,0
2026-06-21 01:00:00+00:00,64221.3,64251.2,64199.0,64219.5,1446.395,2026-06-21 01:59:59.999000+00:00,92875774.05,29684,572.212,36744405.85,0
2026-06-21 02:00:00+00:00,64219.5,64450.0,64207.0,64398.8,3632.131,2026-06-21 02:59:59.999000+00:00,233796765.0,77959,2196.488,141394754.1,0
2026-06-21 03:00:00+00:00,64398.8,64568.0,64223.3,64252.7,4422.656,2026-06-21 03:59:59.999000+00:00,284936397.6,92344,2167.299,139658502.2,0
2026-06-21 04:00:00+00:00,64252.6,64339.7,64199.0,64226.5,2673.68,2026-06-21 04:59:59.999000+00:00,171760488.5,52062,1281.017,82300672.24,0
2026-06-21 05:00:00+00:00,64226.6,64300.0,64168.7,64270.0,1874.008,2026-06-21 05:59:59.999000+00:00,120354834.4,39069,840.738,54000423.85,0
2026-06-21 06:00:00+00:00,64269.9,64270.0,64143.2,64170.1,3195.625,2026-06-21 06:59:59.999000+00:00,205105422.8,43184,1109.78,71237798.95,0
2026-06-21 07:00:00+00:00,64170.0,64204.8,63871.3,63987.9,5172.436,2026-06-21 07:59:59.999000+00:00,331159255.0,81421,1996.889,127794345.3,0
2026-06-21 08:00:00+00:00,63987.9,64224.5,63928.4,64189.8,3868.644,2026-06-21 08:59:59.999000+00:00,247873439.2,81576,2486.121,159302553.7,0
2026-06-21 09:00:00+00:00,64189.8,64384.0,64175.5,64338.9,4012.6,2026-06-21 09:59:59.999000+00:00,257968016.5,75817,2329.105,149729998.3,0
2026-06-21 10:00:00+00:00,64339.0,64453.3,64077.3,64149.9,4721.509,2026-06-21 10:59:59.999000+00:00,303388892.4,115633,2199.617,141360434.5,0
2026-06-21 11:00:00+00:00,64149.8,64208.7,63916.0,64161.1,4648.175,2026-06-21 11:59:59.999000+00:00,297697416.6,107144,2407.276,154190599.3,0
2026-06-21 12:00:00+00:00,64161.1,64161.1,63981.2,64123.2,2524.614,2026-06-21 12:59:59.999000+00:00,161772506.3,59204,1209.866,77528341.32,0
2026-06-21 13:00:00+00:00,64123.2,64128.3,63969.7,64120.0,1789.791,2026-06-21 13:59:59.999000+00:00,114632169.1,52439,922.487,59087454.31,0
2026-06-21 14:00:00+00:00,64120.0,64337.3,64081.5,64200.3,2931.074,2026-06-21 14:59:59.999000+00:00,188241189.6,77997,1767.921,113544838.3,0
2026-06-21 15:00:00+00:00,64200.2,64231.6,64013.0,64122.3,2597.496,2026-06-21 15:59:59.999000+00:00,166559683.4,70667,1126.024,72197521.6,0
2026-06-21 16:00:00+00:00,64122.2,64197.1,64046.4,64114.6,1339.794,2026-06-21 16:59:59.999000+00:00,85907331.48,42022,678.478,43504470.92,0
2026-06-21 17:00:00+00:00,64114.6,64221.0,63907.4,64180.0,2519.631,2026-06-21 17:59:59.999000+00:00,161413181.0,75264,1353.233,86706971.49,0
2026-06-21 18:00:00+00:00,64180.1,64284.9,64135.1,64173.6,1206.193,2026-06-21 18:59:59.999000+00:00,77433777.49,40174,673.418,43233482.69,0
2026-06-21 19:00:00+00:00,64173.7,64243.4,63641.3,63824.8,4784.615,2026-06-21 19:59:59.999000+00:00,305538944.1,101791,2165.113,138249788.6,0
2026-06-21 20:00:00+00:00,63824.8,63950.0,63475.3,63778.2,7220.217,2026-06-21 20:59:59.999000+00:00,459748735.0,161162,3716.427,236683012.8,0
2026-06-21 21:00:00+00:00,63778.1,63840.0,63543.0,63775.3,5017.033,2026-06-21 21:59:59.999000+00:00,319428122.0,140804,2876.678,183134410.7,0
2026-06-21 22:00:00+00:00,63775.3,63775.3,63220.0,63287.1,8096.745,2026-06-21 22:59:59.999000+00:00,513627526.7,192953,3500.261,221983444.7,0
2026-06-21 23:00:00+00:00,63287.2,64076.0,63286.2,63867.2,8324.368,2026-06-21 23:59:59.999000+00:00,530304903.7,214008,4503.159,286875423.6,0
2026-06-22 00:00:00+00:00,63867.3,64788.0,63818.0,64574.5,16112.153,2026-06-22 00:59:59.999000+00:00,1038071455.0,339614,9033.214,581982391.7,0
2026-06-22 01:00:00+00:00,64574.5,64643.7,64213.8,64226.5,4686.405,2026-06-22 01:59:59.999000+00:00,301983227.9,143035,2213.576,142666127.4,0
2026-06-22 02:00:00+00:00,64226.5,64434.6,63857.1,63935.1,8838.637,2026-06-22 02:59:59.999000+00:00,566657445.8,204673,4033.038,258539383.8,0
2026-06-22 03:00:00+00:00,63935.1,64085.4,63833.4,64063.6,3987.486,2026-06-22 03:59:59.999000+00:00,255012233.4,106721,1960.681,125406120.0,0
2026-06-22 04:00:00+00:00,64063.5,64311.8,64050.6,64219.5,3574.11,2026-06-22 04:59:59.999000+00:00,229450156.7,93355,1781.303,114346360.5,0
2026-06-22 05:00:00+00:00,64219.5,64299.0,63912.8,63960.7,2873.557,2026-06-22 05:59:59.999000+00:00,184113259.4,83434,1328.823,85140434.55,0
2026-06-22 06:00:00+00:00,63960.6,64384.3,63931.0,64187.9,4308.349,2026-06-22 06:59:59.999000+00:00,276642869.7,99733,2299.277,147631748.7,0
2026-06-22 07:00:00+00:00,64188.0,64332.4,64014.9,64133.8,3083.064,2026-06-22 07:59:59.999000+00:00,197826706.2,98672,1647.274,105682319.1,0
2026-06-22 08:00:00+00:00,64133.9,64232.5,64019.0,64114.8,1760.141,2026-06-22 08:59:59.999000+00:00,112838248.1,66604,850.041,54491351.08,0
2026-06-22 09:00:00+00:00,64114.7,64250.0,64044.1,64109.8,1568.598,2026-06-22 09:59:59.999000+00:00,100620771.7,50558,739.526,47435586.67,0
2026-06-22 10:00:00+00:00,64109.9,64750.0,64064.5,64624.3,9530.798,2026-06-22 10:59:59.999000+00:00,614592859.1,214505,4880.75,314734657.8,0
2026-06-22 11:00:00+00:00,64624.2,65199.0,64545.7,65120.1,14700.714,2026-06-22 11:59:59.999000+00:00,954207030.1,279145,8479.359,550392929.1,0
2026-06-22 12:00:00+00:00,65120.0,65565.7,64915.6,65548.0,15228.832,2026-06-22 12:59:59.999000+00:00,993940360.9,323294,8374.742,546793301.2,0
2026-06-22 13:00:00+00:00,65547.9,65597.2,64802.3,64943.0,14941.027,2026-06-22 13:59:59.999000+00:00,972430912.0,304155,7276.858,473468124.7,0
2026-06-22 14:00:00+00:00,64943.1,65117.2,64722.2,64808.0,6535.352,2026-06-22 14:59:59.999000+00:00,424387784.7,199629,3031.406,196886152.3,0
2026-06-22 15:00:00+00:00,64808.0,64835.6,64481.0,64695.7,8721.001,2026-06-22 15:59:59.999000+00:00,563871214.7,199444,4266.348,275877273.1,0
2026-06-22 16:00:00+00:00,64695.8,64746.4,64355.0,64580.6,5298.329,2026-06-22 16:59:59.999000+00:00,341765674.9,134356,2424.195,156394950.5,0
2026-06-22 17:00:00+00:00,64580.6,64708.0,64249.6,64312.9,5474.731,2026-06-22 17:59:59.999000+00:00,352987692.3,123077,2580.313,166381956.7,0
2026-06-22 18:00:00+00:00,64312.9,64475.8,64240.0,64447.9,4662.824,2026-06-22 18:59:59.999000+00:00,300062106.8,129320,2473.665,159199670.8,0
2026-06-22 19:00:00+00:00,64450.6,64637.1,64326.0,64409.8,3634.307,2026-06-22 19:59:59.999000+00:00,234360729.6,82918,1759.114,113438631.8,0
2026-06-22 20:00:00+00:00,64409.8,64461.0,64112.1,64291.0,3088.035,2026-06-22 20:59:59.999000+00:00,198393324.1,67567,1317.522,84653972.37,0
2026-06-22 21:00:00+00:00,64291.0,64370.8,63758.3,63948.4,7545.433,2026-06-22 21:59:59.999000+00:00,482849392.4,187188,3669.437,234844360.9,0
2026-06-22 22:00:00+00:00,63948.5,64030.7,63843.8,63990.2,3364.757,2026-06-22 22:59:59.999000+00:00,215163098.1,93504,1665.701,106515992.6,0
2026-06-22 23:00:00+00:00,63990.1,64130.0,63803.2,64119.4,3891.308,2026-06-22 23:59:59.999000+00:00,248947841.0,110416,2089.0,133656055.2,0
2026-06-23 00:00:00+00:00,64119.4,64242.8,63852.5,64125.2,5358.072,2026-06-23 00:59:59.999000+00:00,343421976.5,137371,2824.681,181060079.6,0
2026-06-23 01:00:00+00:00,64125.1,64247.2,64005.5,64165.9,2594.761,2026-06-23 01:59:59.999000+00:00,166476979.0,77746,1030.497,66112351.02,0
2026-06-23 02:00:00+00:00,64165.8,64172.2,63933.3,64037.3,3099.414,2026-06-23 02:59:59.999000+00:00,198360505.9,80201,1475.92,94450222.65,0
2026-06-23 03:00:00+00:00,64037.2,64068.0,63569.2,63594.9,5712.933,2026-06-23 03:59:59.999000+00:00,364396552.7,124308,2094.189,133595012.3,0
2026-06-23 04:00:00+00:00,63594.8,63707.5,63322.0,63372.1,8699.821,2026-06-23 04:59:59.999000+00:00,552260738.7,195087,4058.525,257667206.9,0
2026-06-23 05:00:00+00:00,63372.0,63374.4,62532.4,62905.5,25443.262,2026-06-23 05:59:59.999000+00:00,1599450356.0,386993,13446.67,844949069.7,0
2026-06-23 06:00:00+00:00,62905.5,63070.1,62828.0,62849.2,5860.475,2026-06-23 06:59:59.999000+00:00,368838837.8,144703,2721.207,171283843.2,0
2026-06-23 07:00:00+00:00,62849.3,62916.5,61870.0,62353.7,25191.723,2026-06-23 07:59:59.999000+00:00,1569716448.0,456969,11588.977,722092623.5,0
2026-06-23 08:00:00+00:00,62353.6,62482.0,62309.0,62350.2,4877.636,2026-06-23 08:59:59.999000+00:00,304367202.0,107040,2180.375,136053843.0,0
2026-06-23 09:00:00+00:00,62350.3,62563.9,62207.1,62290.4,5432.761,2026-06-23 09:59:59.999000+00:00,338738525.7,114258,2715.398,169329641.1,0
2026-06-23 10:00:00+00:00,62290.4,62600.0,62289.2,62478.5,5964.423,2026-06-23 10:59:59.999000+00:00,372672969.2,118323,3526.647,220374129.6,0
2026-06-23 11:00:00+00:00,62478.4,62531.6,62157.0,62227.9,5881.479,2026-06-23 11:59:59.999000+00:00,366465383.3,124341,2525.804,157407629.6,0
2026-06-23 12:00:00+00:00,62228.0,62513.4,61916.9,62446.6,15070.538,2026-06-23 12:59:59.999000+00:00,937967686.0,354781,7502.874,467038060.1,0
2026-06-23 13:00:00+00:00,62446.5,62837.1,62359.2,62462.8,14169.381,2026-06-23 13:59:59.999000+00:00,886473506.2,353835,7290.267,456167438.9,0
2026-06-23 14:00:00+00:00,62462.8,62480.3,62161.2,62455.8,7509.637,2026-06-23 14:59:59.999000+00:00,468037451.6,209473,3793.27,236424294.5,0
2026-06-23 15:00:00+00:00,62455.9,62812.2,62393.4,62522.9,8663.062,2026-06-23 15:59:59.999000+00:00,542608271.8,200418,4739.429,296872639.8,0
2026-06-23 16:00:00+00:00,62522.9,62668.7,62301.7,62330.0,3484.745,2026-06-23 16:59:59.999000+00:00,217702621.9,131476,1590.575,99380255.25,0
2026-06-23 17:00:00+00:00,62330.0,62420.0,62075.6,62215.3,4189.498,2026-06-23 17:59:59.999000+00:00,260770180.1,132269,2048.758,127539487.2,0
2026-06-23 18:00:00+00:00,62215.3,62467.2,62201.3,62365.7,2790.577,2026-06-23 18:59:59.999000+00:00,173938033.7,119736,1501.929,93618513.03,0
2026-06-23 19:00:00+00:00,62365.7,62518.5,62344.2,62439.8,2217.701,2026-06-23 19:59:59.999000+00:00,138478505.3,75843,967.052,60384136.58,0
2026-06-23 20:00:00+00:00,62439.9,62629.9,62434.9,62563.1,2110.412,2026-06-23 20:59:59.999000+00:00,131966592.9,71344,1027.312,64239482.53,0
2026-06-23 21:00:00+00:00,62563.1,62749.9,62488.1,62560.1,2806.833,2026-06-23 21:59:59.999000+00:00,175730775.0,88164,1379.071,86353992.03,0
2026-06-23 22:00:00+00:00,62560.1,62770.6,62463.7,62696.7,1898.787,2026-06-23 22:59:59.999000+00:00,118870766.8,78117,873.294,54676357.27,0
2026-06-23 23:00:00+00:00,62696.7,62999.9,62696.7,62982.1,4509.603,2026-06-23 23:59:59.999000+00:00,283538188.2,145181,2642.91,166187354.9,0
2026-06-24 00:00:00+00:00,62982.1,63090.9,62737.0,62904.6,3777.468,2026-06-24 00:59:59.999000+00:00,237734990.0,141605,1867.301,117541057.2,0
2026-06-24 01:00:00+00:00,62904.6,62994.6,62572.1,62598.0,4358.54,2026-06-24 01:59:59.999000+00:00,273419993.0,135069,2042.574,128137813.1,0
2026-06-24 02:00:00+00:00,62598.0,62804.0,62402.8,62704.6,5111.386,2026-06-24 02:59:59.999000+00:00,320005446.8,126894,2376.228,148804773.3,0
2026-06-24 03:00:00+00:00,62704.6,62779.9,62500.0,62720.6,2797.018,2026-06-24 03:59:59.999000+00:00,175237401.0,90544,1320.107,82708600.06,0
2026-06-24 04:00:00+00:00,62720.7,63053.5,62678.0,62859.9,3935.298,2026-06-24 04:59:59.999000+00:00,247496032.3,105028,2078.426,130719016.6,0
2026-06-24 05:00:00+00:00,62859.8,62888.0,62700.0,62754.6,1940.615,2026-06-24 05:59:59.999000+00:00,121850022.7,71552,929.463,58361870.53,0
2026-06-24 06:00:00+00:00,62754.7,62822.0,62570.8,62630.3,3406.243,2026-06-24 06:59:59.999000+00:00,213479888.0,95081,1583.17,99226658.9,0
2026-06-24 07:00:00+00:00,62630.4,62786.2,62574.0,62773.0,2748.793,2026-06-24 07:59:59.999000+00:00,172300096.4,79336,1492.863,93574518.97,0
2026-06-24 08:00:00+00:00,62773.0,62773.0,62608.6,62650.2,1488.171,2026-06-24 08:59:59.999000+00:00,93288134.14,57788,655.351,41080452.37,0
2026-06-24 09:00:00+00:00,62650.2,62657.8,62365.4,62416.8,4330.738,2026-06-24 09:59:59.999000+00:00,270728406.7,102442,1811.297,113251002.4,0
2026-06-24 10:00:00+00:00,62416.9,63209.6,62272.1,62887.7,11430.749,2026-06-24 10:59:59.999000+00:00,716735864.8,221483,5857.163,367437677.9,0
2026-06-24 11:00:00+00:00,62887.8,62939.3,62543.4,62589.5,5404.984,2026-06-24 11:59:59.999000+00:00,339281218.8,167134,2465.1,154742218.8,0
2026-06-24 12:00:00+00:00,62589.5,62604.0,61220.7,61308.2,35472.77,2026-06-24 12:59:59.999000+00:00,2191282975.0,695110,16154.41,997904455.7,0
2026-06-24 13:00:00+00:00,61308.2,61434.5,60866.0,61085.3,24983.872,2026-06-24 13:59:59.999000+00:00,1527885048.0,521570,12263.291,750109789.3,0
2026-06-24 14:00:00+00:00,61085.3,61128.9,60238.0,60254.9,24553.002,2026-06-24 14:59:59.999000+00:00,1489571816.0,449774,10858.704,658821993.2,0
2026-06-24 15:00:00+00:00,60254.9,60649.1,59260.0,59808.2,37783.564,2026-06-24 15:59:59.999000+00:00,2267845254.0,549190,16070.854,965474914.9,0
2026-06-24 16:00:00+00:00,59808.3,60025.2,59060.0,59363.7,33548.446,2026-06-24 16:59:59.999000+00:00,1996233251.0,640149,14542.085,865620417.8,0
2026-06-24 17:00:00+00:00,59363.6,59895.3,59269.4,59569.5,16224.69,2026-06-24 17:59:59.999000+00:00,966837894.1,384511,8970.207,534611883.3,0
2026-06-24 18:00:00+00:00,59569.5,59973.3,59484.7,59923.8,7889.569,2026-06-24 18:59:59.999000+00:00,471160084.4,246642,4374.98,261273346.3,0
2026-06-24 19:00:00+00:00,59923.7,61188.0,59813.9,60926.5,26953.645,2026-06-24 19:59:59.999000+00:00,1635089533.0,516628,14788.942,896931610.0,0
2026-06-24 20:00:00+00:00,60926.5,61115.2,60633.1,61073.6,6808.637,2026-06-24 20:59:59.999000+00:00,414454053.1,157390,3201.869,194916200.9,0
2026-06-24 21:00:00+00:00,61073.6,61256.0,60752.8,60850.2,5756.512,2026-06-24 21:59:59.999000+00:00,350950052.3,139910,2581.019,157380346.5,0
2026-06-24 22:00:00+00:00,60850.3,61086.3,60799.9,61051.2,2882.991,2026-06-24 22:59:59.999000+00:00,175728171.1,97727,1606.761,97938906.28,0
2026-06-24 23:00:00+00:00,61051.2,61138.9,60666.0,60786.9,5410.751,2026-06-24 23:59:59.999000+00:00,329450088.2,153417,2435.589,148325118.9,0
2026-06-25 00:00:00+00:00,60786.9,60960.5,60686.8,60892.9,3603.816,2026-06-25 00:59:59.999000+00:00,219171551.2,121290,1964.225,119462830.3,0
2026-06-25 01:00:00+00:00,60892.9,60939.0,60660.0,60763.2,4314.462,2026-06-25 01:59:59.999000+00:00,262193675.5,108317,1813.767,110230105.4,0
2026-06-25 02:00:00+00:00,60763.3,60877.7,60648.0,60853.9,3048.144,2026-06-25 02:59:59.999000+00:00,185233715.4,80850,1542.388,93735815.96,0
2026-06-25 03:00:00+00:00,60854.0,61389.0,60756.4,61323.2,6224.548,2026-06-25 03:59:59.999000+00:00,380265631.9,123052,3705.358,226396787.1,0
2026-06-25 04:00:00+00:00,61323.3,61800.0,61241.9,61567.1,13551.642,2026-06-25 04:59:59.999000+00:00,834442555.2,267220,7264.429,447363928.8,0
2026-06-25 05:00:00+00:00,61567.1,61829.1,61567.1,61693.5,4754.255,2026-06-25 05:59:59.999000+00:00,293304921.9,125671,2587.039,159605337.8,0
2026-06-25 06:00:00+00:00,61693.5,61931.1,61632.2,61886.7,6467.034,2026-06-25 06:59:59.999000+00:00,399729723.7,136712,3234.921,199956123.8,0
2026-06-25 07:00:00+00:00,61886.8,61897.6,61653.0,61686.4,5343.995,2026-06-25 07:59:59.999000+00:00,329970546.7,90317,2334.428,144134137.0,0
2026-06-25 08:00:00+00:00,61686.5,61764.9,61578.4,61707.8,3667.26,2026-06-25 08:59:59.999000+00:00,226236388.9,87298,1946.92,120117564.8,0
2026-06-25 09:00:00+00:00,61707.9,61727.9,61228.4,61245.3,7304.194,2026-06-25 09:59:59.999000+00:00,448895669.1,131069,3163.743,194467373.2,0
2026-06-25 10:00:00+00:00,61245.4,61395.3,61033.5,61258.2,11773.247,2026-06-25 10:59:59.999000+00:00,720971262.7,191801,5367.864,328699802.0,0
2026-06-25 11:00:00+00:00,61258.2,61742.9,61048.5,61216.4,12542.989,2026-06-25 11:59:59.999000+00:00,769318874.9,362577,6539.364,401174075.1,0
2026-06-25 12:00:00+00:00,61216.4,61346.4,58030.0,58248.4,65568.385,2026-06-25 12:59:59.999000+00:00,3906493549.0,988568,30167.375,1798147758.0,0
2026-06-25 13:00:00+00:00,58248.4,60466.9,58248.4,59448.7,68127.991,2026-06-25 13:59:59.999000+00:00,4044545759.0,1298258,34844.753,2068075886.0,0
2026-06-25 14:00:00+00:00,59448.7,59630.2,58835.2,59536.2,20883.361,2026-06-25 14:59:59.999000+00:00,1237010866.0,619945,10966.013,649760242.7,0
2026-06-25 15:00:00+00:00,59536.2,60035.7,59130.0,59284.0,13732.675,2026-06-25 15:59:59.999000+00:00,817999550.4,423099,6649.827,396177177.9,0
2026-06-25 16:00:00+00:00,59284.1,59720.0,59114.4,59656.3,7827.95,2026-06-25 16:59:59.999000+00:00,465448345.7,313438,4152.285,246887039.4,0
2026-06-25 17:00:00+00:00,59656.3,59775.0,59333.0,59491.0,7260.279,2026-06-25 17:59:59.999000+00:00,432285295.6,273807,3775.219,224802596.5,0
2026-06-25 18:00:00+00:00,59491.2,59496.6,59152.7,59299.8,7110.978,2026-06-25 18:59:59.999000+00:00,421659963.1,201478,3326.687,197246494.6,0
2026-06-25 19:00:00+00:00,59299.9,59723.5,59298.7,59428.8,6367.176,2026-06-25 19:59:59.999000+00:00,379056009.1,183601,3243.155,193040881.5,0
2026-06-25 20:00:00+00:00,59428.9,60245.0,59422.7,60180.7,6267.02,2026-06-25 20:59:59.999000+00:00,375120141.1,152091,3507.988,210021518.5,0
2026-06-25 21:00:00+00:00,60180.7,60180.8,59705.4,59815.1,6099.121,2026-06-25 21:59:59.999000+00:00,365351958.4,161381,2608.688,156265562.5,0
2026-06-25 22:00:00+00:00,59815.1,60164.3,59709.1,59771.9,4578.901,2026-06-25 22:59:59.999000+00:00,274584503.4,144320,2230.782,133768845.7,0
2026-06-25 23:00:00+00:00,59772.0,59882.2,59608.1,59638.2,3871.116,2026-06-25 23:59:59.999000+00:00,231299589.0,145649,2010.075,120106055.4,0
2026-06-26 00:00:00+00:00,59638.2,59761.3,59200.0,59413.0,6344.268,2026-06-26 00:59:59.999000+00:00,376900283.7,193225,3261.387,193731913.6,0
2026-06-26 01:00:00+00:00,59413.1,59432.3,58325.6,58536.0,24980.279,2026-06-26 01:59:59.999000+00:00,1465984323.0,525904,12235.247,717997370.2,0
2026-06-26 02:00:00+00:00,58536.0,60125.7,58288.0,60015.0,26425.366,2026-06-26 02:59:59.999000+00:00,1565941533.0,513883,12839.111,761208014.9,0
2026-06-26 03:00:00+00:00,60015.0,60234.8,59802.3,59899.9,8739.818,2026-06-26 03:59:59.999000+00:00,524056081.6,237113,4553.749,273122783.7,0
2026-06-26 04:00:00+00:00,59899.9,60039.1,59703.1,59921.8,5871.329,2026-06-26 04:59:59.999000+00:00,351545705.4,181260,2983.283,178651115.0,0
2026-06-26 05:00:00+00:00,59921.9,60440.0,59666.2,60298.9,10771.225,2026-06-26 05:59:59.999000+00:00,647054344.8,259314,6421.165,385764002.6,0
2026-06-26 06:00:00+00:00,60298.9,60734.0,60252.6,60491.0,14629.556,2026-06-26 06:59:59.999000+00:00,885605739.3,276178,6893.402,417254419.0,0
2026-06-26 07:00:00+00:00,60491.0,60542.6,60112.0,60215.3,7945.368,2026-06-26 07:59:59.999000+00:00,478781936.7,185567,3560.153,214509281.5,0
2026-06-26 08:00:00+00:00,60215.3,60229.8,59544.7,59709.3,10679.166,2026-06-26 08:59:59.999000+00:00,639612739.6,236909,4953.812,296666470.3,0
2026-06-26 09:00:00+00:00,59709.3,59834.2,59210.4,59290.0,10744.708,2026-06-26 09:59:59.999000+00:00,639819285.4,252256,5074.273,302219144.7,0
2026-06-26 10:00:00+00:00,59290.0,59569.0,59233.1,59392.4,6798.892,2026-06-26 10:59:59.999000+00:00,403941536.6,213078,3413.409,202816284.5,0
2026-06-26 11:00:00+00:00,59392.4,59998.4,58940.0,59167.6,23971.564,2026-06-26 11:59:59.999000+00:00,1424085935.0,492998,11811.782,702068902.4,0
2026-06-26 12:00:00+00:00,59167.6,60189.5,58388.0,60153.3,35902.97,2026-06-26 12:59:59.999000+00:00,2124818686.0,842357,17180.888,1018326749.0,0
2026-06-26 13:00:00+00:00,60153.5,60274.2,59358.8,59568.9,21091.08,2026-06-26 13:59:59.999000+00:00,1262235459.0,613814,10150.101,607487149.2,0
2026-06-26 14:00:00+00:00,59568.9,60494.1,59560.0,60296.6,16399.595,2026-06-26 14:59:59.999000+00:00,986384749.9,451583,8495.537,510877509.3,0
2026-06-26 15:00:00+00:00,60296.9,60580.0,59933.1,60017.8,13029.495,2026-06-26 15:59:59.999000+00:00,784159735.2,328135,6510.197,391899363.3,0
2026-06-26 16:00:00+00:00,60017.8,60276.5,59921.4,60000.0,6949.554,2026-06-26 16:59:59.999000+00:00,417461237.7,229751,3725.983,223850893.3,0
2026-06-26 17:00:00+00:00,60000.0,60140.7,59530.7,59648.9,5774.528,2026-06-26 17:59:59.999000+00:00,345429600.0,183662,2589.99,154959919.1,0
2026-06-26 18:00:00+00:00,59648.9,60077.8,59586.3,59719.7,7106.059,2026-06-26 18:59:59.999000+00:00,425495258.3,210103,3450.444,206586911.3,0
2026-06-26 19:00:00+00:00,59719.9,59970.0,59556.0,59694.7,4861.161,2026-06-26 19:59:59.999000+00:00,290310473.5,170968,2460.076,146924985.5,0
2026-06-26 20:00:00+00:00,59694.7,60028.0,59649.2,59887.6,2664.982,2026-06-26 20:59:59.999000+00:00,159510490.7,80622,1396.41,83576665.44,0
2026-06-26 21:00:00+00:00,59887.6,60051.0,59717.1,60007.5,3088.676,2026-06-26 21:59:59.999000+00:00,185014442.4,86986,1611.759,96547852.32,0
2026-06-26 22:00:00+00:00,60007.6,60090.8,59871.9,60072.0,3454.396,2026-06-26 22:59:59.999000+00:00,207309251.8,72053,1758.873,105554458.1,0
2026-06-26 23:00:00+00:00,60071.9,60167.3,59846.2,60033.4,3606.601,2026-06-26 23:59:59.999000+00:00,216529131.4,75519,1985.663,119244534.1,0
2026-06-27 00:00:00+00:00,60033.4,60046.9,59904.8,59919.1,1013.631,2026-06-27 00:59:59.999000+00:00,60770560.02,41323,430.393,25802437.26,0
2026-06-27 01:00:00+00:00,59919.0,60349.0,59888.7,60256.6,4979.232,2026-06-27 01:59:59.999000+00:00,299901924.4,112596,2630.25,158416640.7,0
2026-06-27 02:00:00+00:00,60256.6,60387.8,60134.5,60274.7,3264.048,2026-06-27 02:59:59.999000+00:00,196738555.2,85712,1742.373,105043130.5,0
2026-06-27 03:00:00+00:00,60274.8,60472.2,60189.4,60215.9,3433.958,2026-06-27 03:59:59.999000+00:00,207275963.5,80096,1738.791,104978566.3,0
2026-06-27 04:00:00+00:00,60215.9,60286.0,60101.9,60208.3,1945.532,2026-06-27 04:59:59.999000+00:00,117125939.0,64281,985.514,59330968.15,0
2026-06-27 05:00:00+00:00,60208.4,60492.2,60074.5,60345.3,4271.161,2026-06-27 05:59:59.999000+00:00,257551108.3,91889,2073.983,125086734.7,0
2026-06-27 06:00:00+00:00,60345.2,60557.8,60266.0,60522.3,3356.548,2026-06-27 06:59:59.999000+00:00,202797791.5,74965,1869.445,112972531.7,0
2026-06-27 07:00:00+00:00,60522.4,60522.5,60336.2,60425.1,2454.04,2026-06-27 07:59:59.999000+00:00,148308647.6,63197,1322.693,79943895.58,0
2026-06-27 08:00:00+00:00,60425.2,60482.9,60261.0,60391.2,2310.771,2026-06-27 08:59:59.999000+00:00,139484962.2,54500,1128.454,68108921.34,0
2026-06-27 09:00:00+00:00,60391.3,60466.5,60350.0,60390.3,1032.741,2026-06-27 09:59:59.999000+00:00,62385819.27,33659,479.677,28976680.17,0
2026-06-27 10:00:00+00:00,60390.3,60425.4,60162.0,60331.9,3122.375,2026-06-27 10:59:59.999000+00:00,188200629.0,65285,1638.328,98758419.0,0
2026-06-27 11:00:00+00:00,60331.9,60407.1,60222.6,60394.0,1807.192,2026-06-27 11:59:59.999000+00:00,108995049.3,52248,954.968,57602286.21,0
2026-06-27 12:00:00+00:00,60394.0,60643.1,60356.1,60554.6,4154.884,2026-06-27 12:59:59.999000+00:00,251456048.7,87836,2297.405,139065421.9,0
2026-06-27 13:00:00+00:00,60554.6,60697.6,60480.0,60588.9,3321.5,2026-06-27 13:59:59.999000+00:00,201266271.1,90364,1764.199,106906060.8,0
2026-06-27 14:00:00+00:00,60589.0,60924.7,60541.1,60817.2,7814.952,2026-06-27 14:59:59.999000+00:00,474970532.7,154067,4730.067,287510619.9,0
2026-06-27 15:00:00+00:00,60817.3,60850.0,60648.2,60785.0,2778.326,2026-06-27 15:59:59.999000+00:00,168781867.4,67448,1423.683,86497331.56,0
2026-06-27 16:00:00+00:00,60784.9,60796.6,60383.0,60495.6,6435.887,2026-06-27 16:59:59.999000+00:00,389547686.7,117669,3011.816,182299874.0,0
2026-06-27 17:00:00+00:00,60495.6,60547.3,60420.2,60537.8,1662.956,2026-06-27 17:59:59.999000+00:00,100584785.7,54353,852.137,51544330.5,0
2026-06-27 18:00:00+00:00,60537.9,60576.9,60050.0,60149.9,5900.77,2026-06-27 18:59:59.999000+00:00,355445684.6,128684,2417.726,145615560.4,0
2026-06-27 19:00:00+00:00,60149.9,60283.4,60141.7,60272.8,1563.196,2026-06-27 19:59:59.999000+00:00,94157450.21,43063,919.824,55405037.77,0
2026-06-27 20:00:00+00:00,60272.8,60469.8,60108.9,60173.4,2727.898,2026-06-27 20:59:59.999000+00:00,164526862.3,69616,1572.78,94887221.82,0
2026-06-27 21:00:00+00:00,60173.4,60230.0,59819.8,60204.3,4692.97,2026-06-27 21:59:59.999000+00:00,281752715.9,125661,2218.096,133212352.8,0
2026-06-27 22:00:00+00:00,60204.3,60303.2,59913.9,60000.3,3651.424,2026-06-27 22:59:59.999000+00:00,219329668.8,99204,1881.26,112989370.7,0
2026-06-27 23:00:00+00:00,60000.4,60168.7,59983.3,60125.1,1900.278,2026-06-27 23:59:59.999000+00:00,114221289.4,59263,922.346,55438381.71,0
2026-06-28 00:00:00+00:00,60125.1,60256.8,59950.0,60193.0,2439.438,2026-06-28 00:59:59.999000+00:00,146675359.9,64559,1373.002,82569462.07,0
2026-06-28 01:00:00+00:00,60193.1,60314.3,60017.2,60121.2,2057.691,2026-06-28 01:59:59.999000+00:00,123774528.1,59308,1077.128,64806102.06,0
2026-06-28 02:00:00+00:00,60121.2,60250.4,60121.2,60169.5,1454.945,2026-06-28 02:59:59.999000+00:00,87569723.64,42880,638.333,38421313.35,0
2026-06-28 03:00:00+00:00,60169.5,60205.4,60060.0,60108.1,1216.104,2026-06-28 03:59:59.999000+00:00,73136315.24,39904,604.025,36327318.66,0
2026-06-28 04:00:00+00:00,60108.0,60112.3,59714.8,59956.6,5438.2,2026-06-28 04:59:59.999000+00:00,325685189.4,114863,2518.518,150809869.7,0
2026-06-28 05:00:00+00:00,59956.6,60020.0,59772.9,59970.0,2915.154,2026-06-28 05:59:59.999000+00:00,174653001.4,72060,1485.137,88973661.68,0
2026-06-28 06:00:00+00:00,59970.0,60247.1,59965.8,60192.5,3433.223,2026-06-28 06:59:59.999000+00:00,206485748.2,77481,2043.262,122894040.6,0
2026-06-28 07:00:00+00:00,60192.4,60543.3,60109.5,60340.1,4910.201,2026-06-28 07:59:59.999000+00:00,296265599.1,101259,2573.398,155274207.7,0
2026-06-28 08:00:00+00:00,60340.1,60444.0,60223.1,60230.0,2760.374,2026-06-28 08:59:59.999000+00:00,166486627.8,69630,1252.793,75575429.21,0
2026-06-28 09:00:00+00:00,60230.0,60271.8,60037.0,60138.5,2477.136,2026-06-28 09:59:59.999000+00:00,148985024.5,69111,1206.668,72584121.59,0
2026-06-28 10:00:00+00:00,60138.4,60351.3,60091.4,60314.9,2495.801,2026-06-28 10:59:59.999000+00:00,150341243.8,74345,1298.081,78189517.86,0
2026-06-28 11:00:00+00:00,60315.0,60435.8,60161.2,60270.0,2227.61,2026-06-28 11:59:59.999000+00:00,134273861.8,77790,1163.455,70141732.32,0
2026-06-28 12:00:00+00:00,60269.9,60269.9,59934.3,60044.5,4290.318,2026-06-28 12:59:59.999000+00:00,257665126.5,116396,2028.452,121817835.9,0
2026-06-28 13:00:00+00:00,60044.6,60228.5,59983.0,59995.3,2937.391,2026-06-28 13:59:59.999000+00:00,176523584.7,94962,1336.647,80336651.86,0
2026-06-28 14:00:00+00:00,59995.3,60103.2,59781.8,59849.9,5771.027,2026-06-28 14:59:59.999000+00:00,345848970.4,127906,2811.029,168467864.2,0
2026-06-28 15:00:00+00:00,59850.0,59915.7,59550.0,59655.9,7424.561,2026-06-28 15:59:59.999000+00:00,443332281.1,180566,3370.917,201309927.9,0
2026-06-28 16:00:00+00:00,59655.9,59821.9,59366.6,59557.3,8401.918,2026-06-28 16:59:59.999000+00:00,500305869.1,172001,3764.811,224253761.9,0
2026-06-28 17:00:00+00:00,59557.3,59678.8,59466.9,59580.7,3170.957,2026-06-28 17:59:59.999000+00:00,188964881.5,92705,1419.142,84577798.01,0
2026-06-28 18:00:00+00:00,59580.7,59658.2,59224.6,59451.4,5640.911,2026-06-28 18:59:59.999000+00:00,335136266.2,137834,2404.963,142892584.3,0
2026-06-28 19:00:00+00:00,59451.3,59747.7,59443.8,59634.0,4223.368,2026-06-28 19:59:59.999000+00:00,251879432.4,79039,2186.687,130402511.3,0
2026-06-28 20:00:00+00:00,59634.1,59773.8,59300.0,59418.1,4650.66,2026-06-28 20:59:59.999000+00:00,276925981.3,101944,1912.802,113884181.7,0
2026-06-28 21:00:00+00:00,59418.1,59883.2,58888.0,59040.1,13650.068,2026-06-28 21:59:59.999000+00:00,809707369.0,389437,6214.599,368834081.1,0
2026-06-28 22:00:00+00:00,59040.0,59820.4,58975.0,59550.2,7711.363,2026-06-28 22:59:59.999000+00:00,458749995.2,228253,4123.919,245282716.4,0
2026-06-28 23:00:00+00:00,59550.2,59678.1,58978.2,59637.3,9238.488,2026-06-28 23:59:59.999000+00:00,547815187.7,322945,4825.042,286167273.0,0
2026-06-29 00:00:00+00:00,59637.3,59674.3,59170.5,59413.0,5035.286,2026-06-29 00:59:59.999000+00:00,299137146.3,215727,2607.222,154872467.8,0
2026-06-29 01:00:00+00:00,59413.0,59788.0,58850.0,59731.7,13997.776,2026-06-29 01:59:59.999000+00:00,832075976.5,317024,6766.189,402298254.8,0
2026-06-29 02:00:00+00:00,59731.8,60219.4,59731.8,60019.8,9982.299,2026-06-29 02:59:59.999000+00:00,598727561.7,247368,5443.961,326448828.9,0
2026-06-29 03:00:00+00:00,60019.9,60031.5,59717.0,59806.2,2746.071,2026-06-29 03:59:59.999000+00:00,164377501.1,110081,1313.097,78600644.92,0
2026-06-29 04:00:00+00:00,59806.2,60088.0,59360.3,60082.7,6969.253,2026-06-29 04:59:59.999000+00:00,415945542.0,210635,3814.799,227717354.0,0
2026-06-29 05:00:00+00:00,60082.7,60325.0,60022.2,60051.0,7371.999,2026-06-29 05:59:59.999000+00:00,443476036.3,179691,3686.187,221757542.3,0
2026-06-29 06:00:00+00:00,60051.1,60162.5,59900.7,59998.9,3635.785,2026-06-29 06:59:59.999000+00:00,218259836.0,109198,1773.799,106496151.7,0
2026-06-29 07:00:00+00:00,59998.9,60070.1,59712.8,59806.9,4899.419,2026-06-29 07:59:59.999000+00:00,293370914.2,157064,2344.813,140410496.1,0
2026-06-29 08:00:00+00:00,59806.9,60089.1,59750.1,60031.3,5094.505,2026-06-29 08:59:59.999000+00:00,305295372.1,155958,2489.002,149139306.0,0
2026-06-29 09:00:00+00:00,60031.3,60287.1,60031.3,60062.4,5511.908,2026-06-29 09:59:59.999000+00:00,331611389.7,145769,2348.016,141259766.7,0
2026-06-29 10:00:00+00:00,60062.3,60193.2,59770.4,59927.2,6062.808,2026-06-29 10:59:59.999000+00:00,363346584.3,153187,3133.236,187788414.6,0
2026-06-29 11:00:00+00:00,59927.2,60758.3,59552.6,59923.5,34963.613,2026-06-29 11:59:59.999000+00:00,2106023855.0,638746,16935.572,1020207562.0,0
2026-06-29 12:00:00+00:00,59923.5,60313.0,59302.8,59559.3,21676.377,2026-06-29 12:59:59.999000+00:00,1294150833.0,576946,11079.44,661503288.5,0
2026-06-29 13:00:00+00:00,59559.4,59689.6,58988.0,59444.0,22336.282,2026-06-29 13:59:59.999000+00:00,1324460083.0,635093,10565.467,626578151.3,0
2026-06-29 14:00:00+00:00,59444.1,59939.2,59067.6,59800.2,18439.212,2026-06-29 14:59:59.999000+00:00,1099263482.0,429585,10015.77,597261721.6,0
2026-06-29 15:00:00+00:00,59800.3,59999.0,59562.6,59870.9,6543.241,2026-06-29 15:59:59.999000+00:00,391130138.1,214290,3332.285,199215826.2,0
2026-06-29 16:00:00+00:00,59870.9,60666.6,59870.9,60396.0,17431.193,2026-06-29 16:59:59.999000+00:00,1053039411.0,387349,9365.019,565724211.8,0
2026-06-29 17:00:00+00:00,60396.0,60500.1,60150.2,60275.4,6924.679,2026-06-29 17:59:59.999000+00:00,417602307.7,157440,2920.474,176145926.0,0
2026-06-29 18:00:00+00:00,60275.4,60540.0,60127.4,60409.3,6026.141,2026-06-29 18:59:59.999000+00:00,363780692.9,161760,3583.288,216324111.3,0
2026-06-29 19:00:00+00:00,60409.3,60535.0,60265.1,60271.2,4954.154,2026-06-29 19:59:59.999000+00:00,299271646.2,112511,2201.676,133026734.7,0
2026-06-29 20:00:00+00:00,60271.2,60565.6,60232.1,60454.9,2822.026,2026-06-29 20:59:59.999000+00:00,170393623.1,69123,1261.634,76181112.2,0
2026-06-29 21:00:00+00:00,60454.9,60493.2,60314.0,60326.5,2066.396,2026-06-29 21:59:59.999000+00:00,124795319.2,64884,949.422,57340634.04,0
2026-06-29 22:00:00+00:00,60326.4,60353.9,60134.0,60224.7,3047.364,2026-06-29 22:59:59.999000+00:00,183572826.0,72365,1405.466,84669067.85,0
2026-06-29 23:00:00+00:00,60224.7,60250.0,59667.5,59806.1,9133.247,2026-06-29 23:59:59.999000+00:00,546929570.4,202677,4144.279,248170475.9,0
2026-06-30 00:00:00+00:00,59806.1,60024.9,59740.0,59919.6,4682.306,2026-06-30 00:59:59.999000+00:00,280340776.5,143565,2346.66,140514397.7,0
2026-06-30 01:00:00+00:00,59919.6,60021.4,59719.6,59920.4,3470.21,2026-06-30 01:59:59.999000+00:00,207857001.3,82662,1821.689,109107453.2,0
2026-06-30 02:00:00+00:00,59920.4,60007.9,59570.0,59596.1,5570.503,2026-06-30 02:59:59.999000+00:00,332840864.9,112228,2430.324,145236807.3,0
2026-06-30 03:00:00+00:00,59596.1,59672.1,59400.0,59458.3,8066.536,2026-06-30 03:59:59.999000+00:00,480076970.1,151907,4084.42,243090928.9,0
2026-06-30 04:00:00+00:00,59458.3,59633.5,59329.2,59627.7,7258.542,2026-06-30 04:59:59.999000+00:00,431526333.5,122962,3522.716,209458856.5,0
2026-06-30 05:00:00+00:00,59627.8,59698.9,59488.6,59571.7,3736.821,2026-06-30 05:59:59.999000+00:00,222600492.0,80735,1802.898,107416981.8,0
2026-06-30 06:00:00+00:00,59571.6,59611.7,59423.3,59497.7,3824.498,2026-06-30 06:59:59.999000+00:00,227529742.1,99705,1810.394,107700959.9,0
2026-06-30 07:00:00+00:00,59497.7,59532.7,59159.0,59285.8,8863.332,2026-06-30 07:59:59.999000+00:00,525553729.4,168337,3928.314,232912560.8,0
2026-06-30 08:00:00+00:00,59285.8,59397.0,59225.0,59348.7,4167.963,2026-06-30 08:59:59.999000+00:00,247219156.3,93650,2082.911,123558183.2,0
2026-06-30 09:00:00+00:00,59348.7,59403.0,59264.5,59303.6,2380.9,2026-06-30 09:59:59.999000+00:00,141268884.2,70803,1191.301,70688803.33,0
2026-06-30 10:00:00+00:00,59303.7,59399.3,59100.0,59162.3,6214.318,2026-06-30 10:59:59.999000+00:00,367951569.0,146984,2995.388,177356199.1,0
2026-06-30 11:00:00+00:00,59162.2,59162.3,58351.0,58374.8,25243.04,2026-06-30 11:59:59.999000+00:00,1482759267.0,365534,9829.21,577329802.4,0
2026-06-30 12:00:00+00:00,58374.8,58791.7,58200.0,58711.9,26034.559,2026-06-30 12:59:59.999000+00:00,1522327609.0,520700,12963.253,758228407.9,0
2026-06-30 13:00:00+00:00,58711.8,59264.4,58400.1,58458.6,23045.692,2026-06-30 13:59:59.999000+00:00,1356809685.0,551747,11284.187,664433155.6,0
2026-06-30 14:00:00+00:00,58458.7,58785.6,58160.0,58356.2,18133.224,2026-06-30 14:59:59.999000+00:00,1058516651.0,402764,8630.611,503993237.0,0
2026-06-30 15:00:00+00:00,58356.2,58617.4,58223.3,58479.3,7812.9,2026-06-30 15:59:59.999000+00:00,456232940.7,214192,4063.509,237297743.8,0
2026-06-30 16:00:00+00:00,58479.2,58604.8,58290.0,58396.7,4252.186,2026-06-30 16:59:59.999000+00:00,248402325.9,141963,2172.882,126950046.5,0
2026-06-30 17:00:00+00:00,58396.8,58675.0,58334.0,58659.8,4692.25,2026-06-30 17:59:59.999000+00:00,274570209.1,151725,2409.204,140978500.4,0
2026-06-30 18:00:00+00:00,58659.9,58819.9,58560.0,58794.4,4770.762,2026-06-30 18:59:59.999000+00:00,279995225.2,150920,2407.071,141280075.2,0
2026-06-30 19:00:00+00:00,58794.0,58850.0,58621.3,58708.0,3590.107,2026-06-30 19:59:59.999000+00:00,210840894.7,100725,1681.647,98763814.67,0
2026-06-30 20:00:00+00:00,58708.0,58744.3,58472.3,58612.1,3145.534,2026-06-30 20:59:59.999000+00:00,184281607.0,84898,1234.358,72315867.2,0
2026-06-30 21:00:00+00:00,58612.3,58780.0,58477.1,58575.8,2005.278,2026-06-30 21:59:59.999000+00:00,117536917.0,75627,1051.278,61627812.61,0
2026-06-30 22:00:00+00:00,58575.7,58636.7,58518.8,58605.4,1551.593,2026-06-30 22:59:59.999000+00:00,90905274.12,60693,687.773,40296131.19,0
2026-06-30 23:00:00+00:00,76305.4,76557.3,76265.4,76415.1,2833.122,2026-06-30 23:59:59.999000+00:00,216569852.1,74156,1521.187,116283619.1,0
2026-07-01 00:00:00+00:00,76415.1,76738.3,76400.1,76644.1,3011.553,2026-07-01 00:59:59.999000+00:00,230690911.6,76057,1667.558,127754629.4,0
2026-07-01 01:00:00+00:00,76644.0,76703.2,76485.2,76552.9,2376.3,2026-07-01 01:59:59.999000+00:00,182019317.0,55615,939.898,71990546.35,0
2026-07-01 02:00:00+00:00,76552.8,77421.2,76510.0,77082.6,13452.056,2026-07-01 02:59:59.999000+00:00,1037474645.0,245640,8071.154,622320494.1,0
2026-07-01 03:00:00+00:00,77082.6,77177.1,76900.0,76997.4,4141.156,2026-07-01 03:59:59.999000+00:00,319043248.4,99883,1706.205,131451165.1,0
2026-07-01 04:00:00+00:00,76997.3,77155.0,76988.0,77135.3,1833.901,2026-07-01 04:59:59.999000+00:00,141367262.2,54495,1047.246,80726401.33,0
2026-07-01 05:00:00+00:00,77135.3,77143.5,76833.7,76953.9,2858.941,2026-07-01 05:59:59.999000+00:00,220151859.7,79262,1405.488,108238175.9,0
2026-07-01 06:00:00+00:00,76953.8,77110.0,76922.4,77100.0,3484.42,2026-07-01 06:59:59.999000+00:00,268346014.8,69564,1743.183,134244737.4,0
2026-07-01 07:00:00+00:00,77099.9,77480.0,77010.5,77340.0,7056.179,2026-07-01 07:59:59.999000+00:00,545654632.0,119862,3715.55,287302349.2,0
2026-07-01 08:00:00+00:00,77340.1,77358.5,77160.0,77239.3,3412.386,2026-07-01 08:59:59.999000+00:00,263701791.6,59811,1437.124,111054336.5,0
2026-07-01 09:00:00+00:00,77239.3,77408.7,77118.1,77268.9,2931.392,2026-07-01 09:59:59.999000+00:00,226432317.8,64070,1565.993,120970665.6,0
2026-07-01 10:00:00+00:00,77268.9,77588.4,77232.4,77429.5,4473.362,2026-07-01 10:59:59.999000+00:00,346274618.9,97048,2626.534,203346102.5,0
2026-07-01 11:00:00+00:00,77429.6,78145.3,77368.2,77847.2,18429.963,2026-07-01 11:59:59.999000+00:00,1434918990.0,310495,10402.561,809830535.5,0
2026-07-01 12:00:00+00:00,77847.2,78879.9,77847.1,78691.3,22865.238,2026-07-01 12:59:59.999000+00:00,1791937804.0,411930,12160.474,952905269.8,0
2026-07-01 13:00:00+00:00,78691.3,78860.0,78004.1,78312.9,15174.189,2026-07-01 13:59:59.999000+00:00,1190196795.0,307634,7427.673,582652776.8,0
2026-07-01 14:00:00+00:00,78312.8,78688.0,78130.0,78395.4,10478.48,2026-07-01 14:59:59.999000+00:00,821638492.9,229358,5480.049,429694147.6,0
2026-07-01 15:00:00+00:00,78395.4,78642.0,78130.0,78175.4,7267.884,2026-07-01 15:59:59.999000+00:00,569264084.3,188922,3646.317,285602489.7,0
2026-07-01 16:00:00+00:00,78175.4,78557.4,78081.5,78509.2,4667.591,2026-07-01 16:59:59.999000+00:00,365641872.4,130140,2659.752,208343535.6,0
2026-07-01 17:00:00+00:00,78509.3,78597.9,78336.1,78392.1,3962.063,2026-07-01 17:59:59.999000+00:00,310990310.8,113619,2038.521,160012952.9,0
2026-07-01 18:00:00+00:00,78392.1,78514.2,78274.0,78316.9,3138.28,2026-07-01 18:59:59.999000+00:00,245910512.1,89014,1683.346,131910475.8,0
2026-07-01 19:00:00+00:00,78317.0,78402.9,77717.7,77838.2,6294.832,2026-07-01 19:59:59.999000+00:00,491061543.5,120544,2548.243,198835799.6,0
2026-07-01 20:00:00+00:00,77838.1,78163.8,77815.0,78163.8,3397.6,2026-07-01 20:59:59.999000+00:00,265001797.7,76454,1977.852,154260816.4,0
2026-07-01 21:00:00+00:00,78163.8,78368.3,78091.8,78105.9,3177.489,2026-07-01 21:59:59.999000+00:00,248607140.4,69953,1447.544,113272846.0,0
2026-07-01 22:00:00+00:00,78105.9,78214.5,77990.9,78192.0,2279.929,2026-07-01 22:59:59.999000+00:00,178031179.4,49888,1048.459,81870637.86,0
2026-07-01 23:00:00+00:00,78191.9,78358.7,78123.0,78303.3,2196.897,2026-07-01 23:59:59.999000+00:00,171892665.0,60680,1165.463,91188226.35,0
2026-07-02 00:00:00+00:00,78303.3,78413.4,78246.5,78295.8,1674.33,2026-07-02 00:59:59.999000+00:00,131126030.8,50604,861.854,67499192.77,0
2026-07-02 01:00:00+00:00,78295.8,78480.0,78210.3,78319.2,1651.331,2026-07-02 01:59:59.999000+00:00,129358533.8,52856,926.202,72564247.98,0
2026-07-02 02:00:00+00:00,78319.3,78503.9,78183.4,78377.7,2593.32,2026-07-02 02:59:59.999000+00:00,203183177.1,63249,1437.129,112619371.8,0
2026-07-02 03:00:00+00:00,78377.7,78416.8,78040.0,78137.4,3846.424,2026-07-02 03:59:59.999000+00:00,300786325.6,70938,1455.161,113801919.7,0
2026-07-02 04:00:00+00:00,78137.3,78219.6,77979.3,78140.0,3285.902,2026-07-02 04:59:59.999000+00:00,256599050.9,65130,1677.71,131033596.6,0
2026-07-02 05:00:00+00:00,78140.1,78322.0,78099.4,78278.3,1731.257,2026-07-02 05:59:59.999000+00:00,135418004.0,43972,1074.421,84052003.28,0
2026-07-02 06:00:00+00:00,78278.3,78304.2,78156.1,78181.6,1391.002,2026-07-02 06:59:59.999000+00:00,108820972.7,35008,677.326,52987443.59,0
2026-07-02 07:00:00+00:00,78181.6,78318.0,78113.0,78272.2,1385.259,2026-07-02 07:59:59.999000+00:00,108363939.6,35522,711.816,55690190.1,0
2026-07-02 08:00:00+00:00,78272.2,78359.2,78168.4,78252.3,1283.755,2026-07-02 08:59:59.999000+00:00,100481410.9,35686,664.063,51979813.16,0
2026-07-02 09:00:00+00:00,78252.4,78273.1,78175.0,78205.4,886.618,2026-07-02 09:59:59.999000+00:00,69347514.55,25545,440.888,34484296.27,0
2026-07-02 10:00:00+00:00,78205.5,78205.5,78055.7,78105.7,1999.778,2026-07-02 10:59:59.999000+00:00,156221112.1,43205,917.121,71641151.5,0
2026-07-02 11:00:00+00:00,78105.7,78232.0,78056.0,78169.7,1727.077,2026-07-02 11:59:59.999000+00:00,134959928.5,38232,1040.664,81323690.76,0
2026-07-02 12:00:00+00:00,78169.7,78403.1,78169.6,78332.0,2617.892,2026-07-02 12:59:59.999000+00:00,205011481.2,54529,1672.975,131019397.9,0
2026-07-02 13:00:00+00:00,78331.9,78458.2,78271.8,78380.9,2683.317,2026-07-02 13:59:59.999000+00:00,210294491.5,53737,1468.033,115044226.5,0
2026-07-02 14:00:00+00:00,78380.8,78450.0,78320.0,78449.8,1206.057,2026-07-02 14:59:59.999000+00:00,94537579.99,34307,641.303,50271256.3,0
2026-07-02 15:00:00+00:00,78449.8,78565.9,78390.0,78419.9,2698.317,2026-07-02 15:59:59.999000+00:00,211761335.3,64705,1525.599,119740212.6,0
2026-07-02 16:00:00+00:00,78419.9,78453.9,78328.1,78362.1,1005.401,2026-07-02 16:59:59.999000+00:00,78817042.88,29295,409.132,32074974.57,0
2026-07-02 17:00:00+00:00,78362.1,78459.0,78277.0,78432.1,1216.117,2026-07-02 17:59:59.999000+00:00,95289610.78,38452,585.797,45907176.89,0
2026-07-02 18:00:00+00:00,78432.0,78486.5,78404.8,78443.8,682.391,2026-07-02 18:59:59.999000+00:00,53524100.39,23128,343.819,26967966.03,0
2026-07-02 19:00:00+00:00,78444.1,78449.0,78376.0,78415.2,551.75,2026-07-02 19:59:59.999000+00:00,43262214.79,20297,272.302,21350195.49,0
2026-07-02 20:00:00+00:00,78415.3,79145.0,78401.5,78689.8,8643.996,2026-07-02 20:59:59.999000+00:00,681678860.1,151266,5131.562,404667578.6,0
2026-07-02 21:00:00+00:00,78689.7,78838.0,78569.2,78793.2,2889.876,2026-07-02 21:59:59.999000+00:00,227413211.4,81767,1453.17,114355705.9,0
2026-07-02 22:00:00+00:00,78793.2,78793.2,78588.3,78652.9,1593.044,2026-07-02 22:59:59.999000+00:00,125372038.0,48753,770.289,60620291.3,0
2026-07-02 23:00:00+00:00,78652.8,78740.5,78437.8,78499.9,3340.415,2026-07-02 23:59:59.999000+00:00,262410156.9,69121,1545.059,121392058.6,0
2026-07-03 00:00:00+00:00,78499.9,78500.0,78100.0,78200.0,4310.343,2026-07-03 00:59:59.999000+00:00,337359058.8,97565,1809.077,141579852.4,0
2026-07-03 01:00:00+00:00,78200.0,78272.0,78069.0,78131.3,3527.589,2026-07-03 01:59:59.999000+00:00,275609687.3,64432,1462.55,114271369.3,0
2026-07-03 02:00:00+00:00,78131.4,78185.0,78075.1,78162.4,2031.354,2026-07-03 02:59:59.999000+00:00,158689926.3,44855,1081.127,84466206.53,0
2026-07-03 03:00:00+00:00,78162.3,78202.6,78075.8,78132.3,1381.549,2026-07-03 03:59:59.999000+00:00,107954958.0,36407,815.529,63726288.32,0
2026-07-03 04:00:00+00:00,78132.3,78227.7,78121.1,78208.5,1139.456,2026-07-03 04:59:59.999000+00:00,89094138.71,27702,814.47,63685183.42,0
2026-07-03 05:00:00+00:00,78208.5,78318.7,78027.0,78249.0,2139.475,2026-07-03 05:59:59.999000+00:00,167204287.3,50577,1147.904,89726669.95,0
2026-07-03 06:00:00+00:00,78249.0,78415.4,78248.9,78316.6,2420.464,2026-07-03 06:59:59.999000+00:00,189640473.4,58531,1288.558,100958835.6,0
2026-07-03 07:00:00+00:00,78316.6,78475.3,78316.5,78343.5,1313.598,2026-07-03 07:59:59.999000+00:00,102985255.9,36796,630.246,49413041.73,0
2026-07-03 08:00:00+00:00,78343.5,78579.0,78295.1,78496.5,2342.27,2026-07-03 08:59:59.999000+00:00,183756978.8,59542,1327.55,104153601.2,0
2026-07-03 09:00:00+00:00,78496.6,78499.9,78358.3,78369.4,1126.267,2026-07-03 09:59:59.999000+00:00,88310836.83,32158,459.538,36033347.47,0
2026-07-03 10:00:00+00:00,78369.3,78814.7,78340.0,78620.5,4413.802,2026-07-03 10:59:59.999000+00:00,347046663.2,93464,2684.797,211096738.3,0
2026-07-03 11:00:00+00:00,78620.6,78850.0,78620.6,78715.4,3638.846,2026-07-03 11:59:59.999000+00:00,286512298.5,81274,1725.403,135854214.3,0
2026-07-03 12:00:00+00:00,78715.3,78739.8,78522.9,78634.3,2282.92,2026-07-03 12:59:59.999000+00:00,179510661.5,52500,908.932,71470803.34,0
2026-07-03 13:00:00+00:00,78634.4,78750.0,78577.0,78700.6,1937.694,2026-07-03 13:59:59.999000+00:00,152442583.6,53002,955.336,75162284.58,0
2026-07-03 14:00:00+00:00,78700.6,78787.7,78584.1,78625.2,1990.431,2026-07-03 14:59:59.999000+00:00,156631601.6,65629,867.983,68314800.97,0
2026-07-03 15:00:00+00:00,78625.2,78749.5,78550.0,78619.1,1400.374,2026-07-03 15:59:59.999000+00:00,110120330.0,59347,738.988,58116737.49,0
2026-07-03 16:00:00+00:00,78619.2,78790.0,78514.2,78693.7,1981.687,2026-07-03 16:59:59.999000+00:00,155922832.6,63668,1103.97,86869905.73,0
2026-07-03 17:00:00+00:00,78693.7,78730.6,78588.2,78706.7,984.952,2026-07-03 17:59:59.999000+00:00,77480297.49,31813,535.318,42112672.18,0
2026-07-03 18:00:00+00:00,78706.7,78832.2,78637.8,78729.1,1376.932,2026-07-03 18:59:59.999000+00:00,108405282.6,38816,646.594,50915935.85,0
2026-07-03 19:00:00+00:00,78729.1,79266.0,78690.0,78889.0,7057.354,2026-07-03 19:59:59.999000+00:00,557487061.2,138267,4221.428,333513468.9,0
2026-07-03 20:00:00+00:00,78889.0,79026.0,78608.8,78794.5,3120.386,2026-07-03 20:59:59.999000+00:00,245864177.2,78448,1435.985,113131787.5,0
2026-07-03 21:00:00+00:00,78794.6,79428.9,78794.6,79141.4,10542.259,2026-07-03 21:59:59.999000+00:00,834583191.6,263924,5860.695,464051073.8,0
2026-07-03 22:00:00+00:00,79141.5,79260.3,78440.0,78529.0,6233.204,2026-07-03 22:59:59.999000+00:00,490673308.7,171972,2753.99,216774750.9,0
2026-07-03 23:00:00+00:00,78529.0,78538.3,78235.4,78504.9,5606.024,2026-07-03 23:59:59.999000+00:00,439486476.2,153329,2624.503,205757955.4,0
2026-07-04 00:00:00+00:00,78505.0,79849.8,78374.9,79755.9,18031.254,2026-07-04 00:59:59.999000+00:00,1429004179.0,330955,10489.918,831541737.3,0
2026-07-04 01:00:00+00:00,79756.0,80400.0,79493.0,80136.6,26000.914,2026-07-04 01:59:59.999000+00:00,2079271489.0,534908,15281.235,1222156358.0,0
2026-07-04 02:00:00+00:00,80136.6,80426.0,79873.3,80278.7,9846.02,2026-07-04 02:59:59.999000+00:00,789103562.3,239017,4968.267,398262588.9,0
2026-07-04 03:00:00+00:00,80278.7,80590.2,80184.8,80300.0,9960.785,2026-07-04 03:59:59.999000+00:00,800490665.3,232141,5408.454,434720883.5,0
2026-07-04 04:00:00+00:00,80300.0,80370.0,79905.0,79983.9,8772.023,2026-07-04 04:59:59.999000+00:00,702256581.0,146981,4758.742,380916532.5,0
2026-07-04 05:00:00+00:00,79984.0,80005.8,79440.0,79824.7,8760.329,2026-07-04 05:59:59.999000+00:00,698397995.9,181051,4241.456,338129816.6,0
2026-07-04 06:00:00+00:00,79824.7,79907.6,79633.0,79663.5,3303.354,2026-07-04 06:59:59.999000+00:00,263514280.4,86306,1480.652,118118446.0,0
2026-07-04 07:00:00+00:00,79663.4,79768.6,79555.8,79666.5,3890.024,2026-07-04 07:59:59.999000+00:00,309890159.1,96104,2033.267,161969949.5,0
2026-07-04 08:00:00+00:00,79666.6,79900.0,79600.2,79800.1,3658.996,2026-07-04 08:59:59.999000+00:00,291841615.1,90314,2185.77,174335015.6,0
2026-07-04 09:00:00+00:00,79800.1,79851.3,78128.3,78894.8,48091.994,2026-07-04 09:59:59.999000+00:00,3783940531.0,718067,20475.688,1611015400.0,0
2026-07-04 10:00:00+00:00,78894.9,79080.0,78658.1,78753.5,9358.674,2026-07-04 10:59:59.999000+00:00,738028267.0,158504,3322.611,262013048.2,0
2026-07-04 11:00:00+00:00,78753.5,78993.7,78670.6,78816.1,4486.148,2026-07-04 11:59:59.999000+00:00,353751743.2,116021,2280.966,179852149.2,0
2026-07-04 12:00:00+00:00,78816.1,79099.7,78532.9,78747.6,10649.286,2026-07-04 12:59:59.999000+00:00,839424122.8,241907,4830.195,380738032.2,0
2026-07-04 13:00:00+00:00,78747.6,80528.9,78450.0,80160.1,28439.342,2026-07-04 13:59:59.999000+00:00,2267814138.0,516739,15071.612,1201689627.0,0
2026-07-04 14:00:00+00:00,80165.2,80332.8,79246.7,79976.7,32330.021,2026-07-04 14:59:59.999000+00:00,2579805509.0,556491,15294.465,1220365105.0,0
2026-07-04 15:00:00+00:00,79976.6,80352.0,79562.0,79982.4,13490.048,2026-07-04 15:59:59.999000+00:00,1079850879.0,357777,7035.007,563152124.0,0
2026-07-04 16:00:00+00:00,79982.3,80771.7,79978.6,80339.8,13498.969,2026-07-04 16:59:59.999000+00:00,1085633185.0,273717,7481.967,601830369.6,0
2026-07-04 17:00:00+00:00,80339.8,80395.9,80001.0,80080.9,7363.536,2026-07-04 17:59:59.999000+00:00,590608831.8,141242,2787.452,223572804.6,0
2026-07-04 18:00:00+00:00,80080.9,80108.0,79848.5,80018.4,4571.725,2026-07-04 18:59:59.999000+00:00,365582341.7,118459,1824.348,145901094.9,0
2026-07-04 19:00:00+00:00,80018.3,80124.7,79846.5,79896.5,2597.615,2026-07-04 19:59:59.999000+00:00,207687613.6,75900,1304.124,104266555.5,0
2026-07-04 20:00:00+00:00,79896.5,80349.6,79896.4,80216.9,2456.981,2026-07-04 20:59:59.999000+00:00,196971009.0,72872,1550.437,124277533.9,0
2026-07-04 21:00:00+00:00,80216.9,80363.2,80003.6,80031.9,2463.022,2026-07-04 21:59:59.999000+00:00,197498365.7,70966,1175.856,94291653.69,0
2026-07-04 22:00:00+00:00,80031.9,80032.0,79715.9,79826.1,3289.498,2026-07-04 22:59:59.999000+00:00,262617497.0,78463,1832.29,146277535.9,0
2026-07-04 23:00:00+00:00,79826.1,80150.0,79761.2,80130.9,3195.753,2026-07-04 23:59:59.999000+00:00,255547335.1,89336,1788.673,143033129.2,0
2026-07-05 00:00:00+00:00,80130.9,80343.0,80031.5,80310.9,3348.09,2026-07-05 00:59:59.999000+00:00,268551639.1,86627,1813.669,145477965.5,0
2026-07-05 01:00:00+00:00,80310.9,80871.4,80255.5,80514.4,8623.726,2026-07-05 01:59:59.999000+00:00,694967663.9,163328,4938.018,397986487.0,0
2026-07-05 02:00:00+00:00,80514.4,81050.0,80411.1,80836.9,8859.476,2026-07-05 02:59:59.999000+00:00,715941594.0,182868,5342.945,431835480.8,0
2026-07-05 03:00:00+00:00,80836.8,80941.9,80671.4,80850.8,4460.61,2026-07-05 03:59:59.999000+00:00,360473597.6,110741,1964.372,158748780.8,0
2026-07-05 04:00:00+00:00,80850.9,81278.2,80783.8,80924.1,13806.146,2026-07-05 04:59:59.999000+00:00,1118824188.0,188561,8714.963,706320201.5,0
2026-07-05 05:00:00+00:00,80924.2,80973.8,80750.0,80934.6,3804.971,2026-07-05 05:59:59.999000+00:00,307613842.3,95284,1918.93,155148570.8,0
2026-07-05 06:00:00+00:00,80934.7,81111.0,80793.7,80815.8,4895.19,2026-07-05 06:59:59.999000+00:00,396267539.4,105264,1969.875,159474719.5,0
2026-07-05 07:00:00+00:00,80815.8,80837.9,80674.7,80776.0,5268.223,2026-07-05 07:59:59.999000+00:00,425622189.3,75852,2502.294,202178326.4,0
2026-07-05 08:00:00+00:00,80776.0,80776.0,80480.6,80551.0,4744.606,2026-07-05 08:59:59.999000+00:00,382405880.3,95010,2193.429,176780366.3,0
2026-07-05 09:00:00+00:00,80551.0,80789.0,80488.0,80786.8,3965.855,2026-07-05 09:59:59.999000+00:00,320029427.3,86733,2134.526,172250093.2,0
2026-07-05 10:00:00+00:00,80786.7,81071.0,80735.8,80973.0,7935.593,2026-07-05 10:59:59.999000+00:00,641649561.1,113377,5480.837,443102825.1,0
2026-07-05 11:00:00+00:00,80973.1,81258.0,80879.5,81223.3,7294.89,2026-07-05 11:59:59.999000+00:00,592052110.4,137062,4340.15,352259645.1,0
2026-07-05 12:00:00+00:00,81223.3,81656.6,81138.0,81278.3,23631.782,2026-07-05 12:59:59.999000+00:00,1925011220.0,372270,14406.653,1173598021.0,0
2026-07-05 13:00:00+00:00,81278.3,81458.8,80890.0,81284.1,10606.334,2026-07-05 13:59:59.999000+00:00,860822810.9,310142,5211.583,423084513.6,0
2026-07-05 14:00:00+00:00,81284.0,81640.7,81184.0,81488.7,7558.484,2026-07-05 14:59:59.999000+00:00,616148667.1,194915,4046.654,329875192.5,0
2026-07-05 15:00:00+00:00,81488.7,81578.1,81000.0,81250.7,9912.893,2026-07-05 15:59:59.999000+00:00,805254978.2,204720,4824.605,391987594.3,0
2026-07-05 16:00:00+00:00,81250.6,81420.0,81133.3,81223.6,3484.672,2026-07-05 16:59:59.999000+00:00,283239802.7,105930,1903.067,154706654.5,0
2026-07-05 17:00:00+00:00,81223.6,81577.4,81223.6,81463.6,3167.069,2026-07-05 17:59:59.999000+00:00,257921222.2,97715,1853.579,150945932.2,0
2026-07-05 18:00:00+00:00,81463.6,81636.4,81347.5,81554.4,3810.26,2026-07-05 18:59:59.999000+00:00,310691978.2,89679,2233.714,182153965.6,0
2026-07-05 19:00:00+00:00,81554.3,81729.3,81458.0,81607.2,8236.403,2026-07-05 19:59:59.999000+00:00,672247327.1,146157,5254.332,428880619.7,0
2026-07-05 20:00:00+00:00,81607.2,81745.4,81266.5,81363.3,4414.086,2026-07-05 20:59:59.999000+00:00,359815347.4,114381,2367.253,193003950.7,0
2026-07-05 21:00:00+00:00,81363.4,81564.4,80752.8,81076.7,10927.281,2026-07-05 21:59:59.999000+00:00,886225449.9,228428,5346.036,433582333.6,0
2026-07-05 22:00:00+00:00,81076.7,81176.9,80716.8,80861.9,4969.135,2026-07-05 22:59:59.999000+00:00,402171972.5,123467,2229.21,180396551.0,0
2026-07-05 23:00:00+00:00,80861.9,81228.4,80651.2,80980.5,6787.966,2026-07-05 23:59:59.999000+00:00,549700949.9,160377,3616.757,292914195.1,0
2026-07-06 00:00:00+00:00,80980.4,81490.0,80942.7,81390.4,4493.266,2026-07-06 00:59:59.999000+00:00,365053269.2,130043,2540.018,206365347.1,0
2026-07-06 01:00:00+00:00,81390.4,81400.0,81000.0,81319.5,2928.988,2026-07-06 01:59:59.999000+00:00,237799002.4,102409,1381.724,112169797.8,0
2026-07-06 02:00:00+00:00,81319.5,81716.3,81308.7,81535.9,5125.641,2026-07-06 02:59:59.999000+00:00,417904918.0,135479,2711.238,221066982.6,0
2026-07-06 03:00:00+00:00,81535.9,81599.0,81223.6,81285.1,3240.989,2026-07-06 03:59:59.999000+00:00,263838584.7,105816,1557.391,126767128.0,0
2026-07-06 04:00:00+00:00,81285.0,81307.3,81005.6,81277.8,3446.87,2026-07-06 04:59:59.999000+00:00,279754586.2,101474,1663.535,135044969.2,0
2026-07-06 05:00:00+00:00,81277.9,81474.9,81154.6,81431.7,2787.037,2026-07-06 05:59:59.999000+00:00,226676029.1,83301,1596.529,129847134.7,0
2026-07-06 06:00:00+00:00,81431.7,81571.4,81269.5,81333.3,3593.762,2026-07-06 06:59:59.999000+00:00,292678292.9,91128,1667.901,135841320.3,0
2026-07-06 07:00:00+00:00,81333.4,81945.0,81280.0,81903.6,11607.808,2026-07-06 07:59:59.999000+00:00,948993537.9,221352,6862.629,561059937.6,0
2026-07-06 08:00:00+00:00,81903.7,82019.2,81618.7,81959.3,12700.462,2026-07-06 08:59:59.999000+00:00,1039892047.0,224662,6537.298,535304072.1,0
2026-07-06 09:00:00+00:00,81959.2,82360.9,81929.9,82242.1,13253.165,2026-07-06 09:59:59.999000+00:00,1088439734.0,255865,8107.153,665913362.2,0
2026-07-06 10:00:00+00:00,82242.0,82828.7,82211.3,82485.4,15315.668,2026-07-06 10:59:59.999000+00:00,1264337850.0,298682,8634.265,712745319.9,0
2026-07-06 11:00:00+00:00,82485.3,82508.7,82120.0,82188.0,9116.091,2026-07-06 11:59:59.999000+00:00,750264783.5,188926,3831.916,315377158.1,0
2026-07-06 12:00:00+00:00,82187.9,82187.9,81539.4,81621.1,14320.789,2026-07-06 12:59:59.999000+00:00,1172161919.0,356338,6784.783,555441253.5,0
2026-07-06 13:00:00+00:00,81621.4,81934.6,81073.1,81471.6,16993.761,2026-07-06 13:59:59.999000+00:00,1384909971.0,388475,8309.596,677297135.2,0
2026-07-06 14:00:00+00:00,81471.6,81780.0,81257.1,81656.4,6583.026,2026-07-06 14:59:59.999000+00:00,536883038.8,189511,3433.449,280026920.9,0
2026-07-06 15:00:00+00:00,81656.4,81855.0,81372.6,81575.3,5659.811,2026-07-06 15:59:59.999000+00:00,461924559.3,160687,2549.618,208129787.4,0
2026-07-06 16:00:00+00:00,81575.4,81667.3,81335.0,81401.5,3115.004,2026-07-06 16:59:59.999000+00:00,253725774.8,112468,1344.758,109542645.2,0
2026-07-06 17:00:00+00:00,81401.6,81520.9,81213.2,81300.0,3202.617,2026-07-06 17:59:59.999000+00:00,260552472.0,110986,1514.762,123245578.3,0
2026-07-06 18:00:00+00:00,81300.0,81470.4,81137.8,81416.5,2722.756,2026-07-06 18:59:59.999000+00:00,221380415.4,90287,1364.167,110928991.0,0
2026-07-06 19:00:00+00:00,81416.5,81655.0,81251.7,81378.5,3420.381,2026-07-06 19:59:59.999000+00:00,278613721.7,90914,1639.528,133530463.2,0
2026-07-06 20:00:00+00:00,81378.6,81579.0,81250.0,81494.6,1471.516,2026-07-06 20:59:59.999000+00:00,119842219.0,48947,809.962,65968823.65,0
2026-07-06 21:00:00+00:00,81494.7,81502.7,81192.3,81295.8,1996.033,2026-07-06 21:59:59.999000+00:00,162280533.4,67350,1010.636,82164469.4,0
2026-07-06 22:00:00+00:00,81295.8,81404.0,80929.8,81390.1,4317.101,2026-07-06 22:59:59.999000+00:00,350286251.3,98798,1873.037,152008983.6,0
2026-07-06 23:00:00+00:00,81390.0,81450.5,80925.6,80966.9,4684.83,2026-07-06 23:59:59.999000+00:00,379999103.5,119626,2169.427,175994122.2,0
2026-07-07 00:00:00+00:00,80967.0,81245.9,80767.1,81121.2,6285.66,2026-07-07 00:59:59.999000+00:00,509377377.8,162612,3206.643,259920801.1,0
2026-07-07 01:00:00+00:00,81121.2,81134.1,80836.0,81076.8,4769.925,2026-07-07 01:59:59.999000+00:00,386186936.4,121926,2395.745,193960205.4,0
2026-07-07 02:00:00+00:00,81076.7,81076.7,80780.0,80797.3,2629.383,2026-07-07 02:59:59.999000+00:00,212764462.6,77717,1120.847,90690035.3,0
2026-07-07 03:00:00+00:00,80797.4,80961.8,80675.8,80939.9,4053.29,2026-07-07 03:59:59.999000+00:00,327650008.7,90294,2222.821,179705594.9,0
2026-07-07 04:00:00+00:00,80939.9,81145.7,80930.0,81047.4,2984.082,2026-07-07 04:59:59.999000+00:00,241838039.9,74551,1621.812,131443651.8,0
2026-07-07 05:00:00+00:00,81047.4,81400.0,80842.4,81395.3,5453.313,2026-07-07 05:59:59.999000+00:00,442480038.6,114908,3104.775,251936482.2,0
2026-07-07 06:00:00+00:00,81395.3,81680.6,81350.0,81480.1,7065.961,2026-07-07 06:59:59.999000+00:00,575979714.2,140619,3420.16,278765218.0,0
2026-07-07 07:00:00+00:00,81480.0,81564.6,81161.6,81195.9,4516.181,2026-07-07 07:59:59.999000+00:00,367361421.8,111618,1898.852,154461551.4,0
2026-07-07 08:00:00+00:00,81196.0,81196.0,80803.0,80888.9,5990.831,2026-07-07 08:59:59.999000+00:00,485159727.9,120481,2521.658,204205874.6,0
2026-07-07 09:00:00+00:00,80888.8,80970.7,80521.8,80800.0,6040.833,2026-07-07 09:59:59.999000+00:00,487786681.8,133214,2805.483,226546343.6,0
2026-07-07 10:00:00+00:00,80800.1,81028.7,80738.0,80827.9,3470.722,2026-07-07 10:59:59.999000+00:00,280724086.0,92234,1846.959,149392334.0,0
2026-07-07 11:00:00+00:00,80827.9,81158.7,80800.0,81118.5,3425.996,2026-07-07 11:59:59.999000+00:00,277519577.0,103433,1935.282,156770119.8,0
2026-07-07 12:00:00+00:00,81118.4,81123.9,80187.9,80457.5,11703.803,2026-07-07 12:59:59.999000+00:00,942696949.7,301266,4968.91,400169207.6,0
2026-07-07 13:00:00+00:00,80457.6,80656.2,80000.1,80130.1,12818.532,2026-07-07 13:59:59.999000+00:00,1029101601.0,307458,6143.873,493340767.9,0
2026-07-07 14:00:00+00:00,80130.2,80242.3,79605.0,79861.6,13029.125,2026-07-07 14:59:59.999000+00:00,1041203406.0,295819,6182.734,494183865.5,0
2026-07-07 15:00:00+00:00,79861.5,79991.7,79667.4,79763.3,6606.246,2026-07-07 15:59:59.999000+00:00,527180139.4,197521,3438.954,274441692.2,0
2026-07-07 16:00:00+00:00,79763.3,80094.7,79461.5,80053.3,7873.508,2026-07-07 16:59:59.999000+00:00,627820020.4,207874,3909.738,311866826.4,0
2026-07-07 17:00:00+00:00,80053.3,80235.0,79952.7,80160.1,5178.866,2026-07-07 17:59:59.999000+00:00,414926852.2,149363,2449.121,196227866.1,0
2026-07-07 18:00:00+00:00,80160.1,80175.6,79885.9,80103.1,3311.416,2026-07-07 18:59:59.999000+00:00,265014976.1,107064,1655.626,132493787.4,0
2026-07-07 19:00:00+00:00,80103.1,80331.6,79809.3,79838.2,3633.55,2026-07-07 19:59:59.999000+00:00,290835578.4,96073,1716.644,137425048.5,0
2026-07-07 20:00:00+00:00,79838.3,79888.0,79576.3,79683.7,3777.471,2026-07-07 20:59:59.999000+00:00,301199249.8,83300,1533.843,122323769.6,0
2026-07-07 21:00:00+00:00,79683.7,79946.3,79531.1,79872.1,3732.548,2026-07-07 21:59:59.999000+00:00,297650775.4,118002,1889.143,150643984.1,0
2026-07-07 22:00:00+00:00,79872.1,80026.4,79820.0,79969.4,1691.58,2026-07-07 22:59:59.999000+00:00,135218277.9,53772,890.194,71165217.47,0
2026-07-07 23:00:00+00:00,79969.5,80106.3,79671.0,79796.1,3436.384,2026-07-07 23:59:59.999000+00:00,274672738.5,87737,1427.07,114068659.0,0
2026-07-08 00:00:00+00:00,79796.2,79871.0,79566.0,79699.9,2388.101,2026-07-08 00:59:59.999000+00:00,190365232.9,72895,1310.987,104512605.6,0
2026-07-08 01:00:00+00:00,79700.0,79715.2,79288.0,79449.7,6526.98,2026-07-08 01:59:59.999000+00:00,518691371.5,163887,3051.609,242530697.4,0
2026-07-08 02:00:00+00:00,79449.7,79634.6,79137.4,79540.0,5128.074,2026-07-08 02:59:59.999000+00:00,407072125.4,138632,2629.157,208728823.3,0
2026-07-08 03:00:00+00:00,79539.9,79723.3,79506.4,79619.0,2337.291,2026-07-08 03:59:59.999000+00:00,186096463.8,67725,1226.189,97631655.14,0
2026-07-08 04:00:00+00:00,79618.9,79743.8,79557.0,79560.2,1893.804,2026-07-08 04:59:59.999000+00:00,150805931.9,53965,906.666,72202123.21,0
2026-07-08 05:00:00+00:00,79560.2,79616.0,79370.0,79484.1,2652.384,2026-07-08 05:59:59.999000+00:00,210829978.6,84166,1353.356,107581422.9,0
2026-07-08 06:00:00+00:00,79484.1,79690.0,79208.0,79635.0,5630.974,2026-07-08 06:59:59.999000+00:00,447289827.8,128602,3115.524,247491301.0,0
2026-07-08 07:00:00+00:00,79635.0,79951.5,79626.0,79849.3,4927.268,2026-07-08 07:59:59.999000+00:00,393132469.1,103169,2870.27,229006906.8,0
2026-07-08 08:00:00+00:00,79849.2,80044.6,79743.3,79826.3,4308.926,2026-07-08 08:59:59.999000+00:00,344221439.3,98308,2067.856,165201015.4,0
2026-07-08 09:00:00+00:00,79826.2,80252.9,79729.5,80162.3,5670.134,2026-07-08 09:59:59.999000+00:00,453862801.3,124569,3157.299,252752069.5,0
2026-07-08 10:00:00+00:00,80162.3,80287.0,80080.3,80181.9,4339.445,2026-07-08 10:59:59.999000+00:00,347999904.7,111568,2138.762,171522578.8,0
2026-07-08 11:00:00+00:00,80181.8,80478.0,79922.0,79987.6,6909.317,2026-07-08 11:59:59.999000+00:00,554083492.4,162655,3422.344,274547076.6,0
2026-07-08 12:00:00+00:00,79987.7,80053.9,79507.6,79612.4,10296.964,2026-07-08 12:59:59.999000+00:00,820672297.0,244096,4733.304,377189987.8,0
2026-07-08 13:00:00+00:00,79612.3,80424.4,79612.3,80114.4,10748.764,2026-07-08 13:59:59.999000+00:00,860565366.1,294195,5419.713,433795815.8,0
2026-07-08 14:00:00+00:00,80114.3,80173.2,79585.0,80119.1,7570.867,2026-07-08 14:59:59.999000+00:00,604685120.8,207266,3983.581,318246745.5,0
2026-07-08 15:00:00+00:00,80119.1,80164.6,79706.0,79768.7,4154.568,2026-07-08 15:59:59.999000+00:00,331861032.0,139027,1921.439,153482716.3,0
2026-07-08 16:00:00+00:00,79768.7,80230.0,79692.4,80030.5,5374.958,2026-07-08 16:59:59.999000+00:00,430175696.2,165105,3131.818,250651444.1,0
2026-07-08 17:00:00+00:00,80030.4,80266.6,80024.1,80044.4,3460.621,2026-07-08 17:59:59.999000+00:00,277442789.7,116366,1676.05,134374569.7,0
2026-07-08 18:00:00+00:00,80044.4,80152.1,79903.8,80147.7,2214.693,2026-07-08 18:59:59.999000+00:00,177251820.5,79745,1088.997,87155446.68,0
2026-07-08 19:00:00+00:00,80147.9,80260.9,80044.7,80104.0,1607.586,2026-07-08 19:59:59.999000+00:00,128877189.2,54792,728.228,58383046.69,0
2026-07-08 20:00:00+00:00,80104.0,80225.0,80072.9,80222.1,1014.531,2026-07-08 20:59:59.999000+00:00,81318917.27,35417,558.667,44779784.47,0
2026-07-08 21:00:00+00:00,80222.2,80376.0,80187.4,80234.1,2472.108,2026-07-08 21:59:59.999000+00:00,198487344.2,61374,1364.728,109577375.2,0
2026-07-08 22:00:00+00:00,80234.2,80254.5,80063.8,80155.2,1698.171,2026-07-08 22:59:59.999000+00:00,136112006.7,42417,779.468,62472816.64,0
2026-07-08 23:00:00+00:00,80155.2,80200.0,80080.0,80193.3,1134.298,2026-07-08 23:59:59.999000+00:00,90911026.25,37867,642.997,51534427.8,0
2026-07-09 00:00:00+00:00,80193.3,80405.0,80177.4,80280.0,2050.67,2026-07-09 00:59:59.999000+00:00,164666818.4,54623,1105.972,88805757.31,0
2026-07-09 01:00:00+00:00,80280.1,80448.2,80280.0,80379.2,1892.314,2026-07-09 01:59:59.999000+00:00,152090326.5,52032,1007.172,80950435.34,0
2026-07-09 02:00:00+00:00,80379.2,80542.0,80261.2,80340.6,2345.466,2026-07-09 02:59:59.999000+00:00,188530491.5,57771,1274.588,102475207.3,0
2026-07-09 03:00:00+00:00,80340.7,80641.8,80325.7,80345.0,3766.222,2026-07-09 03:59:59.999000+00:00,303131160.6,78352,1960.227,157802398.6,0
2026-07-09 04:00:00+00:00,80345.0,80445.0,80303.1,80331.4,1474.842,2026-07-09 04:59:59.999000+00:00,118536229.8,39484,783.108,62944659.16,0
2026-07-09 05:00:00+00:00,80331.4,80393.4,80154.5,80214.9,3218.227,2026-07-09 05:59:59.999000+00:00,258236215.0,59961,1507.308,120942481.5,0
2026-07-09 06:00:00+00:00,80215.0,80268.4,80084.3,80181.7,2522.361,2026-07-09 06:59:59.999000+00:00,202214228.6,50926,1098.748,88092712.63,0
2026-07-09 07:00:00+00:00,80181.6,80422.3,80171.6,80378.1,2869.702,2026-07-09 07:59:59.999000+00:00,230578679.6,57696,1631.488,131070766.8,0
2026-07-09 08:00:00+00:00,80378.0,80383.0,80166.1,80199.9,1828.419,2026-07-09 08:59:59.999000+00:00,146723355.3,42652,749.482,60139365.22,0
2026-07-09 09:00:00+00:00,80199.9,80317.6,80124.8,80232.7,1662.459,2026-07-09 09:59:59.999000+00:00,133355667.8,39393,878.011,70434570.95,0
2026-07-09 10:00:00+00:00,80232.8,80349.9,80220.0,80310.4,997.632,2026-07-09 10:59:59.999000+00:00,80105327.55,28671,573.735,46069595.73,0
2026-07-09 11:00:00+00:00,80310.4,80388.0,80235.3,80367.2,1275.419,2026-07-09 11:59:59.999000+00:00,102438729.4,31632,737.408,59232297.46,0
2026-07-09 12:00:00+00:00,80367.2,80382.0,80274.7,80359.4,978.258,2026-07-09 12:59:59.999000+00:00,78589071.96,28552,481.679,38696067.5,0
2026-07-09 13:00:00+00:00,80359.4,80395.0,80200.2,80292.4,2838.423,2026-07-09 13:59:59.999000+00:00,227847852.5,62313,1479.922,118810673.2,0
2026-07-09 14:00:00+00:00,80292.3,80566.0,80190.0,80488.3,4497.106,2026-07-09 14:59:59.999000+00:00,361635148.5,76665,2612.371,210093774.0,0
2026-07-09 15:00:00+00:00,80488.3,80796.9,80440.0,80576.1,4825.568,2026-07-09 15:59:59.999000+00:00,388994741.6,100939,2821.276,227439925.3,0
2026-07-09 16:00:00+00:00,80576.1,80891.0,80576.1,80766.0,4922.273,2026-07-09 16:59:59.999000+00:00,397576580.1,103084,2770.36,223765522.3,0
2026-07-09 17:00:00+00:00,80765.8,81043.2,80744.3,80865.1,4483.974,2026-07-09 17:59:59.999000+00:00,362773837.9,88421,2036.449,164765983.5,0
2026-07-09 18:00:00+00:00,80865.1,80928.3,80733.3,80896.9,1733.971,2026-07-09 18:59:59.999000+00:00,140143091.7,46532,739.267,59759461.71,0
2026-07-09 19:00:00+00:00,80897.1,80900.0,80688.0,80764.6,1305.423,2026-07-09 19:59:59.999000+00:00,105431420.4,34046,478.049,38612082.88,0
2026-07-09 20:00:00+00:00,80764.6,80856.9,80700.0,80735.8,849.114,2026-07-09 20:59:59.999000+00:00,68586558.13,27880,436.088,35223840.87,0
2026-07-09 21:00:00+00:00,80735.9,80788.0,80632.2,80731.0,1247.104,2026-07-09 21:59:59.999000+00:00,100665302.5,35429,580.162,46832737.9,0
2026-07-09 22:00:00+00:00,80730.9,80817.0,80569.0,80634.0,1238.089,2026-07-09 22:59:59.999000+00:00,99855713.22,36462,530.063,42754899.94,0
2026-07-09 23:00:00+00:00,80634.0,80739.9,80588.1,80634.9,2017.527,2026-07-09 23:59:59.999000+00:00,162741548.8,47335,932.579,75222876.89,0
2026-07-10 00:00:00+00:00,80635.0,80660.2,80533.7,80654.0,1816.55,2026-07-10 00:59:59.999000+00:00,146388231.6,44228,906.83,73080696.08,0
2026-07-10 01:00:00+00:00,80653.9,80760.8,80576.0,80748.6,1153.086,2026-07-10 01:59:59.999000+00:00,93015728.81,37932,697.05,56233127.92,0
2026-07-10 02:00:00+00:00,80748.9,80859.9,80667.0,80735.1,1252.522,2026-07-10 02:59:59.999000+00:00,101155400.8,37459,668.602,54000557.49,0
2026-07-10 03:00:00+00:00,80735.2,80809.4,80688.5,80717.8,751.361,2026-07-10 03:59:59.999000+00:00,60668373.61,28988,339.566,27419578.59,0
2026-07-10 04:00:00+00:00,80717.7,80778.4,80631.0,80660.8,950.52,2026-07-10 04:59:59.999000+00:00,76712834.84,33484,428.062,34548235.44,0
2026-07-10 05:00:00+00:00,80660.9,80725.0,80619.6,80700.0,1259.232,2026-07-10 05:59:59.999000+00:00,101583640.7,33278,653.57,52725262.05,0
2026-07-10 06:00:00+00:00,80700.0,80766.0,80680.1,80695.9,957.256,2026-07-10 06:59:59.999000+00:00,77280410.58,26941,444.211,35862296.62,0
2026-07-10 07:00:00+00:00,80695.9,80873.6,80671.0,80797.1,1549.874,2026-07-10 07:59:59.999000+00:00,125200773.6,41064,841.043,67943187.13,0
2026-07-10 08:00:00+00:00,80797.1,80880.0,80713.0,80766.9,927.115,2026-07-10 08:59:59.999000+00:00,74901651.84,30483,456.125,36853333.63,0
2026-07-10 09:00:00+00:00,80766.8,80857.9,80641.5,80836.5,2767.29,2026-07-10 09:59:59.999000+00:00,223427867.3,48798,1656.126,133714482.0,0
2026-07-10 10:00:00+00:00,80836.5,80939.5,80711.8,80782.1,1929.416,2026-07-10 10:59:59.999000+00:00,155961246.8,43896,1141.175,92247101.48,0
2026-07-10 11:00:00+00:00,80782.1,80918.0,80743.2,80891.1,1263.623,2026-07-10 11:59:59.999000+00:00,102176174.1,35148,656.37,53072901.29,0
2026-07-10 12:00:00+00:00,80891.0,80970.0,80825.0,80932.2,1459.079,2026-07-10 12:59:59.999000+00:00,118062111.5,44914,780.97,63195989.36,0
2026-07-10 13:00:00+00:00,80932.3,80980.0,80771.0,80944.2,2282.117,2026-07-10 13:59:59.999000+00:00,184595573.3,56825,1205.892,97551019.29,0
2026-07-10 14:00:00+00:00,80944.3,81423.2,80893.0,81381.4,10734.822,2026-07-10 14:59:59.999000+00:00,871272338.3,181844,5828.037,473118549.8,0
2026-07-10 15:00:00+00:00,81381.5,81475.0,81151.0,81338.7,6334.735,2026-07-10 15:59:59.999000+00:00,515232131.5,127843,3194.961,259886753.7,0
2026-07-10 16:00:00+00:00,81338.8,81587.9,81179.8,81441.5,4353.713,2026-07-10 16:59:59.999000+00:00,354340432.9,105517,2632.584,214285940.8,0
2026-07-10 17:00:00+00:00,81441.4,81472.7,81194.8,81235.1,2318.995,2026-07-10 17:59:59.999000+00:00,188610072.6,67056,1120.756,91162421.23,0
2026-07-10 18:00:00+00:00,81235.2,81467.2,81105.6,81398.0,2373.468,2026-07-10 18:59:59.999000+00:00,193013944.1,68003,1349.885,109797769.1,0
2026-07-10 19:00:00+00:00,81398.0,81432.2,80225.1,80691.2,12943.246,2026-07-10 19:59:59.999000+00:00,1045041325.0,258661,5235.307,422746808.1,0
2026-07-10 20:00:00+00:00,80691.1,80911.0,80528.9,80674.0,5670.107,2026-07-10 20:59:59.999000+00:00,457932068.3,138237,2697.103,217845521.0,0
2026-07-10 21:00:00+00:00,80674.0,82138.9,80614.0,82013.3,17281.489,2026-07-10 21:59:59.999000+00:00,1409427141.0,427264,10141.125,826929404.9,0
2026-07-10 22:00:00+00:00,82013.2,82460.5,82009.4,82177.7,10603.66,2026-07-10 22:59:59.999000+00:00,872126880.6,284129,5095.91,419144572.0,0
2026-07-10 23:00:00+00:00,82177.7,82350.0,81230.0,81430.3,12936.41,2026-07-10 23:59:59.999000+00:00,1056294415.0,304023,5350.698,436884693.3,0
2026-07-11 00:00:00+00:00,81430.5,81724.5,81242.9,81463.2,4976.807,2026-07-11 00:59:59.999000+00:00,405440191.5,170515,2861.659,233124997.9,0
2026-07-11 01:00:00+00:00,81463.2,81527.2,81067.2,81136.6,4701.696,2026-07-11 01:59:59.999000+00:00,381799425.4,142754,2199.897,178639621.6,0
2026-07-11 02:00:00+00:00,81136.6,81152.3,80470.1,80693.4,11522.22,2026-07-11 02:59:59.999000+00:00,929831275.9,237380,5250.14,423650649.8,0
2026-07-11 03:00:00+00:00,80693.4,80848.0,80597.8,80782.3,3122.216,2026-07-11 03:59:59.999000+00:00,252025795.6,83471,1774.264,143219335.6,0
2026-07-11 04:00:00+00:00,80782.2,80948.4,80708.1,80799.9,2892.382,2026-07-11 04:59:59.999000+00:00,233814811.9,68708,1391.721,112511835.8,0
2026-07-11 05:00:00+00:00,80799.9,81033.3,80713.8,80790.7,2579.719,2026-07-11 05:59:59.999000+00:00,208643210.0,75278,1205.104,97478178.4,0
2026-07-11 06:00:00+00:00,80790.8,80803.4,80614.9,80708.9,2667.858,2026-07-11 06:59:59.999000+00:00,215325958.0,72942,1442.664,116447331.8,0
2026-07-11 07:00:00+00:00,80708.8,80829.9,80580.0,80723.7,2639.153,2026-07-11 07:59:59.999000+00:00,213007880.9,76095,1349.605,108932145.6,0
2026-07-11 08:00:00+00:00,80723.6,80965.4,80716.6,80923.3,1865.061,2026-07-11 08:59:59.999000+00:00,150823351.7,57971,981.512,79372615.44,0
2026-07-11 09:00:00+00:00,80923.3,81162.4,80889.9,80900.8,3424.195,2026-07-11 09:59:59.999000+00:00,277460477.8,90327,1760.052,142617236.3,0
2026-07-11 10:00:00+00:00,80900.8,81172.6,80860.0,81167.1,2745.014,2026-07-11 10:59:59.999000+00:00,222531652.2,69165,1597.278,129492833.5,0
2026-07-11 11:00:00+00:00,81167.1,81320.0,80983.5,81013.5,5130.927,2026-07-11 11:59:59.999000+00:00,416391330.3,117683,2567.173,208352163.5,0
2026-07-11 12:00:00+00:00,81013.5,81299.7,80716.0,81032.9,7340.647,2026-07-11 12:59:59.999000+00:00,594588339.0,198671,3307.399,267894175.8,0
2026-07-11 13:00:00+00:00,81032.8,81221.0,80394.0,80917.5,10192.16,2026-07-11 13:59:59.999000+00:00,823417595.9,263622,4771.065,385476992.6,0
2026-07-11 14:00:00+00:00,80917.4,81434.8,80796.4,81403.4,6794.771,2026-07-11 14:59:59.999000+00:00,551605660.8,184025,3519.059,285708092.2,0
2026-07-11 15:00:00+00:00,81403.4,81880.0,81297.5,81526.8,10551.693,2026-07-11 15:59:59.999000+00:00,861705587.7,248088,4794.914,391537102.1,0
2026-07-11 16:00:00+00:00,81526.9,82033.8,81322.3,81894.0,6762.573,2026-07-11 16:59:59.999000+00:00,552702220.6,167680,3444.483,281523630.6,0
2026-07-11 17:00:00+00:00,81894.1,82098.9,81784.3,81819.2,5085.299,2026-07-11 17:59:59.999000+00:00,416747395.6,130290,2158.39,176898773.9,0
2026-07-11 18:00:00+00:00,81819.3,82055.0,81691.7,81917.1,5030.178,2026-07-11 18:59:59.999000+00:00,411949626.2,110588,2810.934,230203326.3,0
2026-07-11 19:00:00+00:00,81917.8,82051.1,81707.6,81778.5,2841.064,2026-07-11 19:59:59.999000+00:00,232643841.4,85328,1502.779,123059804.8,0
2026-07-11 20:00:00+00:00,81778.5,81885.5,81555.0,81784.6,2099.166,2026-07-11 20:59:59.999000+00:00,171469409.1,62654,1095.725,89504237.24,0
2026-07-11 21:00:00+00:00,81784.6,81937.3,81689.0,81788.4,2227.72,2026-07-11 21:59:59.999000+00:00,182227930.8,65467,1122.583,91833554.3,0
2026-07-11 22:00:00+00:00,81788.4,81788.4,81521.5,81699.1,1861.492,2026-07-11 22:59:59.999000+00:00,152023617.5,51571,828.677,67681360.32,0
2026-07-11 23:00:00+00:00,81699.1,81757.3,81429.9,81508.7,3316.101,2026-07-11 23:59:59.999000+00:00,270469754.9,78769,1610.788,131386040.8,0
2026-07-12 00:00:00+00:00,81508.7,81581.5,80661.2,81148.4,11795.954,2026-07-12 00:59:59.999000+00:00,955996954.7,231023,5775.425,468009844.6,0
2026-07-12 01:00:00+00:00,81148.4,81298.9,81030.1,81223.5,3004.215,2026-07-12 01:59:59.999000+00:00,243853122.5,85450,1530.805,124265890.3,0
2026-07-12 02:00:00+00:00,81223.5,81255.2,80988.9,81028.3,2840.74,2026-07-12 02:59:59.999000+00:00,230448627.2,66185,1418.509,115073898.3,0
2026-07-12 03:00:00+00:00,81028.3,81270.2,80964.4,81194.9,3436.103,2026-07-12 03:59:59.999000+00:00,278764973.5,72524,1812.44,147063972.1,0
2026-07-12 04:00:00+00:00,81194.9,81270.2,81140.4,81186.8,1928.061,2026-07-12 04:59:59.999000+00:00,156580314.4,43827,857.785,69667346.6,0
2026-07-12 05:00:00+00:00,81186.8,81269.5,80979.8,80989.9,2977.394,2026-07-12 05:59:59.999000+00:00,241500765.8,57895,1262.426,102397806.0,0
2026-07-12 06:00:00+00:00,80989.9,81101.9,80756.0,80809.2,6380.894,2026-07-12 06:59:59.999000+00:00,516351480.5,115858,3009.043,243515136.1,0
2026-07-12 07:00:00+00:00,80809.2,80930.7,80719.3,80797.5,3827.0,2026-07-12 07:59:59.999000+00:00,309331317.8,82567,2094.349,169284146.4,0
2026-07-12 08:00:00+00:00,80797.5,80925.0,80670.0,80799.1,4292.249,2026-07-12 08:59:59.999000+00:00,346752843.1,90365,2370.606,191517328.2,0
2026-07-12 09:00:00+00:00,80799.1,80806.5,80560.0,80634.0,3443.489,2026-07-12 09:59:59.999000+00:00,277823310.4,75089,1675.513,135187606.9,0
2026-07-12 10:00:00+00:00,80634.0,80754.6,80444.0,80742.7,4833.637,2026-07-12 10:59:59.999000+00:00,389579060.2,94332,2449.411,197439572.4,0
2026-07-12 11:00:00+00:00,80742.7,80968.6,80577.8,80846.3,7670.628,2026-07-12 11:59:59.999000+00:00,619732925.3,146775,3917.522,316502966.9,0
2026-07-12 12:00:00+00:00,80846.4,80897.3,80360.9,80433.6,8491.521,2026-07-12 12:59:59.999000+00:00,684711567.5,200479,3770.698,304078562.8,0
2026-07-12 13:00:00+00:00,80433.6,80859.9,80360.0,80511.0,9825.647,2026-07-12 13:59:59.999000+00:00,791827940.3,250301,5188.257,418102577.4,0
2026-07-12 14:00:00+00:00,80511.0,80639.8,80143.0,80301.6,10196.046,2026-07-12 14:59:59.999000+00:00,819091490.3,240186,5074.931,407736453.7,0
2026-07-12 15:00:00+00:00,80301.6,80400.0,79801.0,79967.1,11633.264,2026-07-12 15:59:59.999000+00:00,931606735.6,234235,5262.252,421418163.5,0
2026-07-12 16:00:00+00:00,79967.1,80588.3,79907.6,80492.9,7443.427,2026-07-12 16:59:59.999000+00:00,597867931.9,157156,4213.448,338437030.7,0
2026-07-12 17:00:00+00:00,80493.0,80733.3,80385.9,80641.2,3966.691,2026-07-12 17:59:59.999000+00:00,319570456.1,99700,2129.481,171573784.5,0
2026-07-12 18:00:00+00:00,80641.3,80836.5,80639.0,80799.5,2563.775,2026-07-12 18:59:59.999000+00:00,207000411.0,74641,1306.88,105519806.7,0
2026-07-12 19:00:00+00:00,80799.6,80848.6,80601.0,80656.8,1861.8,2026-07-12 19:59:59.999000+00:00,150272075.2,51260,756.828,61085398.7,0
2026-07-12 20:00:00+00:00,80656.9,80700.0,80454.3,80550.0,1798.247,2026-07-12 20:59:59.999000+00:00,144879362.8,46022,886.32,71407653.39,0
2026-07-12 21:00:00+00:00,80549.9,80763.0,80549.9,80613.4,1516.763,2026-07-12 21:59:59.999000+00:00,122326459.2,50616,750.389,60517336.35,0
2026-07-12 22:00:00+00:00,80613.5,80679.3,80393.9,80461.0,2270.31,2026-07-12 22:59:59.999000+00:00,182799859.7,59567,1128.986,90911420.33,0
2026-07-12 23:00:00+00:00,80461.0,80735.1,80364.5,80673.4,2549.773,2026-07-12 23:59:59.999000+00:00,205456913.3,81693,1366.788,110146719.4,0
2026-07-13 00:00:00+00:00,80673.4,81168.4,80635.1,80960.1,5772.717,2026-07-13 00:59:59.999000+00:00,467452012.9,137917,3179.535,257476902.2,0
2026-07-13 01:00:00+00:00,80960.1,81239.1,80882.7,81018.1,3027.334,2026-07-13 01:59:59.999000+00:00,245408846.6,84965,1590.169,128918200.9,0
2026-07-13 02:00:00+00:00,81018.1,81268.0,80941.9,81217.1,2831.866,2026-07-13 02:59:59.999000+00:00,229717543.6,63724,1602.639,130023653.5,0
2026-07-13 03:00:00+00:00,81217.0,81253.5,81078.0,81199.9,2398.252,2026-07-13 03:59:59.999000+00:00,194655557.0,55110,1057.789,85858688.17,0
2026-07-13 04:00:00+00:00,81200.0,81203.4,80958.1,80985.5,2698.326,2026-07-13 04:59:59.999000+00:00,218730960.3,52500,1164.949,94431964.45,0
2026-07-13 05:00:00+00:00,80985.6,81126.0,80929.0,80945.6,2231.558,2026-07-13 05:59:59.999000+00:00,180818660.4,56730,1248.797,101200142.8,0
2026-07-13 06:00:00+00:00,80945.6,81015.7,80847.0,80981.9,2309.579,2026-07-13 06:59:59.999000+00:00,186875776.6,52160,1159.366,93810736.78,0
2026-07-13 07:00:00+00:00,80981.9,81166.7,80903.8,81161.0,2553.111,2026-07-13 07:59:59.999000+00:00,206928060.8,67584,1439.527,116680645.8,0
2026-07-13 08:00:00+00:00,81160.9,81270.2,81094.0,81255.5,4233.662,2026-07-13 08:59:59.999000+00:00,343875492.3,72977,2545.632,206786670.3,0
2026-07-13 09:00:00+00:00,81255.4,81266.6,80763.8,80766.2,4637.605,2026-07-13 09:59:59.999000+00:00,375315688.2,98635,1677.647,135768393.1,0
2026-07-13 10:00:00+00:00,80766.2,80809.7,80444.0,80460.1,6288.426,2026-07-13 10:59:59.999000+00:00,506769679.2,130260,2664.145,214697439.3,0
2026-07-13 11:00:00+00:00,80460.0,80558.0,79801.1,80160.1,15655.334,2026-07-13 11:59:59.999000+00:00,1254564361.0,283915,8064.056,646214177.4,0
2026-07-13 12:00:00+00:00,80160.0,80316.6,79540.0,79617.9,13369.333,2026-07-13 12:59:59.999000+00:00,1067404799.0,273333,6626.849,529136630.6,0
2026-07-13 13:00:00+00:00,79617.8,79868.0,79431.7,79727.3,9456.011,2026-07-13 13:59:59.999000+00:00,753244340.3,218446,5034.28,401086437.5,0
2026-07-13 14:00:00+00:00,79727.3,79832.4,78753.1,78794.7,19297.477,2026-07-13 14:59:59.999000+00:00,1528508144.0,313533,8500.151,673459582.3,0
2026-07-13 15:00:00+00:00,78794.7,79199.1,78713.8,79069.5,13331.653,2026-07-13 15:59:59.999000+00:00,1052455330.0,245322,6804.817,537266118.0,0
2026-07-13 16:00:00+00:00,79069.5,79541.2,79043.2,79470.1,6341.514,2026-07-13 16:59:59.999000+00:00,502897490.1,124831,3191.875,253166962.5,0
2026-07-13 17:00:00+00:00,79470.1,79776.2,79470.1,79554.9,5474.637,2026-07-13 17:59:59.999000+00:00,435964423.6,120401,2578.917,205385415.0,0
2026-07-13 18:00:00+00:00,79554.9,79610.1,79353.9,79604.8,3983.766,2026-07-13 18:59:59.999000+00:00,316646534.0,91289,1952.013,155162362.7,0
2026-07-13 19:00:00+00:00,79604.8,79729.1,79575.9,79671.4,2261.986,2026-07-13 19:59:59.999000+00:00,180156140.9,57479,1260.63,100403311.7,0
2026-07-13 20:00:00+00:00,79671.4,79675.0,79279.6,79363.2,3106.53,2026-07-13 20:59:59.999000+00:00,246743071.7,72357,1472.846,116977093.4,0
2026-07-13 21:00:00+00:00,79363.1,79442.1,79188.0,79395.1,3208.323,2026-07-13 21:59:59.999000+00:00,254444093.5,79260,1490.537,118222953.6,0
2026-07-13 22:00:00+00:00,79395.1,79464.2,79191.0,79288.3,2681.872,2026-07-13 22:59:59.999000+00:00,212756095.1,73007,1394.839,110669610.9,0
2026-07-13 23:00:00+00:00,79288.2,79656.7,79272.9,79540.0,3463.788,2026-07-13 23:59:59.999000+00:00,275364276.9,96637,1929.931,153411376.6,0
2026-07-14 00:00:00+00:00,79540.1,79659.9,79370.1,79565.9,2787.076,2026-07-14 00:59:59.999000+00:00,221669110.3,87371,1468.782,116822670.8,0
2026-07-14 01:00:00+00:00,79565.8,79648.0,79171.1,79329.0,4764.253,2026-07-14 01:59:59.999000+00:00,378650955.4,96415,1935.983,153848359.1,0
2026-07-14 02:00:00+00:00,79328.9,79427.8,78869.4,79005.3,7656.568,2026-07-14 02:59:59.999000+00:00,605876273.6,201106,3688.941,291939354.2,0
2026-07-14 03:00:00+00:00,79005.4,79440.0,78934.8,79403.7,3677.318,2026-07-14 03:59:59.999000+00:00,291437187.4,105532,1967.625,155938713.5,0
2026-07-14 04:00:00+00:00,79403.6,79962.5,79333.3,79771.5,7732.266,2026-07-14 04:59:59.999000+00:00,616015831.1,153142,4468.904,356046857.4,0
2026-07-14 05:00:00+00:00,79771.6,79909.9,79723.5,79769.7,3623.461,2026-07-14 05:59:59.999000+00:00,289216697.0,95429,1640.673,130957680.2,0
2026-07-14 06:00:00+00:00,79769.7,79900.0,79659.8,79699.9,3718.552,2026-07-14 06:59:59.999000+00:00,296654615.6,94727,1679.294,133977494.5,0
2026-07-14 07:00:00+00:00,79700.0,79900.0,79592.2,79776.8,3773.214,2026-07-14 07:59:59.999000+00:00,300906859.3,96897,2047.533,163288079.3,0
2026-07-14 08:00:00+00:00,79776.8,79872.0,79530.0,79594.9,2754.342,2026-07-14 08:59:59.999000+00:00,219446225.2,80398,1215.903,96887521.47,0
2026-07-14 09:00:00+00:00,79594.8,79727.9,79369.0,79530.0,3250.538,2026-07-14 09:59:59.999000+00:00,258562046.0,92185,1570.456,124932747.3,0
2026-07-14 10:00:00+00:00,79529.9,79571.7,79188.0,79216.6,3799.256,2026-07-14 10:59:59.999000+00:00,301350847.2,84188,2094.137,166093841.5,0
2026-07-14 11:00:00+00:00,79216.7,79729.2,79196.4,79719.4,5129.31,2026-07-14 11:59:59.999000+00:00,407812633.8,115536,2828.699,224895066.2,0
2026-07-14 12:00:00+00:00,79719.4,80042.0,79624.0,79660.9,12588.827,2026-07-14 12:59:59.999000+00:00,1005189491.0,252318,6673.049,532902778.8,0
2026-07-14 13:00:00+00:00,79660.9,81000.0,79514.5,80929.5,23977.504,2026-07-14 13:59:59.999000+00:00,1927349143.0,434341,13527.793,1087563823.0,0
2026-07-14 14:00:00+00:00,80929.6,81270.2,80743.5,81245.5,18477.567,2026-07-14 14:59:59.999000+00:00,1497055932.0,313190,9717.319,787483515.2,0
2026-07-14 15:00:00+00:00,81245.6,81877.9,81020.5,81839.3,22939.351,2026-07-14 15:59:59.999000+00:00,1867694191.0,377964,12575.025,1023969828.0,0
2026-07-14 16:00:00+00:00,81839.2,81999.0,81211.6,81620.0,18599.469,2026-07-14 16:59:59.999000+00:00,1518901939.0,349687,9244.831,755031433.7,0
2026-07-14 17:00:00+00:00,81620.0,81912.0,81386.0,81529.9,7752.742,2026-07-14 17:59:59.999000+00:00,632966395.9,179330,3816.135,311566357.1,0
2026-07-14 18:00:00+00:00,81530.0,81677.9,81257.3,81373.7,5264.72,2026-07-14 18:59:59.999000+00:00,428681428.1,138290,2641.668,215103432.7,0
2026-07-14 19:00:00+00:00,81373.8,81540.0,81114.8,81371.9,3424.525,2026-07-14 19:59:59.999000+00:00,278422355.5,105081,1740.648,141516855.3,0
2026-07-14 20:00:00+00:00,81372.0,81490.1,81222.0,81352.0,1750.907,2026-07-14 20:59:59.999000+00:00,142469943.2,56607,923.945,75180136.24,0
2026-07-14 21:00:00+00:00,81352.0,81530.0,81286.5,81418.9,1770.961,2026-07-14 21:59:59.999000+00:00,144193633.8,54613,977.269,79573552.66,0
2026-07-14 22:00:00+00:00,81418.8,81418.9,81007.9,81048.9,3207.11,2026-07-14 22:59:59.999000+00:00,260314806.5,74261,1447.357,117478195.9,0
2026-07-14 23:00:00+00:00,81048.8,81623.8,81018.8,81468.7,5036.89,2026-07-14 23:59:59.999000+00:00,409774766.4,129077,2908.52,236545572.9,0
2026-07-15 00:00:00+00:00,81468.7,81570.1,81066.0,81092.1,3464.623,2026-07-15 00:59:59.999000+00:00,281784239.5,129762,1809.664,147185878.7,0
2026-07-15 01:00:00+00:00,81092.1,81328.9,80706.9,81262.0,8962.24,2026-07-15 01:59:59.999000+00:00,725780736.5,219634,4472.56,362276864.9,0
2026-07-15 02:00:00+00:00,81262.0,81305.7,80886.7,81022.7,4189.866,2026-07-15 02:59:59.999000+00:00,339546297.7,98935,2323.814,188289150.3,0
2026-07-15 03:00:00+00:00,81022.7,81073.2,80650.4,80682.2,3302.164,2026-07-15 03:59:59.999000+00:00,267025346.8,92403,1487.56,120305534.1,0
2026-07-15 04:00:00+00:00,80682.1,80846.0,80266.8,80320.1,11578.932,2026-07-15 04:59:59.999000+00:00,931874482.0,227623,5456.598,439170861.0,0
2026-07-15 05:00:00+00:00,80320.0,80597.0,80266.9,80541.8,5427.57,2026-07-15 05:59:59.999000+00:00,436617298.8,126315,2946.349,237011102.7,0
2026-07-15 06:00:00+00:00,80541.9,80971.3,80519.1,80782.8,6574.767,2026-07-15 06:59:59.999000+00:00,531033615.8,130879,3513.978,283814120.9,0
2026-07-15 07:00:00+00:00,80782.9,80793.0,80368.9,80606.3,4188.012,2026-07-15 07:59:59.999000+00:00,337496612.7,111974,1919.95,154709927.7,0
2026-07-15 08:00:00+00:00,80606.2,80638.0,80323.0,80449.8,3441.505,2026-07-15 08:59:59.999000+00:00,276889462.3,98154,1695.131,136379692.1,0
2026-07-15 09:00:00+00:00,80449.9,80730.0,80364.6,80670.1,4295.626,2026-07-15 09:59:59.999000+00:00,345982436.7,108417,2334.51,188043407.2,0
2026-07-15 10:00:00+00:00,80670.2,80716.9,80545.0,80582.1,2072.82,2026-07-15 10:59:59.999000+00:00,167086397.5,63021,913.663,73650380.46,0
2026-07-15 11:00:00+00:00,80582.0,80596.7,80280.0,80349.9,6901.952,2026-07-15 11:59:59.999000+00:00,555149840.3,123336,3169.25,254913774.5,0
2026-07-15 12:00:00+00:00,80349.8,80349.8,78638.8,78727.8,37417.044,2026-07-15 12:59:59.999000+00:00,2969744636.0,633492,17590.822,1395750724.0,0
2026-07-15 13:00:00+00:00,78727.8,79325.3,78610.0,79120.6,18928.541,2026-07-15 13:59:59.999000+00:00,1496119938.0,432768,10852.128,857773547.1,0
2026-07-15 14:00:00+00:00,79120.6,79337.9,78980.3,79118.0,6193.98,2026-07-15 14:59:59.999000+00:00,490309892.6,176502,3179.783,251710792.9,0
2026-07-15 15:00:00+00:00,79118.1,79363.7,79098.7,79264.7,3964.471,2026-07-15 15:59:59.999000+00:00,314042743.4,127539,1901.594,150649387.1,0
2026-07-15 16:00:00+00:00,79264.7,79475.8,79188.8,79432.1,3785.646,2026-07-15 16:59:59.999000+00:00,300384103.7,110137,2037.83,161708151.2,0
2026-07-15 17:00:00+00:00,79432.2,79532.1,79135.4,79241.2,3660.491,2026-07-15 17:59:59.999000+00:00,290339150.5,112519,1603.591,127209017.1,0
2026-07-15 18:00:00+00:00,79241.1,79257.9,79012.5,79104.2,3297.179,2026-07-15 18:59:59.999000+00:00,260806721.8,95402,1341.516,106114300.8,0
2026-07-15 19:00:00+00:00,79104.3,79185.0,78955.0,79081.1,2297.386,2026-07-15 19:59:59.999000+00:00,181677918.2,70037,967.134,76483008.53,0
2026-07-15 20:00:00+00:00,79081.0,79168.0,78861.6,78931.3,2254.988,2026-07-15 20:59:59.999000+00:00,178203040.3,62188,966.59,76399235.54,0
2026-07-15 21:00:00+00:00,78931.4,79113.7,78931.3,79070.1,1362.084,2026-07-15 21:59:59.999000+00:00,107648450.9,43666,792.199,62609100.01,0
2026-07-15 22:00:00+00:00,79070.0,79135.3,79035.1,79074.0,1224.728,2026-07-15 22:59:59.999000+00:00,96854543.73,34410,578.258,45729087.46,0
2026-07-15 23:00:00+00:00,79074.0,79199.7,79031.7,79075.6,1866.35,2026-07-15 23:59:59.999000+00:00,147668287.1,47892,962.963,76194283.84,0
2026-07-16 00:00:00+00:00,79075.6,79155.9,78970.4,79128.5,1948.608,2026-07-16 00:59:59.999000+00:00,154040810.5,48286,1039.902,82212050.09,0
2026-07-16 01:00:00+00:00,79128.4,79178.0,79040.7,79113.9,1461.703,2026-07-16 01:59:59.999000+00:00,115634808.1,43686,824.526,65230485.39,0
2026-07-16 02:00:00+00:00,79113.9,79153.7,79017.6,79041.7,1343.056,2026-07-16 02:59:59.999000+00:00,106227817.5,36151,656.529,51927360.31,0
2026-07-16 03:00:00+00:00,79041.7,79096.8,78811.0,78999.9,3080.363,2026-07-16 03:59:59.999000+00:00,243227127.0,67152,1282.586,101282660.8,0
2026-07-16 04:00:00+00:00,78999.9,79001.0,78889.7,78989.9,1488.42,2026-07-16 04:59:59.999000+00:00,117533856.0,38852,775.893,61267193.16,0
2026-07-16 05:00:00+00:00,78989.9,79012.9,78393.9,78610.2,9244.159,2026-07-16 05:59:59.999000+00:00,727174336.5,161097,3093.119,243382491.8,0
2026-07-16 06:00:00+00:00,78610.2,78610.3,78000.4,78334.3,13808.169,2026-07-16 06:59:59.999000+00:00,1081421216.0,252741,6460.558,506045867.8,0
2026-07-16 07:00:00+00:00,78334.3,78527.8,78291.0,78389.5,3590.485,2026-07-16 07:59:59.999000+00:00,281500532.0,71522,2001.216,156901347.9,0
2026-07-16 08:00:00+00:00,78389.5,78410.1,77850.0,78052.1,10664.7,2026-07-16 08:59:59.999000+00:00,832368337.5,205419,4434.124,346098628.5,0
2026-07-16 09:00:00+00:00,78052.1,78071.9,77601.8,77937.6,10160.386,2026-07-16 09:59:59.999000+00:00,790813704.3,213702,4477.365,348509375.0,0
2026-07-16 10:00:00+00:00,77937.5,78163.3,77937.5,78042.5,3897.654,2026-07-16 10:59:59.999000+00:00,304262349.3,84911,2126.383,165998840.0,0
2026-07-16 11:00:00+00:00,78042.5,78100.0,77889.0,77980.0,2627.039,2026-07-16 11:59:59.999000+00:00,204915956.4,67969,1237.749,96550164.36,0
2026-07-16 12:00:00+00:00,77980.0,77987.9,77800.0,77987.9,2790.145,2026-07-16 12:59:59.999000+00:00,217347962.7,76643,1431.657,111528092.8,0
2026-07-16 13:00:00+00:00,77987.9,78327.0,77850.5,78090.3,4921.309,2026-07-16 13:59:59.999000+00:00,384352381.8,110670,2917.73,227899337.0,0
2026-07-16 14:00:00+00:00,78090.3,78254.0,78034.0,78194.1,2455.911,2026-07-16 14:59:59.999000+00:00,191920261.8,66580,1354.053,105813143.5,0
2026-07-16 15:00:00+00:00,78194.0,78337.4,78069.1,78167.7,2931.052,2026-07-16 15:59:59.999000+00:00,229235025.6,76544,1471.431,115090223.0,0
2026-07-16 16:00:00+00:00,78167.7,78285.1,78159.1,78159.2,1043.525,2026-07-16 16:59:59.999000+00:00,81628062.09,36904,547.045,42793865.9,0
2026-07-16 17:00:00+00:00,78159.1,78306.6,78113.1,78200.0,1625.933,2026-07-16 17:59:59.999000+00:00,127136995.8,41861,801.075,62653072.41,0
2026-07-16 18:00:00+00:00,78200.0,78270.9,78166.8,78223.8,984.661,2026-07-16 18:59:59.999000+00:00,77024084.71,30117,517.172,40455848.85,0
2026-07-16 19:00:00+00:00,78223.8,78287.8,78160.0,78214.7,767.876,2026-07-16 19:59:59.999000+00:00,60075201.57,27640,378.512,29614093.66,0
2026-07-16 20:00:00+00:00,78214.7,78274.6,78167.5,78229.2,1283.883,2026-07-16 20:59:59.999000+00:00,100445548.0,29396,669.215,52356429.56,0
2026-07-16 21:00:00+00:00,78229.2,78248.7,78133.3,78143.5,923.596,2026-07-16 21:59:59.999000+00:00,72214148.91,27806,342.368,26768693.74,0
2026-07-16 22:00:00+00:00,78143.5,78240.0,78085.2,78104.2,1241.468,2026-07-16 22:59:59.999000+00:00,97035190.2,30443,552.357,43175676.82,0
2026-07-16 23:00:00+00:00,78104.3,78213.9,77760.0,77915.4,3840.451,2026-07-16 23:59:59.999000+00:00,299642471.2,70489,1592.859,124294171.3,0
2026-07-17 00:00:00+00:00,77915.3,78085.4,77675.4,77688.1,5411.676,2026-07-17 00:59:59.999000+00:00,421351989.0,133358,2231.288,173763472.2,0
2026-07-17 01:00:00+00:00,77688.0,77913.6,77688.0,77856.3,2548.06,2026-07-17 01:59:59.999000+00:00,198339729.9,66010,1420.639,110586058.4,0
2026-07-17 02:00:00+00:00,77856.3,78050.0,77845.6,77990.2,1809.776,2026-07-17 02:59:59.999000+00:00,141104313.1,49338,1089.751,84965411.09,0
2026-07-17 03:00:00+00:00,77990.2,78179.1,77957.2,78117.4,1965.339,2026-07-17 03:59:59.999000+00:00,153473329.8,50138,1207.601,94305023.99,0
2026-07-17 04:00:00+00:00,78117.4,78300.0,78064.8,78087.7,2299.316,2026-07-17 04:59:59.999000+00:00,179739418.6,48299,1199.615,93791257.69,0
2026-07-17 05:00:00+00:00,78087.6,78172.7,77970.0,78071.6,1561.292,2026-07-17 05:59:59.999000+00:00,121887806.5,38779,730.774,57060115.68,0
2026-07-17 06:00:00+00:00,78071.6,78175.3,78015.0,78137.2,1336.456,2026-07-17 06:59:59.999000+00:00,104377720.5,36381,776.539,60651698.52,0
2026-07-17 07:00:00+00:00,78137.3,78157.9,77992.1,78050.7,1306.842,2026-07-17 07:59:59.999000+00:00,102019206.5,34516,513.46,40080654.09,0
2026-07-17 08:00:00+00:00,78050.7,78266.6,78041.8,78214.3,1740.301,2026-07-17 08:59:59.999000+00:00,136015866.4,38483,1016.455,79441495.07,0
2026-07-17 09:00:00+00:00,78214.3,78564.3,78208.2,78423.0,5786.248,2026-07-17 09:59:59.999000+00:00,453682493.4,113195,3427.843,268760362.9,0
2026-07-17 10:00:00+00:00,78423.0,78436.0,78245.7,78371.5,2147.004,2026-07-17 10:59:59.999000+00:00,168199350.0,63268,943.887,73948778.93,0
2026-07-17 11:00:00+00:00,78371.4,78515.7,78280.1,78326.9,2107.738,2026-07-17 11:59:59.999000+00:00,165256056.5,55866,1131.372,88710114.51,0
2026-07-17 12:00:00+00:00,78326.9,78331.2,78128.5,78165.0,2499.13,2026-07-17 12:59:59.999000+00:00,195495250.7,64162,972.554,76078850.84,0
2026-07-17 13:00:00+00:00,78165.0,78177.8,77800.0,78009.6,5105.45,2026-07-17 13:59:59.999000+00:00,398144823.8,119925,2149.491,167630916.0,0
2026-07-17 14:00:00+00:00,78009.7,78087.0,77875.0,78006.9,2191.933,2026-07-17 14:59:59.999000+00:00,170952544.7,62183,985.876,76895119.12,0
2026-07-17 15:00:00+00:00,78006.9,78165.3,77979.8,77995.0,1737.293,2026-07-17 15:59:59.999000+00:00,135618645.8,48109,918.655,71719689.08,0
2026-07-17 16:00:00+00:00,77995.1,78054.3,77811.5,78044.8,2930.67,2026-07-17 16:59:59.999000+00:00,228403421.9,73773,1465.816,114253516.6,0
2026-07-17 17:00:00+00:00,78044.8,78235.2,77960.7,78226.2,1824.56,2026-07-17 17:59:59.999000+00:00,142534767.0,60427,1072.191,83766154.97,0
2026-07-17 18:00:00+00:00,78226.2,78432.0,78172.2,78369.0,2074.009,2026-07-17 18:59:59.999000+00:00,162408484.9,56484,1176.156,92114413.46,0
2026-07-17 19:00:00+00:00,78368.9,78393.9,78208.9,78230.0,1173.721,2026-07-17 19:59:59.999000+00:00,91880525.05,38726,546.929,42815018.15,0
2026-07-17 20:00:00+00:00,78230.1,78453.0,78190.6,78365.4,2194.705,2026-07-17 20:59:59.999000+00:00,171979051.2,46907,1252.254,98132704.57,0
2026-07-17 21:00:00+00:00,78365.4,78372.8,77777.0,77961.6,5643.159,2026-07-17 21:59:59.999000+00:00,440247034.4,155918,2715.288,211822372.9,0
2026-07-17 22:00:00+00:00,77961.7,77970.0,76666.0,77430.4,24982.54,2026-07-17 22:59:59.999000+00:00,1930193869.0,410512,9801.427,757361154.4,0
2026-07-17 23:00:00+00:00,77430.4,77452.7,76875.0,77175.7,10777.547,2026-07-17 23:59:59.999000+00:00,831081634.3,305724,5494.842,423696217.4,0
2026-07-18 00:00:00+00:00,77175.7,77274.8,76700.0,77084.5,10313.877,2026-07-18 00:59:59.999000+00:00,793500745.4,259991,5202.232,400288687.9,0
2026-07-18 01:00:00+00:00,77084.5,77190.0,76668.8,76809.4,5970.755,2026-07-18 01:59:59.999000+00:00,459458374.7,138063,3022.792,232611378.7,0
2026-07-18 02:00:00+00:00,76809.4,76999.2,76777.0,76900.0,3091.878,2026-07-18 02:59:59.999000+00:00,237782280.5,99093,1618.289,124449540.9,0
2026-07-18 03:00:00+00:00,76900.1,77045.9,76740.0,77000.2,3443.145,2026-07-18 03:59:59.999000+00:00,264776271.2,91379,1636.964,125881929.8,0
2026-07-18 04:00:00+00:00,77000.2,77059.6,76850.0,76886.5,3158.444,2026-07-18 04:59:59.999000+00:00,243041760.9,86128,1429.858,110032931.3,0
2026-07-18 05:00:00+00:00,76886.5,76942.0,76534.5,76881.3,7189.696,2026-07-18 05:59:59.999000+00:00,551711374.8,163452,3148.553,241663045.8,0
2026-07-18 06:00:00+00:00,76881.4,77054.6,76728.7,77039.4,4449.391,2026-07-18 06:59:59.999000+00:00,342389484.1,121315,2539.223,195414078.9,0
2026-07-18 07:00:00+00:00,77039.5,77193.5,76850.0,77001.0,3716.68,2026-07-18 07:59:59.999000+00:00,286225262.6,102544,2120.74,163334525.9,0
2026-07-18 08:00:00+00:00,77001.0,77025.1,76840.1,76901.4,1667.379,2026-07-18 08:59:59.999000+00:00,128259006.3,63246,798.061,61388718.12,0
2026-07-18 09:00:00+00:00,76901.4,76923.4,76670.1,76733.2,4468.687,2026-07-18 09:59:59.999000+00:00,343070225.2,113292,2388.256,183345533.9,0
2026-07-18 10:00:00+00:00,76733.3,77375.0,76627.0,77255.0,7756.521,2026-07-18 10:59:59.999000+00:00,598100712.2,168385,4191.386,323208798.9,0
2026-07-18 11:00:00+00:00,77255.1,77757.5,77241.5,77599.9,12046.144,2026-07-18 11:59:59.999000+00:00,933297922.4,254016,6191.683,479761564.7,0
2026-07-18 12:00:00+00:00,77599.9,77601.9,76650.0,76914.0,14647.288,2026-07-18 12:59:59.999000+00:00,1128500082.0,355031,6777.458,522130297.2,0
2026-07-18 13:00:00+00:00,76913.9,76927.5,76200.0,76369.8,19478.281,2026-07-18 13:59:59.999000+00:00,1490724158.0,446414,8763.318,670774905.7,0
2026-07-18 14:00:00+00:00,76369.7,76463.6,76014.2,76393.5,15564.299,2026-07-18 14:59:59.999000+00:00,1186236540.0,364018,7672.497,584813547.8,0
2026-07-18 15:00:00+00:00,76393.6,76657.1,76174.1,76377.3,11404.463,2026-07-18 15:59:59.999000+00:00,871462418.1,247675,5638.838,430954945.4,0
2026-07-18 16:00:00+00:00,76377.3,76725.7,76332.1,76671.1,4384.489,2026-07-18 16:59:59.999000+00:00,335815601.3,132536,2351.384,180098624.5,0
2026-07-18 17:00:00+00:00,76671.0,76674.4,76107.7,76221.6,6729.802,2026-07-18 17:59:59.999000+00:00,513491933.8,177600,3314.051,252799740.9,0
2026-07-18 18:00:00+00:00,76221.6,76963.7,76200.0,76898.5,11367.93,2026-07-18 18:59:59.999000+00:00,872015806.7,289108,6049.575,464132080.5,0
2026-07-18 19:00:00+00:00,76898.5,77160.3,76829.3,76868.1,6224.955,2026-07-18 19:59:59.999000+00:00,479269492.7,115494,2772.827,213534240.4,0
2026-07-18 20:00:00+00:00,76868.1,77149.7,76753.6,77063.1,3535.747,2026-07-18 20:59:59.999000+00:00,272059196.8,84908,1735.586,133563627.1,0
2026-07-18 21:00:00+00:00,77063.1,77187.3,76894.6,77045.1,4653.374,2026-07-18 21:59:59.999000+00:00,358509110.3,91366,2159.209,166375866.3,0
2026-07-18 22:00:00+00:00,77045.0,77133.4,76900.1,76963.2,2322.727,2026-07-18 22:59:59.999000+00:00,178884729.5,57095,1066.4,82134617.0,0
2026-07-18 23:00:00+00:00,76963.2,77384.6,76913.8,77102.6,4592.602,2026-07-18 23:59:59.999000+00:00,354387922.5,120362,2518.824,194386424.0,0
2026-07-19 00:00:00+00:00,77102.6,77122.7,76634.0,76635.4,5818.494,2026-07-19 00:59:59.999000+00:00,447028141.7,137339,2542.432,195312659.9,0
2026-07-19 01:00:00+00:00,76635.4,76973.7,76451.3,76586.2,4745.72,2026-07-19 01:59:59.999000+00:00,363975778.1,129694,2488.682,190894868.2,0
2026-07-19 02:00:00+00:00,76586.2,76837.0,76550.0,76749.9,2677.159,2026-07-19 02:59:59.999000+00:00,205398613.8,73055,1399.771,107398743.0,0
2026-07-19 03:00:00+00:00,76750.0,76916.5,76658.0,76889.4,2587.324,2026-07-19 03:59:59.999000+00:00,198688485.0,71643,1331.99,102295532.1,0
2026-07-19 04:00:00+00:00,76889.4,76978.0,76595.7,76872.8,2806.705,2026-07-19 04:59:59.999000+00:00,215641114.1,92894,1560.743,119928478.3,0
2026-07-19 05:00:00+00:00,76872.8,77070.4,76846.9,76985.2,2999.916,2026-07-19 05:59:59.999000+00:00,230894105.2,81326,1588.152,122234222.0,0
2026-07-19 06:00:00+00:00,76985.1,77247.7,76929.5,77200.4,4023.829,2026-07-19 06:59:59.999000+00:00,310355573.4,99431,2187.414,168706223.7,0
2026-07-19 07:00:00+00:00,77200.4,77291.3,76932.0,77015.8,3821.06,2026-07-19 07:59:59.999000+00:00,294579236.8,102734,1802.864,138999460.7,0
2026-07-19 08:00:00+00:00,77015.9,77047.4,76671.1,76787.4,4536.807,2026-07-19 08:59:59.999000+00:00,348515832.4,114223,2122.095,163002160.5,0
2026-07-19 09:00:00+00:00,76787.3,77070.0,76666.0,77005.8,3518.738,2026-07-19 09:59:59.999000+00:00,270366504.5,99757,1672.531,128521698.1,0
2026-07-19 10:00:00+00:00,77005.8,77039.1,76576.8,76677.1,3674.566,2026-07-19 10:59:59.999000+00:00,282144583.3,84907,1739.612,133569654.2,0
2026-07-19 11:00:00+00:00,76677.0,76947.5,76609.5,76901.3,2310.159,2026-07-19 11:59:59.999000+00:00,177430467.4,68219,1169.119,89794441.63,0
2026-07-19 12:00:00+00:00,76901.2,77033.9,76556.0,76846.1,7623.165,2026-07-19 12:59:59.999000+00:00,585449302.3,238482,3782.851,290522872.0,0
2026-07-19 13:00:00+00:00,76846.1,76981.4,76107.1,76365.7,14484.518,2026-07-19 13:59:59.999000+00:00,1107352000.0,348272,6663.037,509358228.0,0
2026-07-19 14:00:00+00:00,76365.6,76650.0,76302.7,76487.9,7036.931,2026-07-19 14:59:59.999000+00:00,538233854.2,164953,3014.293,230572817.9,0
2026-07-19 15:00:00+00:00,76488.0,76888.0,76377.0,76858.3,6217.088,2026-07-19 15:59:59.999000+00:00,476363007.1,136523,3334.106,255572496.9,0
2026-07-19 16:00:00+00:00,76858.4,76992.6,76720.5,76821.2,4679.182,2026-07-19 16:59:59.999000+00:00,359678227.4,138898,1983.266,152462746.6,0
2026-07-19 17:00:00+00:00,76821.1,76916.1,76704.8,76764.2,2165.322,2026-07-19 17:59:59.999000+00:00,166318419.1,77137,923.848,70961337.55,0
2026-07-19 18:00:00+00:00,76764.2,77042.3,76720.9,76780.0,2209.798,2026-07-19 18:59:59.999000+00:00,169891513.4,84907,1145.26,88052072.85,0
2026-07-19 19:00:00+00:00,76780.0,77000.0,76780.0,76976.3,1046.262,2026-07-19 19:59:59.999000+00:00,80470876.79,36140,500.674,38508546.03,0
2026-07-19 20:00:00+00:00,76976.4,77003.1,76929.6,76942.4,1005.069,2026-07-19 20:59:59.999000+00:00,77363409.88,30745,493.077,37953864.2,0
2026-07-19 21:00:00+00:00,76942.4,76942.5,76610.4,76676.1,2919.944,2026-07-19 21:59:59.999000+00:00,224067678.0,83572,1287.925,98811768.84,0
2026-07-19 22:00:00+00:00,76676.0,76948.1,76633.0,76799.9,1546.281,2026-07-19 22:59:59.999000+00:00,118783271.7,50403,844.704,64899329.77,0
2026-07-19 23:00:00+00:00,76800.0,76863.4,76485.0,76760.9,3965.277,2026-07-19 23:59:59.999000+00:00,303929558.5,115544,1707.538,130872827.8,0
2026-07-20 00:00:00+00:00,76761.0,76900.0,76501.8,76787.5,5182.516,2026-07-20 00:59:59.999000+00:00,397415291.6,131847,2023.455,155183397.8,0
2026-07-20 01:00:00+00:00,76787.5,76880.0,76563.1,76654.5,3578.599,2026-07-20 01:59:59.999000+00:00,274456239.9,87293,1409.584,108075218.4,0
2026-07-20 02:00:00+00:00,76654.5,76795.0,76573.9,76689.6,1991.117,2026-07-20 02:59:59.999000+00:00,152687579.7,66949,913.483,70045955.3,0
2026-07-20 03:00:00+00:00,76689.6,76814.6,76650.0,76748.1,1955.352,2026-07-20 03:59:59.999000+00:00,150080942.2,53889,855.778,65680760.42,0
2026-07-20 04:00:00+00:00,76748.1,77300.0,76748.0,77170.4,8685.078,2026-07-20 04:59:59.999000+00:00,669882762.1,163564,5065.707,390640825.2,0
2026-07-20 05:00:00+00:00,77170.3,77387.9,77153.4,77379.8,3653.484,2026-07-20 05:59:59.999000+00:00,282301165.5,86523,2375.13,183524288.0,0
2026-07-20 06:00:00+00:00,77379.9,77444.0,77208.3,77249.9,4258.277,2026-07-20 06:59:59.999000+00:00,329277419.0,82433,2099.306,162340611.4,0
2026-07-20 07:00:00+00:00,77250.0,77612.0,77170.3,77430.0,6800.627,2026-07-20 07:59:59.999000+00:00,526492276.7,113312,3852.059,298250799.8,0
2026-07-20 08:00:00+00:00,77430.1,77516.0,77333.9,77449.9,4113.947,2026-07-20 08:59:59.999000+00:00,318554703.8,69817,1832.552,141906677.6,0
2026-07-20 09:00:00+00:00,77450.0,77639.3,77450.0,77475.8,2665.45,2026-07-20 09:59:59.999000+00:00,206712201.3,60657,1511.895,117255837.5,0
2026-07-20 10:00:00+00:00,77475.8,77530.0,77286.1,77351.2,2758.672,2026-07-20 10:59:59.999000+00:00,213543212.2,56763,1130.024,87465279.98,0
2026-07-20 11:00:00+00:00,77351.2,77733.0,77329.7,77590.2,3699.957,2026-07-20 11:59:59.999000+00:00,286892630.6,78428,2263.318,175537344.8,0
2026-07-20 12:00:00+00:00,77590.2,77617.2,76925.6,77175.3,10364.743,2026-07-20 12:59:59.999000+00:00,799934046.0,246527,5112.573,394530935.1,0
2026-07-20 13:00:00+00:00,77175.2,77545.0,76855.0,77410.0,9811.109,2026-07-20 13:59:59.999000+00:00,758296298.6,323549,4810.232,371886309.2,0
2026-07-20 14:00:00+00:00,77410.0,77825.8,77266.6,77423.0,9366.432,2026-07-20 14:59:59.999000+00:00,726543505.1,238257,4945.303,383654576.8,0
2026-07-20 15:00:00+00:00,77423.0,77527.2,76975.0,77301.0,5465.178,2026-07-20 15:59:59.999000+00:00,421971465.5,168492,2495.825,192699903.9,0
2026-07-20 16:00:00+00:00,77300.9,77685.4,77191.6,77537.1,4298.01,2026-07-20 16:59:59.999000+00:00,333045930.0,128495,2182.502,169117214.5,0
2026-07-20 17:00:00+00:00,77537.1,77600.0,77350.2,77375.5,2425.662,2026-07-20 17:59:59.999000+00:00,187913861.6,94533,1106.332,85710821.02,0
2026-07-20 18:00:00+00:00,77375.5,77677.2,77304.3,77630.6,3152.964,2026-07-20 18:59:59.999000+00:00,244464871.7,87105,1769.78,137212025.6,0
2026-07-20 19:00:00+00:00,77630.5,77735.2,77433.4,77679.6,3278.975,2026-07-20 19:59:59.999000+00:00,254496673.0,101829,1602.931,124422016.2,0
2026-07-20 20:00:00+00:00,77678.9,77735.6,77464.5,77464.5,1496.545,2026-07-20 20:59:59.999000+00:00,116152418.6,44196,722.144,56050798.53,0
2026-07-20 21:00:00+00:00,77464.5,77472.7,77183.7,77468.2,3045.356,2026-07-20 21:59:59.999000+00:00,235559638.7,95861,1642.781,127064934.5,0
2026-07-20 22:00:00+00:00,77468.1,77520.0,77339.9,77510.3,1594.079,2026-07-20 22:59:59.999000+00:00,123418431.9,46760,798.319,61809766.24,0
2026-07-20 23:00:00+00:00,77510.3,78051.0,77472.5,77929.1,6591.019,2026-07-20 23:59:59.999000+00:00,512798565.3,131921,4065.149,316290654.2,0
2026-07-21 00:00:00+00:00,77929.1,78150.0,77759.8,77818.1,5435.164,2026-07-21 00:59:59.999000+00:00,423592346.9,124375,2856.909,222723781.0,0
2026-07-21 01:00:00+00:00,77818.1,78071.2,77778.5,77915.5,3066.939,2026-07-21 01:59:59.999000+00:00,239090102.5,80665,1669.414,130137648.4,0
2026-07-21 02:00:00+00:00,77915.5,78066.0,77867.4,78039.1,1946.099,2026-07-21 02:59:59.999000+00:00,151727877.2,49775,1028.171,80170569.11,0
2026-07-21 03:00:00+00:00,78039.2,78143.2,77922.9,77993.5,2561.402,2026-07-21 03:59:59.999000+00:00,199781936.8,54804,1138.185,88783415.74,0
2026-07-21 04:00:00+00:00,77993.5,78106.8,77651.7,77795.0,3182.763,2026-07-21 04:59:59.999000+00:00,247815965.2,73127,1457.198,113460291.6,0
2026-07-21 05:00:00+00:00,77795.1,77845.4,77501.3,77591.7,3558.168,2026-07-21 05:59:59.999000+00:00,276379045.3,80145,1660.582,128995725.0,0
2026-07-21 06:00:00+00:00,77591.6,77870.0,77485.1,77846.2,3716.381,2026-07-21 06:59:59.999000+00:00,288527976.9,82149,1969.742,152941739.1,0
2026-07-21 07:00:00+00:00,77846.1,78180.0,77846.1,77888.1,5550.024,2026-07-21 07:59:59.999000+00:00,432917605.7,133668,2947.823,229954946.6,0
2026-07-21 08:00:00+00:00,77888.0,77950.0,77590.0,77596.8,3170.098,2026-07-21 08:59:59.999000+00:00,246493088.8,70814,1293.843,100610509.9,0
2026-07-21 09:00:00+00:00,77596.8,77651.7,77140.7,77172.6,10146.961,2026-07-21 09:59:59.999000+00:00,784820337.1,194377,4837.253,374137339.3,0
2026-07-21 10:00:00+00:00,77172.6,77342.8,77111.0,77157.4,4288.535,2026-07-21 10:59:59.999000+00:00,331183003.6,96182,2063.394,159364728.7,0
2026-07-21 11:00:00+00:00,77157.3,77328.9,77024.4,77244.0,4246.594,2026-07-21 11:59:59.999000+00:00,327761198.8,108708,2118.339,163524058.7,0
2026-07-21 12:00:00+00:00,77244.1,77322.0,76696.7,77090.1,10674.629,2026-07-21 12:59:59.999000+00:00,821498824.0,263819,4745.124,365218757.7,0
2026-07-21 13:00:00+00:00,77090.0,77220.0,76744.1,76944.0,5882.902,2026-07-21 13:59:59.999000+00:00,453014240.7,208506,2747.949,211625248.5,0
2026-07-21 14:00:00+00:00,76944.0,77379.1,76861.7,77224.3,4754.63,2026-07-21 14:59:59.999000+00:00,366857066.0,155622,2359.567,182071695.4,0
2026-07-21 15:00:00+00:00,77224.3,77318.3,76970.0,77166.7,3670.982,2026-07-21 15:59:59.999000+00:00,283168469.4,109651,1478.923,114082482.9,0
2026-07-21 16:00:00+00:00,77166.8,78063.8,77140.0,77831.1,16086.78,2026-07-21 16:59:59.999000+00:00,1251038938.0,336367,8012.323,622957950.8,0
2026-07-21 17:00:00+00:00,77831.0,77890.0,77209.3,77354.5,8725.868,2026-07-21 17:59:59.999000+00:00,676958697.7,215123,4465.563,346441805.3,0
2026-07-21 18:00:00+00:00,77354.4,77768.0,77333.0,77657.1,3675.524,2026-07-21 18:59:59.999000+00:00,285041001.3,109129,2074.56,160904825.7,0
2026-07-21 19:00:00+00:00,77657.1,77772.2,77602.7,77671.4,1433.181,2026-07-21 19:59:59.999000+00:00,111331014.5,49219,656.715,51020047.86,0
2026-07-21 20:00:00+00:00,77671.5,77777.2,77604.3,77636.2,1339.524,2026-07-21 20:59:59.999000+00:00,104108818.5,37880,661.746,51434187.23,0
2026-07-21 21:00:00+00:00,77636.2,77721.8,77513.2,77589.6,1895.354,2026-07-21 21:59:59.999000+00:00,147122140.2,51020,957.131,74294042.19,0
2026-07-21 22:00:00+00:00,77589.6,77714.2,77490.8,77586.2,1495.64,2026-07-21 22:59:59.999000+00:00,116098307.2,49663,772.625,59978050.83,0
2026-07-21 23:00:00+00:00,77586.3,77602.5,77333.3,77344.7,2082.007,2026-07-21 23:59:59.999000+00:00,161254656.4,76924,968.711,75031308.72,0
2026-07-22 00:00:00+00:00,77344.8,77634.8,77288.0,77580.0,2163.772,2026-07-22 00:59:59.999000+00:00,167580158.6,71959,1290.854,99976584.11,0
2026-07-22 01:00:00+00:00,77579.9,77697.9,77557.0,77638.2,1697.063,2026-07-22 01:59:59.999000+00:00,131736770.1,57230,914.18,70967712.24,0
2026-07-22 02:00:00+00:00,77638.2,77775.9,77638.1,77740.0,1766.581,2026-07-22 02:59:59.999000+00:00,137304783.7,43715,954.146,74155668.68,0
2026-07-22 03:00:00+00:00,77739.9,77862.7,77600.0,77619.9,2451.568,2026-07-22 03:59:59.999000+00:00,190593329.0,55266,1135.863,88322205.7,0
2026-07-22 04:00:00+00:00,77620.0,77691.8,77418.3,77450.0,2444.911,2026-07-22 04:59:59.999000+00:00,189612427.1,56436,938.202,72770387.49,0
2026-07-22 05:00:00+00:00,77450.0,77494.0,77324.2,77386.0,3827.195,2026-07-22 05:59:59.999000+00:00,296282678.5,76704,2053.679,158986168.2,0
2026-07-22 06:00:00+00:00,77386.0,77514.5,77237.1,77366.9,3924.108,2026-07-22 06:59:59.999000+00:00,303569560.7,73739,1848.693,143026826.9,0
2026-07-22 07:00:00+00:00,77366.8,77505.7,77170.0,77237.6,2961.84,2026-07-22 07:59:59.999000+00:00,229035410.2,92337,1500.067,116010715.6,0
2026-07-22 08:00:00+00:00,77237.6,77329.4,77160.8,77269.8,2244.446,2026-07-22 08:59:59.999000+00:00,173349519.2,58409,1198.008,92530117.98,0
2026-07-22 09:00:00+00:00,77269.9,77335.8,77222.4,77282.0,1442.07,2026-07-22 09:59:59.999000+00:00,111438866.2,40375,790.453,61083894.03,0
2026-07-22 10:00:00+00:00,77282.0,77397.4,77138.3,77394.8,1905.227,2026-07-22 10:59:59.999000+00:00,147257166.0,52021,994.262,76859257.89,0
2026-07-22 11:00:00+00:00,77394.8,77548.5,77353.6,77491.3,3130.076,2026-07-22 11:59:59.999000+00:00,242410624.8,76295,1577.331,122161766.0,0
2026-07-22 12:00:00+00:00,77491.4,77517.2,77085.5,77255.6,5449.535,2026-07-22 12:59:59.999000+00:00,421051150.6,156592,2430.046,187740507.3,0
2026-07-22 13:00:00+00:00,77255.5,77255.5,76701.3,76734.6,14182.806,2026-07-22 13:59:59.999000+00:00,1090115511.0,222764,7682.464,590381492.5,0
2026-07-22 14:00:00+00:00,76734.7,76994.9,76528.0,76756.5,10355.079,2026-07-22 14:59:59.999000+00:00,794697694.6,184389,4959.103,380693496.8,0
2026-07-22 15:00:00+00:00,76756.5,76967.7,76730.0,76913.8,2972.973,2026-07-22 15:59:59.999000+00:00,228496283.8,92564,1582.638,121632027.3,0
2026-07-22 16:00:00+00:00,76913.8,77070.1,76714.2,76714.5,4149.934,2026-07-22 16:59:59.999000+00:00,319081481.1,116052,2049.001,157566254.8,0
2026-07-22 17:00:00+00:00,76714.5,76870.0,76049.9,76498.6,11242.276,2026-07-22 17:59:59.999000+00:00,858978039.2,212310,5029.296,384294414.9,0
2026-07-22 18:00:00+00:00,76498.6,76554.1,75620.0,75827.1,17912.083,2026-07-22 18:59:59.999000+00:00,1360216929.0,347047,7636.039,579826656.0,0
2026-07-22 19:00:00+00:00,75827.1,76047.4,75778.6,75939.4,5416.15,2026-07-22 19:59:59.999000+00:00,411082846.4,131559,2474.175,187804601.6,0
2026-07-22 20:00:00+00:00,75939.5,76054.1,75888.0,75940.0,1867.463,2026-07-22 20:59:59.999000+00:00,141889475.2,53171,939.286,71366083.5,0
2026-07-22 21:00:00+00:00,75940.1,75949.8,75500.0,75704.0,5125.544,2026-07-22 21:59:59.999000+00:00,387912910.0,102405,2054.093,155501603.3,0
2026-07-22 22:00:00+00:00,75704.1,75850.0,75322.0,75513.1,5491.506,2026-07-22 22:59:59.999000+00:00,414980680.7,119086,2485.686,187866302.7,0
2026-07-22 23:00:00+00:00,75513.1,75615.7,75184.9,75329.2,8179.709,2026-07-22 23:59:59.999000+00:00,616565040.3,198846,3814.584,287577022.6,0
2026-07-23 00:00:00+00:00,75329.3,75482.8,75316.6,75460.9,2849.403,2026-07-23 00:59:59.999000+00:00,214885046.0,74035,1566.299,118130168.5,0
2026-07-23 01:00:00+00:00,75461.0,75558.2,75381.7,75542.9,2608.116,2026-07-23 01:59:59.999000+00:00,196864476.8,56935,1409.016,106356474.8,0
2026-07-23 02:00:00+00:00,75543.0,75633.7,75530.0,75599.1,1799.29,2026-07-23 02:59:59.999000+00:00,136003833.7,40172,989.564,74798139.68,0
2026-07-23 03:00:00+00:00,75599.0,75620.0,75475.3,75506.0,1814.964,2026-07-23 03:59:59.999000+00:00,137096462.7,36798,611.725,46210824.62,0
2026-07-23 04:00:00+00:00,75505.9,75527.9,75435.0,75448.0,1899.022,2026-07-23 04:59:59.999000+00:00,143322263.6,38071,686.65,51824367.38,0
2026-07-23 05:00:00+00:00,75448.0,75463.4,75350.0,75368.0,2208.532,2026-07-23 05:59:59.999000+00:00,166543595.5,38793,914.356,68946934.68,0
2026-07-23 06:00:00+00:00,75368.0,75407.8,74203.6,74573.1,25592.607,2026-07-23 06:59:59.999000+00:00,1913026960.0,360595,11605.711,867491200.9,0
2026-07-23 07:00:00+00:00,74573.2,74718.7,74307.0,74655.0,12107.617,2026-07-23 07:59:59.999000+00:00,902760987.3,200703,6993.984,521544764.1,0
2026-07-23 08:00:00+00:00,74655.0,74740.4,74591.4,74630.2,3579.382,2026-07-23 08:59:59.999000+00:00,267270388.4,65762,1867.869,139475377.9,0
2026-07-23 09:00:00+00:00,74630.3,74759.5,74630.3,74687.7,2548.908,2026-07-23 09:59:59.999000+00:00,190432628.4,47668,1117.679,83503958.09,0
2026-07-23 10:00:00+00:00,74687.7,74839.1,74680.6,74763.3,2185.752,2026-07-23 10:59:59.999000+00:00,163452750.3,43302,1222.918,91450982.55,0
2026-07-23 11:00:00+00:00,74763.3,74766.9,74620.9,74726.0,2226.204,2026-07-23 11:59:59.999000+00:00,166292333.7,46859,1027.406,76745680.05,0
2026-07-23 12:00:00+00:00,74726.0,75226.1,74721.0,75180.7,10266.113,2026-07-23 12:59:59.999000+00:00,770270403.7,166175,5417.884,406508689.6,0
2026-07-23 13:00:00+00:00,75180.8,75670.8,75065.9,75500.4,10950.928,2026-07-23 13:59:59.999000+00:00,825433017.0,158620,6852.791,516519345.3,0
2026-07-23 14:00:00+00:00,75500.5,75641.4,75363.3,75486.9,5790.604,2026-07-23 14:59:59.999000+00:00,437172800.8,112284,2491.466,188098489.3,0
2026-07-23 15:00:00+00:00,75487.0,75606.6,75372.1,75406.4,3515.661,2026-07-23 15:59:59.999000+00:00,265349476.2,81658,1672.278,126233793.5,0
2026-07-23 16:00:00+00:00,75406.6,75494.0,75333.3,75457.1,2207.582,2026-07-23 16:59:59.999000+00:00,166510638.7,61402,1164.258,87818564.03,0
2026-07-23 17:00:00+00:00,75457.1,75985.3,75429.5,75812.4,6282.486,2026-07-23 17:59:59.999000+00:00,476026054.7,153514,3776.512,286152964.8,0
2026-07-23 18:00:00+00:00,75812.4,76000.2,75737.7,75949.5,3412.532,2026-07-23 18:59:59.999000+00:00,259006000.7,80512,2229.452,169238528.8,0
2026-07-23 19:00:00+00:00,75949.5,77284.2,75913.9,77246.9,20428.29,2026-07-23 19:59:59.999000+00:00,1564502585.0,423451,11748.292,899600611.9,0
2026-07-23 20:00:00+00:00,77246.9,77427.0,76505.7,76778.0,11701.129,2026-07-23 20:59:59.999000+00:00,900048086.6,291167,5449.563,419161477.7,0
2026-07-23 21:00:00+00:00,76778.0,76864.1,76362.9,76553.0,5535.193,2026-07-23 21:59:59.999000+00:00,423770675.3,125909,2670.536,204452629.8,0
2026-07-23 22:00:00+00:00,76553.0,76799.0,76501.1,76715.2,4137.729,2026-07-23 22:59:59.999000+00:00,317239631.7,101629,2661.703,204067582.1,0
2026-07-23 23:00:00+00:00,76715.3,76920.4,76596.9,76812.5,3293.468,2026-07-23 23:59:59.999000+00:00,252839203.0,82493,1816.887,139494776.8,0
2026-07-24 00:00:00+00:00,76812.6,76899.7,76720.8,76855.9,2375.273,2026-07-24 00:59:59.999000+00:00,182458318.3,67259,1151.044,88423628.52,0
2026-07-24 01:00:00+00:00,76855.9,76936.0,76665.5,76790.0,2239.859,2026-07-24 01:59:59.999000+00:00,172006490.0,58611,1060.6,81451576.73,0
2026-07-24 02:00:00+00:00,76790.1,76983.1,76672.3,76702.8,2969.001,2026-07-24 02:59:59.999000+00:00,228088542.2,67946,1249.498,96014757.16,0
2026-07-24 03:00:00+00:00,76702.8,76823.9,76685.1,76748.0,1681.603,2026-07-24 03:59:59.999000+00:00,129066422.1,46660,891.299,68413347.99,0
2026-07-24 04:00:00+00:00,76747.9,76831.2,76611.0,76780.4,2226.391,2026-07-24 04:59:59.999000+00:00,170762905.3,49308,1059.253,81247491.25,0
2026-07-24 05:00:00+00:00,76780.3,77040.0,76684.4,76956.1,2788.319,2026-07-24 05:59:59.999000+00:00,214323297.7,66915,1605.832,123431876.8,0
2026-07-24 06:00:00+00:00,76956.0,76985.7,76749.9,76771.3,2471.327,2026-07-24 06:59:59.999000+00:00,189863732.1,55891,1259.353,96743624.44,0
2026-07-24 07:00:00+00:00,76771.4,76824.0,76691.4,76800.7,2179.17,2026-07-24 07:59:59.999000+00:00,167251163.5,37918,1227.062,94174292.85,0
2026-07-24 08:00:00+00:00,76800.7,77025.6,76784.3,76991.8,2496.026,2026-07-24 08:59:59.999000+00:00,191992086.0,58739,1456.023,112000646.6,0
2026-07-24 09:00:00+00:00,76991.8,77600.0,76888.0,77163.4,9533.591,2026-07-24 09:59:59.999000+00:00,736522799.9,171429,6235.039,481817987.4,0
2026-07-24 10:00:00+00:00,77163.3,77327.7,77150.0,77289.5,3013.851,2026-07-24 10:59:59.999000+00:00,232835410.5,84402,1459.492,112755095.4,0
2026-07-24 11:00:00+00:00,77289.5,77294.4,77005.4,77077.9,3308.068,2026-07-24 11:59:59.999000+00:00,255001018.9,79569,1316.855,101509658.8,0
2026-07-24 12:00:00+00:00,77077.9,77094.9,76650.0,76765.0,5478.682,2026-07-24 12:59:59.999000+00:00,421190969.7,110091,2337.912,179737016.0,0
2026-07-24 13:00:00+00:00,76764.9,76811.0,76159.7,76428.2,12558.112,2026-07-24 13:59:59.999000+00:00,959902322.9,263291,5725.448,437692150.6,0
2026-07-24 14:00:00+00:00,76428.1,76514.1,76317.8,76343.7,2743.36,2026-07-24 14:59:59.999000+00:00,209653593.8,72670,1379.4,105425867.2,0
2026-07-24 15:00:00+00:00,76343.8,76722.2,76343.7,76645.1,4555.406,2026-07-24 15:59:59.999000+00:00,348782701.3,110038,2584.819,197906733.7,0
2026-07-24 16:00:00+00:00,76645.1,76777.0,76531.8,76661.6,1846.578,2026-07-24 16:59:59.999000+00:00,141546637.3,67758,1025.778,78638360.37,0
2026-07-24 17:00:00+00:00,76661.6,76763.0,76554.1,76632.4,1585.016,2026-07-24 17:59:59.999000+00:00,121495541.9,53434,769.683,59003168.84,0
2026-07-24 18:00:00+00:00,76632.5,76753.3,76574.8,76738.5,1120.609,2026-07-24 18:59:59.999000+00:00,85916327.22,43834,709.609,54401570.15,0
2026-07-24 19:00:00+00:00,76738.5,76768.4,76567.2,76639.1,1796.01,2026-07-24 19:59:59.999000+00:00,137671072.7,67825,839.651,64365412.56,0
2026-07-24 20:00:00+00:00,76639.1,76718.2,76056.0,76106.0,6222.431,2026-07-24 20:59:59.999000+00:00,474423189.3,134253,2574.637,196291201.4,0
2026-07-24 21:00:00+00:00,76105.9,76983.8,76086.3,76771.2,8877.384,2026-07-24 21:59:59.999000+00:00,680916107.1,247101,5034.543,386143160.5,0
2026-07-24 22:00:00+00:00,76771.2,77193.4,76771.1,77030.3,3774.742,2026-07-24 22:59:59.999000+00:00,290674588.5,136703,2181.745,168010171.4,0
2026-07-24 23:00:00+00:00,77030.3,77253.9,77030.3,77120.0,3113.027,2026-07-24 23:59:59.999000+00:00,240135763.8,124012,1499.213,115652565.6,0
2026-07-25 00:00:00+00:00,77119.9,77213.2,76871.4,76905.6,3940.46,2026-07-25 00:59:59.999000+00:00,303688248.2,112090,1853.879,142881701.8,0
2026-07-25 01:00:00+00:00,76905.5,77450.6,76905.5,77064.1,5679.911,2026-07-25 01:59:59.999000+00:00,438580588.8,137161,3258.259,251632671.2,0
2026-07-25 02:00:00+00:00,77064.2,77127.7,76951.7,76989.0,1915.903,2026-07-25 02:59:59.999000+00:00,147603097.6,68708,887.404,68370640.04,0
2026-07-25 03:00:00+00:00,76989.0,77418.1,76950.0,77357.0,3207.912,2026-07-25 03:59:59.999000+00:00,247671365.7,77710,1852.349,143022998.6,0
2026-07-25 04:00:00+00:00,77357.1,77469.3,77285.7,77370.0,3238.872,2026-07-25 04:59:59.999000+00:00,250631381.5,81727,1663.176,128706352.4,0
2026-07-25 05:00:00+00:00,77369.9,77677.6,77182.4,77386.1,5357.844,2026-07-25 05:59:59.999000+00:00,414748943.9,122220,3039.512,235360125.7,0
2026-07-25 06:00:00+00:00,77386.1,77486.3,77135.8,77377.0,2779.619,2026-07-25 06:59:59.999000+00:00,214816327.0,85621,1488.641,115044787.9,0
2026-07-25 07:00:00+00:00,77376.9,77433.0,77241.7,77422.3,2571.397,2026-07-25 07:59:59.999000+00:00,198862907.7,50889,1596.186,123448789.9,0
2026-07-25 08:00:00+00:00,77422.3,77699.0,77383.0,77565.0,5700.73,2026-07-25 08:59:59.999000+00:00,442053759.4,89271,3528.795,273628259.0,0
2026-07-25 09:00:00+00:00,77565.1,77650.0,77448.4,77500.0,2914.677,2026-07-25 09:59:59.999000+00:00,225993883.2,55272,1509.911,117070172.0,0
2026-07-25 10:00:00+00:00,77500.0,77500.1,77281.1,77318.2,2454.081,2026-07-25 10:59:59.999000+00:00,189930533.7,58745,1033.528,79996433.94,0
2026-07-25 11:00:00+00:00,77318.2,77405.8,77244.8,77325.7,2554.033,2026-07-25 11:59:59.999000+00:00,197484600.4,64908,1222.907,94566460.15,0
2026-07-25 12:00:00+00:00,77325.7,77419.2,77244.8,77302.1,2190.977,2026-07-25 12:59:59.999000+00:00,169376543.0,56727,915.33,70764615.76,0
2026-07-25 13:00:00+00:00,77302.0,77743.4,77273.2,77676.4,5263.778,2026-07-25 13:59:59.999000+00:00,408248081.9,112834,2927.414,227036533.5,0
2026-07-25 14:00:00+00:00,77676.4,77887.9,77515.5,77587.2,5225.847,2026-07-25 14:59:59.999000+00:00,405944209.7,125858,2567.494,199509567.7,0
2026-07-25 15:00:00+00:00,77587.2,77784.9,77471.5,77694.5,2952.467,2026-07-25 15:59:59.999000+00:00,229099256.8,72667,1258.422,97656130.96,0
2026-07-25 16:00:00+00:00,77694.5,77770.0,77511.1,77523.2,2774.683,2026-07-25 16:59:59.999000+00:00,215388908.1,63289,1354.208,105132210.2,0
2026-07-25 17:00:00+00:00,77523.3,77629.8,77502.9,77511.7,1224.041,2026-07-25 17:59:59.999000+00:00,94952627.19,34484,612.196,47490943.02,0
2026-07-25 18:00:00+00:00,77511.7,77515.8,77313.0,77403.3,2057.725,2026-07-25 18:59:59.999000+00:00,159297909.7,57119,817.052,63251946.72,0
2026-07-25 19:00:00+00:00,77403.4,77472.0,77172.0,77243.7,2621.954,2026-07-25 19:59:59.999000+00:00,202661246.5,66164,1088.282,84135091.24,0
2026-07-25 20:00:00+00:00,77243.7,77366.7,77240.5,77340.8,1674.347,2026-07-25 20:59:59.999000+00:00,129429026.3,44382,887.525,68608224.08,0
2026-07-25 21:00:00+00:00,77340.9,77430.0,77011.3,77084.7,3533.606,2026-07-25 21:59:59.999000+00:00,272738711.5,109209,1766.285,136344727.7,0
2026-07-25 22:00:00+00:00,77084.7,77338.0,77040.2,77281.5,1760.517,2026-07-25 22:59:59.999000+00:00,135980136.8,59938,993.572,76742596.95,0
2026-07-25 23:00:00+00:00,77281.5,77319.6,76532.1,76750.1,7837.287,2026-07-25 23:59:59.999000+00:00,602564402.7,171397,3196.082,245695743.0,0
2026-07-26 00:00:00+00:00,76750.1,76879.2,76550.0,76717.8,4014.825,2026-07-26 00:59:59.999000+00:00,307929798.5,124316,2101.83,161220409.9,0
2026-07-26 01:00:00+00:00,76717.8,76790.0,76472.6,76630.7,3663.677,2026-07-26 01:59:59.999000+00:00,280772047.1,99720,1805.458,138366743.5,0
2026-07-26 02:00:00+00:00,76630.8,76685.0,76434.0,76629.0,2990.608,2026-07-26 02:59:59.999000+00:00,229011210.4,73380,1538.894,117856350.5,0
2026-07-26 03:00:00+00:00,76629.0,76784.4,76569.8,76713.9,2832.751,2026-07-26 03:59:59.999000+00:00,217188543.3,57468,1702.141,130506408.4,0
2026-07-26 04:00:00+00:00,76713.9,76950.0,76668.2,76887.3,2859.933,2026-07-26 04:59:59.999000+00:00,219737384.9,58061,1606.673,123451119.0,0
2026-07-26 05:00:00+00:00,76887.4,77045.9,76735.2,76869.8,3362.296,2026-07-26 05:59:59.999000+00:00,258473352.2,71578,1531.564,117756227.9,0
2026-07-26 06:00:00+00:00,76869.9,76886.6,76556.9,76685.1,3492.107,2026-07-26 06:59:59.999000+00:00,267693200.9,79328,1549.528,118773346.4,0
2026-07-26 07:00:00+00:00,76685.0,76819.7,76652.4,76687.9,1834.031,2026-07-26 07:59:59.999000+00:00,140738705.5,52882,851.969,65381385.89,0
2026-07-26 08:00:00+00:00,76687.8,76779.2,76606.0,76641.0,2007.84,2026-07-26 08:59:59.999000+00:00,153942715.5,56328,935.447,71727782.45,0
2026-07-26 09:00:00+00:00,76640.9,77600.0,76543.8,77398.6,12291.589,2026-07-26 09:59:59.999000+00:00,949258570.2,254860,6953.001,536888442.7,0
2026-07-26 10:00:00+00:00,77398.7,77477.7,77136.2,77153.9,4704.8,2026-07-26 10:59:59.999000+00:00,363506043.5,114202,1989.338,153698263.1,0
2026-07-26 11:00:00+00:00,77153.8,77200.0,76847.8,77098.9,5875.831,2026-07-26 11:59:59.999000+00:00,452499281.2,127325,2634.43,202862943.5,0
2026-07-26 12:00:00+00:00,77098.9,77432.6,76641.7,77199.2,10219.396,2026-07-26 12:59:59.999000+00:00,786770277.2,242824,4947.94,380974701.7,0
2026-07-26 13:00:00+00:00,77199.2,78077.1,76682.3,76873.6,32872.397,2026-07-26 13:59:59.999000+00:00,2543044415.0,562861,17196.874,1330573884.0,0
2026-07-26 14:00:00+00:00,76873.6,76983.4,76234.7,76478.2,17760.011,2026-07-26 14:59:59.999000+00:00,1358892413.0,371054,8031.342,614533156.0,0
2026-07-26 15:00:00+00:00,76478.2,76678.7,76171.0,76534.6,8964.023,2026-07-26 15:59:59.999000+00:00,685357067.5,218053,4521.241,345708831.0,0
2026-07-26 16:00:00+00:00,76534.7,76624.9,75809.5,75909.6,15095.075,2026-07-26 16:59:59.999000+00:00,1147938698.0,308821,7181.066,546128394.7,0
2026-07-26 17:00:00+00:00,75909.6,76296.7,75711.0,75822.6,7810.546,2026-07-26 17:59:59.999000+00:00,593517407.8,204142,4182.471,317936273.2,0
2026-07-26 18:00:00+00:00,75822.6,76080.0,75782.0,76028.3,3462.471,2026-07-26 18:59:59.999000+00:00,262880489.0,118249,1944.827,147656108.4,0
2026-07-26 19:00:00+00:00,76028.4,76157.8,75960.2,76082.0,2352.054,2026-07-26 19:59:59.999000+00:00,178884624.4,75354,1114.611,84772297.86,0
2026-07-26 20:00:00+00:00,76081.9,76092.3,75822.6,75864.0,1938.109,2026-07-26 20:59:59.999000+00:00,147185775.6,50842,810.957,61591934.45,0
2026-07-26 21:00:00+00:00,75864.0,75975.6,75641.2,75729.6,4011.581,2026-07-26 21:59:59.999000+00:00,303899392.2,106207,2053.932,155606789.2,0
2026-07-26 22:00:00+00:00,75729.7,75962.0,75729.7,75905.5,2666.844,2026-07-26 22:59:59.999000+00:00,202370473.9,66398,1416.691,107500103.4,0
2026-07-26 23:00:00+00:00,75905.6,76069.0,75854.9,76055.3,3043.727,2026-07-26 23:59:59.999000+00:00,231188781.9,80295,1729.917,131404533.1,0
2026-07-27 00:00:00+00:00,76055.3,76083.9,75794.9,75846.6,2849.437,2026-07-27 00:59:59.999000+00:00,216323943.7,83434,1260.499,95684831.72,0
2026-07-27 01:00:00+00:00,75846.6,75868.1,75654.8,75850.9,2802.311,2026-07-27 01:59:59.999000+00:00,212275781.7,85611,1468.0,111203044.1,0
2026-07-27 02:00:00+00:00,75850.9,75940.0,75555.1,75635.6,3565.669,2026-07-27 02:59:59.999000+00:00,270084215.1,88708,1574.667,119293798.1,0
2026-07-27 03:00:00+00:00,75635.6,75680.1,75277.8,75542.9,8840.36,2026-07-27 03:59:59.999000+00:00,666929065.3,144318,3879.927,292682649.0,0
2026-07-27 04:00:00+00:00,75543.0,75708.6,75539.9,75676.4,3364.243,2026-07-27 04:59:59.999000+00:00,254405237.9,80751,1856.843,140415673.1,0
2026-07-27 05:00:00+00:00,75676.4,75864.4,75649.1,75800.0,2659.38,2026-07-27 05:59:59.999000+00:00,201453344.9,72817,1413.207,107061243.2,0
2026-07-27 06:00:00+00:00,75800.0,75940.0,75721.4,75935.0,3278.243,2026-07-27 06:59:59.999000+00:00,248684775.7,69737,1761.124,133598590.3,0
2026-07-27 07:00:00+00:00,75935.0,76038.0,75800.0,75838.4,3812.843,2026-07-27 07:59:59.999000+00:00,289514994.0,75063,1811.898,137586093.2,0
2026-07-27 08:00:00+00:00,75838.5,75943.7,75666.0,75875.6,3099.093,2026-07-27 08:59:59.999000+00:00,234901790.8,73634,1530.856,116051189.1,0
2026-07-27 09:00:00+00:00,75875.7,76010.2,75835.0,75863.7,2498.476,2026-07-27 09:59:59.999000+00:00,189654795.9,62062,1128.542,85672520.24,0
2026-07-27 10:00:00+00:00,75863.8,75992.2,75723.6,75737.9,2781.79,2026-07-27 10:59:59.999000+00:00,211016127.6,68553,1284.57,97442982.71,0
2026-07-27 11:00:00+00:00,75737.9,76155.5,75541.0,75655.0,8053.742,2026-07-27 11:59:59.999000+00:00,610595577.6,201610,3791.935,287518551.6,0
2026-07-27 12:00:00+00:00,75654.9,75735.6,74835.0,75054.3,20743.151,2026-07-27 12:59:59.999000+00:00,1558579130.0,444355,10100.017,758606137.2,0
2026-07-27 13:00:00+00:00,75054.3,75250.0,74735.7,75000.7,13749.777,2026-07-27 13:59:59.999000+00:00,1031232177.0,330502,6488.053,486664613.2,0
2026-07-27 14:00:00+00:00,75000.7,75485.9,74950.1,75300.0,8717.531,2026-07-27 14:59:59.999000+00:00,656065471.6,226008,4660.979,350795202.1,0
2026-07-27 15:00:00+00:00,75300.0,75382.6,74961.0,75273.9,5753.912,2026-07-27 15:59:59.999000+00:00,432330394.3,150314,2917.603,219206949.5,0
2026-07-27 16:00:00+00:00,75273.9,75316.8,74645.0,74838.2,8594.176,2026-07-27 16:59:59.999000+00:00,644187660.6,206885,3833.593,287364247.5,0
2026-07-27 17:00:00+00:00,74838.2,75007.9,74632.0,75000.0,4699.102,2026-07-27 17:59:59.999000+00:00,351700935.7,142892,2280.981,170748150.3,0
2026-07-27 18:00:00+00:00,75000.0,75077.6,74920.0,75039.9,3599.445,2026-07-27 18:59:59.999000+00:00,269988773.6,89987,1620.087,121524825.7,0
2026-07-27 19:00:00+00:00,75039.8,75391.0,75022.4,75237.6,3476.208,2026-07-27 19:59:59.999000+00:00,261520707.6,84388,1746.809,131408693.0,0
2026-07-27 20:00:00+00:00,75237.6,75237.6,74300.1,74439.9,10168.63,2026-07-27 20:59:59.999000+00:00,758269333.6,220408,3592.841,267928016.8,0
2026-07-27 21:00:00+00:00,74440.0,74742.7,74218.2,74390.0,8980.344,2026-07-27 21:59:59.999000+00:00,668716887.8,231411,4218.307,314263548.2,0
2026-07-27 22:00:00+00:00,74389.9,74545.8,74210.0,74418.1,5583.871,2026-07-27 22:59:59.999000+00:00,415162027.4,135017,2930.327,217903590.9,0
2026-07-27 23:00:00+00:00,74418.0,74555.5,74336.7,74541.6,3138.599,2026-07-27 23:59:59.999000+00:00,233757307.9,106993,1681.381,125226194.3,0
2026-07-28 00:00:00+00:00,74541.7,74565.3,74100.0,74313.0,5741.343,2026-07-28 00:59:59.999000+00:00,426534903.5,172747,2436.175,181044425.9,0
2026-07-28 01:00:00+00:00,74313.0,74373.6,74081.9,74256.6,3652.024,2026-07-28 01:59:59.999000+00:00,271087824.2,111871,1848.057,137186745.9,0
2026-07-28 02:00:00+00:00,74256.6,74355.6,73036.0,73224.5,31055.812,2026-07-28 02:59:59.999000+00:00,2283801704.0,488866,13039.157,958577836.8,0
2026-07-28 03:00:00+00:00,73224.4,73240.0,72667.9,73145.1,15398.619,2026-07-28 03:59:59.999000+00:00,1124083936.0,324845,7312.374,533901342.8,0
2026-07-28 04:00:00+00:00,73145.1,73145.1,72872.5,72959.9,5389.586,2026-07-28 04:59:59.999000+00:00,393347438.6,132565,2734.378,199560467.1,0
2026-07-28 05:00:00+00:00,72960.0,73182.2,72729.2,73170.9,7675.794,2026-07-28 05:59:59.999000+00:00,560229213.9,135124,4156.249,303347883.3,0
2026-07-28 06:00:00+00:00,73171.0,73485.0,73113.2,73467.0,6114.88,2026-07-28 06:59:59.999000+00:00,448213810.6,123446,3657.701,268107320.4,0
2026-07-28 07:00:00+00:00,73467.0,73474.8,73167.4,73294.0,3701.156,2026-07-28 07:59:59.999000+00:00,271295351.0,97549,1753.403,128530443.4,0
2026-07-28 08:00:00+00:00,73293.9,73535.7,73230.0,73514.1,3180.086,2026-07-28 08:59:59.999000+00:00,233468258.5,79886,1693.166,124307684.6,0
2026-07-28 09:00:00+00:00,73514.0,73592.1,73316.5,73375.2,4263.274,2026-07-28 09:59:59.999000+00:00,313179175.4,107122,1761.868,129424081.1,0
2026-07-28 10:00:00+00:00,73375.3,73510.0,73280.7,73479.1,2762.54,2026-07-28 10:59:59.999000+00:00,202732232.0,94824,1333.762,97885203.0,0
2026-07-28 11:00:00+00:00,73479.0,73555.0,73221.6,73496.5,4128.714,2026-07-28 11:59:59.999000+00:00,303104478.6,116070,1955.284,143549879.9,0
2026-07-28 12:00:00+00:00,73496.4,73549.9,72739.2,72988.5,13507.443,2026-07-28 12:59:59.999000+00:00,986093938.1,277783,6626.813,483718201.9,0
2026-07-28 13:00:00+00:00,72988.5,73557.3,72556.0,72997.5,27209.387,2026-07-28 13:59:59.999000+00:00,1986551417.0,512136,15034.096,1097848836.0,0
2026-07-28 14:00:00+00:00,72997.4,73155.4,72662.2,72899.1,6242.022,2026-07-28 14:59:59.999000+00:00,455002164.6,191292,2959.387,215751169.4,0
2026-07-28 15:00:00+00:00,72899.0,73415.0,72704.0,73415.0,7672.331,2026-07-28 15:59:59.999000+00:00,561254532.8,202304,4079.937,298469645.2,0
2026-07-28 16:00:00+00:00,73414.9,73722.5,73280.0,73518.2,7308.713,2026-07-28 16:59:59.999000+00:00,537027718.3,158809,3971.366,291846189.2,0
2026-07-28 17:00:00+00:00,73518.2,73723.0,73474.9,73626.4,3740.6,2026-07-28 17:59:59.999000+00:00,275327902.3,102204,1750.008,128809139.7,0
2026-07-28 18:00:00+00:00,73626.4,73626.5,73336.0,73393.5,3831.301,2026-07-28 18:59:59.999000+00:00,281390103.9,97046,1558.263,114448921.2,0
2026-07-28 19:00:00+00:00,73393.4,73698.6,73212.3,73553.5,4473.723,2026-07-28 19:59:59.999000+00:00,328798970.7,104696,2142.906,157489971.7,0
2026-07-28 20:00:00+00:00,73553.5,73900.0,73535.0,73796.3,3755.034,2026-07-28 20:59:59.999000+00:00,276940400.8,85088,2420.608,178525888.1,0
2026-07-28 21:00:00+00:00,73796.3,73932.2,73423.4,73448.7,3684.541,2026-07-28 21:59:59.999000+00:00,271333916.6,86293,1786.111,131556782.6,0
2026-07-28 22:00:00+00:00,73448.7,73695.0,73448.7,73591.4,1818.155,2026-07-28 22:59:59.999000+00:00,133757010.8,53040,992.52,73012989.09,0
2026-07-28 23:00:00+00:00,73591.4,73834.6,73591.4,73693.8,2940.584,2026-07-28 23:59:59.999000+00:00,216835644.0,95929,1418.794,104613647.9,0
2026-07-29 00:00:00+00:00,73693.9,73844.0,73430.5,73558.5,3074.38,2026-07-29 00:59:59.999000+00:00,226306501.1,97791,1549.052,114041706.1,0
2026-07-29 01:00:00+00:00,73558.5,73616.9,73158.8,73201.9,3531.777,2026-07-29 01:59:59.999000+00:00,259131301.2,101384,1265.499,92868239.09,0
2026-07-29 02:00:00+00:00,73201.9,73434.2,73201.9,73269.2,2273.527,2026-07-29 02:59:59.999000+00:00,166701737.3,69814,1137.764,83424723.79,0
2026-07-29 03:00:00+00:00,73269.1,73485.7,73171.8,73466.4,2687.266,2026-07-29 03:59:59.999000+00:00,197008900.0,73253,1496.197,109710866.3,0
2026-07-29 04:00:00+00:00,73466.3,73682.3,73459.1,73663.0,2586.277,2026-07-29 04:59:59.999000+00:00,190247922.6,77703,1500.357,110376842.9,0
2026-07-29 05:00:00+00:00,73663.0,73908.6,73599.6,73752.5,3791.082,2026-07-29 05:59:59.999000+00:00,279518815.1,83812,2041.881,150555929.6,0
2026-07-29 06:00:00+00:00,73752.5,73797.3,73333.0,73488.0,6589.026,2026-07-29 06:59:59.999000+00:00,484350064.8,107709,3100.559,227884486.2,0
2026-07-29 07:00:00+00:00,73488.1,73799.8,73480.1,73625.2,3720.672,2026-07-29 07:59:59.999000+00:00,274202239.5,94355,1835.168,135243507.8,0
2026-07-29 08:00:00+00:00,73625.1,73866.8,73615.0,73707.8,3377.656,2026-07-29 08:59:59.999000+00:00,249224093.2,70621,1809.415,133512892.7,0
2026-07-29 09:00:00+00:00,73707.8,73709.3,73556.1,73601.9,2012.414,2026-07-29 09:59:59.999000+00:00,148175051.3,54808,980.194,72170498.77,0
2026-07-29 10:00:00+00:00,73601.9,73662.3,73305.1,73447.6,2660.912,2026-07-29 10:59:59.999000+00:00,195517683.0,71058,1113.951,81857737.94,0
2026-07-29 11:00:00+00:00,73447.5,73447.5,73166.0,73260.0,4671.173,2026-07-29 11:59:59.999000+00:00,342334319.8,107220,2079.186,152391669.9,0
2026-07-29 12:00:00+00:00,73260.1,73320.0,72866.0,73114.6,10431.33,2026-07-29 12:59:59.999000+00:00,762414903.5,254442,5140.399,375724059.4,0
2026-07-29 13:00:00+00:00,73114.6,73206.8,72436.0,73065.8,17958.003,2026-07-29 13:59:59.999000+00:00,1307495683.0,403921,8678.865,632123576.3,0
2026-07-29 14:00:00+00:00,73065.8,74177.0,72970.1,73775.4,26414.41,2026-07-29 14:59:59.999000+00:00,1947563004.0,499075,13120.804,967391977.6,0
2026-07-29 15:00:00+00:00,73775.4,74124.0,73528.5,74022.0,10671.356,2026-07-29 15:59:59.999000+00:00,788352114.6,248874,5619.221,415157712.0,0
2026-07-29 16:00:00+00:00,74022.1,74293.1,73876.1,73954.3,9236.416,2026-07-29 16:59:59.999000+00:00,684821990.8,206256,4434.584,328822719.0,0
2026-07-29 17:00:00+00:00,73954.7,74040.3,73057.8,73343.0,11357.399,2026-07-29 17:59:59.999000+00:00,835601209.2,212564,4298.232,316323726.0,0
2026-07-29 18:00:00+00:00,73342.9,73693.6,73207.3,73489.0,5063.897,2026-07-29 18:59:59.999000+00:00,371979183.6,139779,2810.77,206484064.4,0
2026-07-29 19:00:00+00:00,73489.0,73735.2,73474.2,73644.9,2733.462,2026-07-29 19:59:59.999000+00:00,201294350.4,73189,1428.277,105171733.0,0
2026-07-29 20:00:00+00:00,73644.9,73829.2,73369.9,73385.3,2960.778,2026-07-29 20:59:59.999000+00:00,217802379.9,69261,1126.958,82917210.39,0
2026-07-29 21:00:00+00:00,73385.2,73537.6,73344.6,73446.5,2819.48,2026-07-29 21:59:59.999000+00:00,207041712.8,59011,1444.594,106068682.1,0
2026-07-29 22:00:00+00:00,73446.5,73478.3,73279.3,73428.2,2593.905,2026-07-29 22:59:59.999000+00:00,190318458.6,58770,1303.56,95644450.7,0
2026-07-29 23:00:00+00:00,73428.2,73545.3,73367.3,73463.3,2044.48,2026-07-29 23:59:59.999000+00:00,150207890.7,55727,1031.035,75750214.32,0
2026-07-30 00:00:00+00:00,73463.3,73625.9,73430.9,73623.6,1904.226,2026-07-30 00:59:59.999000+00:00,140083688.1,51024,1046.005,76942879.8,0
2026-07-30 01:00:00+00:00,73623.6,73747.6,73575.0,73747.4,1656.896,2026-07-30 01:59:59.999000+00:00,122056960.5,42307,902.045,66454251.36,0
2026-07-30 02:00:00+00:00,73747.4,73757.9,73485.0,73492.4,2342.889,2026-07-30 02:59:59.999000+00:00,172482545.0,51623,958.582,70555805.51,0
2026-07-30 03:00:00+00:00,73492.4,73549.7,73130.1,73365.9,5392.981,2026-07-30 03:59:59.999000+00:00,395397299.9,104269,2649.183,194241263.6,0
2026-07-30 04:00:00+00:00,73365.9,73671.2,73309.4,73567.5,3787.971,2026-07-30 04:59:59.999000+00:00,278406626.8,68152,2716.201,199629864.6,0
2026-07-30 05:00:00+00:00,73567.5,73685.0,73492.0,73550.7,1817.693,2026-07-30 05:59:59.999000+00:00,133736830.9,48408,872.04,64166273.99,0
2026-07-30 06:00:00+00:00,73550.7,73555.0,73448.4,73513.9,1146.127,2026-07-30 06:59:59.999000+00:00,84240935.87,32704,489.838,36003346.97,0
2026-07-30 07:00:00+00:00,73514.0,73527.7,73471.0,73491.6,936.345,2026-07-30 07:59:59.999000+00:00,68820341.73,24597,489.951,36010483.48,0
2026-07-30 08:00:00+00:00,73491.7,73590.3,73470.5,73576.8,1025.741,2026-07-30 08:59:59.999000+00:00,75421240.61,26301,639.889,47051248.21,0
2026-07-30 09:00:00+00:00,73576.8,73648.0,73558.0,73615.4,1539.798,2026-07-30 09:59:59.999000+00:00,113338178.6,35179,699.984,51523000.67,0
2026-07-30 10:00:00+00:00,73615.4,73619.8,73529.1,73567.9,983.089,2026-07-30 10:59:59.999000+00:00,72329456.92,27514,455.169,33488616.51,0
2026-07-30 11:00:00+00:00,73568.0,73697.2,73556.4,73661.5,1208.698,2026-07-30 11:59:59.999000+00:00,88991550.91,29868,641.868,47258234.94,0
2026-07-30 12:00:00+00:00,73661.5,73814.2,73638.2,73805.0,3299.249,2026-07-30 12:59:59.999000+00:00,243294252.6,56728,2009.124,148164334.1,0
2026-07-30 13:00:00+00:00,73804.9,74078.6,73783.5,73901.0,6239.784,2026-07-30 13:59:59.999000+00:00,461417243.9,117376,3698.067,273455907.2,0
2026-07-30 14:00:00+00:00,73901.0,74011.2,73803.1,73888.0,2752.922,2026-07-30 14:59:59.999000+00:00,203401947.5,64438,1451.163,107225516.6,0
2026-07-30 15:00:00+00:00,73888.0,73949.4,73844.3,73899.9,1681.044,2026-07-30 15:59:59.999000+00:00,124231395.5,38852,992.325,73336698.25,0
2026-07-30 16:00:00+00:00,73900.0,73989.9,73772.5,73982.0,2549.851,2026-07-30 16:59:59.999000+00:00,188417502.8,53828,1288.745,95235859.22,0
2026-07-30 17:00:00+00:00,73982.0,74108.8,73899.0,74007.5,2577.946,2026-07-30 17:59:59.999000+00:00,190792492.7,53881,1329.92,98436811.66,0
2026-07-30 18:00:00+00:00,74007.5,74045.0,73934.9,73980.1,1515.724,2026-07-30 18:59:59.999000+00:00,112155378.7,31307,575.319,42568423.53,0
2026-07-30 19:00:00+00:00,73980.0,73986.2,73888.5,73944.5,1402.262,2026-07-30 19:59:59.999000+00:00,103658924.7,32194,694.926,51369710.65,0
2026-07-30 20:00:00+00:00,73944.4,74028.3,73888.1,73954.8,1396.51,2026-07-30 20:59:59.999000+00:00,103266628.3,33491,747.436,55269218.98,0
2026-07-30 21:00:00+00:00,73954.8,73954.8,73755.6,73849.8,1581.454,2026-07-30 21:59:59.999000+00:00,116765067.7,47586,726.369,53625828.67,0
2026-07-30 22:00:00+00:00,73849.8,73971.5,73750.0,73856.8,1760.006,2026-07-30 22:59:59.999000+00:00,129984221.5,43001,906.112,66907266.04,0
2026-07-30 23:00:00+00:00,73856.9,74013.8,73821.4,74003.7,1656.714,2026-07-30 23:59:59.999000+00:00,122475604.8,47729,933.072,68976523.78,0
2026-07-31 00:00:00+00:00,74003.7,74250.0,73991.1,74021.1,3923.269,2026-07-31 00:59:59.999000+00:00,290804096.1,88209,2136.305,158364831.8,0
2026-07-31 01:00:00+00:00,74021.2,74211.4,73839.0,74060.9,3386.507,2026-07-31 01:59:59.999000+00:00,250614973.0,88774,1352.168,100085865.6,0
2026-07-31 02:00:00+00:00,74061.0,74200.0,74030.7,74107.6,1568.561,2026-07-31 02:59:59.999000+00:00,116261643.0,47478,825.286,61170973.78,0
2026-07-31 03:00:00+00:00,74107.5,74194.6,74061.8,74144.3,1527.358,2026-07-31 03:59:59.999000+00:00,113245181.7,37190,613.427,45481513.37,0
2026-07-31 04:00:00+00:00,74144.3,74180.1,74018.1,74027.9,1185.69,2026-07-31 04:59:59.999000+00:00,87858156.11,35009,522.035,38683656.7,0
2026-07-31 05:00:00+00:00,74027.8,74077.5,73958.1,74020.0,1375.184,2026-07-31 05:59:59.999000+00:00,101768563.5,32866,738.725,54668861.9,0
2026-07-31 06:00:00+00:00,74020.1,74020.1,73793.2,73833.3,2630.692,2026-07-31 06:59:59.999000+00:00,194356395.2,53905,1186.508,87656423.89,0
2026-07-31 07:00:00+00:00,73833.2,73952.9,73816.8,73913.4,2101.272,2026-07-31 07:59:59.999000+00:00,155251261.8,43717,1099.196,81209696.93,0
2026-07-31 08:00:00+00:00,73913.4,73998.9,73779.8,73814.5,1278.977,2026-07-31 08:59:59.999000+00:00,94511767.06,37984,651.991,48188165.65,0
2026-07-31 09:00:00+00:00,73814.6,73875.6,73701.0,73871.5,1881.903,2026-07-31 09:59:59.999000+00:00,138852820.8,48238,849.208,62666491.28,0
2026-07-31 10:00:00+00:00,73871.5,73949.0,73868.4,73913.6,1037.673,2026-07-31 10:59:59.999000+00:00,76687507.51,30495,487.11,35998355.32,0
2026-07-31 11:00:00+00:00,73913.6,73975.1,73841.6,73892.1,1075.096,2026-07-31 11:59:59.999000+00:00,79461827.18,37913,627.602,46388567.52,0
2026-07-31 12:00:00+00:00,73892.2,73997.8,73770.1,73841.0,1208.222,2026-07-31 12:59:59.999000+00:00,89265216.23,37774,518.464,38309840.53,0
2026-07-31 13:00:00+00:00,73841.0,73841.1,73388.0,73570.3,10243.792,2026-07-31 13:59:59.999000+00:00,753924936.9,174160,4548.084,334726525.7,0
2026-07-31 14:00:00+00:00,73570.2,73745.6,73550.2,73613.5,1798.301,2026-07-31 14:59:59.999000+00:00,132422068.7,54158,977.616,71991467.98,0
2026-07-31 15:00:00+00:00,73613.4,73697.3,73340.7,73499.9,3882.979,2026-07-31 15:59:59.999000+00:00,285321035.6,93922,1653.081,121479145.4,0
2026-07-31 16:00:00+00:00,73500.0,73704.0,73431.3,73681.3,1743.969,2026-07-31 16:59:59.999000+00:00,128316052.2,45560,984.14,72413591.69,0
2026-07-31 17:00:00+00:00,73681.3,73681.3,73540.2,73573.8,1074.422,2026-07-31 17:59:59.999000+00:00,79088155.42,35134,496.746,36565495.94,0
2026-07-31 18:00:00+00:00,73573.7,73623.4,73417.2,73521.9,1267.919,2026-07-31 18:59:59.999000+00:00,93208825.51,38743,643.819,47328797.12,0
2026-07-31 19:00:00+00:00,73521.9,73732.7,73521.9,73710.9,1887.159,2026-07-31 19:59:59.999000+00:00,138995694.6,42318,1225.264,90243501.25,0
2026-07-31 20:00:00+00:00,73710.9,73897.6,73590.2,73860.6,2408.604,2026-07-31 20:59:59.999000+00:00,177687668.3,73175,1372.952,101288509.5,0
2026-07-31 21:00:00+00:00,73860.5,73975.0,73645.6,73918.5,2766.503,2026-07-31 21:59:59.999000+00:00,204326478.8,92390,1456.87,107601832.6,0
2026-07-31 22:00:00+00:00,73918.6,74179.9,73470.8,73653.2,5330.693,2026-07-31 22:59:59.999000+00:00,393452281.0,124355,2804.421,207036349.3,0
